type,neuron_count,left_count,right_count,predicted_nt,total_pre,total_post
LC12,498,256,242,acetylcholine,115431,236890
TmY14,477,243,234,acetylcholine|glutamate|unclear,49593,792210
LC17,353,178,175,acetylcholine,117252,557877
LLPC1,285,143,142,acetylcholine,60556,274679
LC10a,275,135,140,acetylcholine,71805,258112
LLPC2,250,125,125,acetylcholine,33711,198637
MeTu1,250,126,124,<unknown>|acetylcholine,42816,193342
LPC1,224,115,109,acetylcholine,40633,135647
LC9,219,104,115,acetylcholine,66141,181680
LLPC3,219,107,112,acetylcholine,33333,171967
LC10d,214,108,106,acetylcholine,46220,187922
LC18,208,104,104,acetylcholine,46101,143125
LPLC2,185,94,91,acetylcholine,59097,363497
LC16,182,88,94,acetylcholine,36970,102025
LC13,177,83,94,acetylcholine,34542,102024
MeTu3c,173,82,91,acetylcholine,24198,120050
LPC2,154,75,79,acetylcholine,20984,97125
LC21,153,75,78,acetylcholine,43535,112290
LC11,143,68,75,acetylcholine,51196,354966
LPLC1,134,68,66,acetylcholine,44170,401281
LC10c-1,130,64,66,acetylcholine,21748,89248
LC15,126,61,65,acetylcholine,33306,119907
LC4,126,71,55,acetylcholine,46241,314772
LC10c-2,125,59,66,acetylcholine,22160,81334
LC6,124,59,65,acetylcholine,26344,91708
MeVP1,122,63,59,acetylcholine,24625,34499
LC10e,110,62,48,acetylcholine|unclear,11014,42841
MeVP6,99,50,49,glutamate,16234,69837
LPLC4,97,48,49,acetylcholine,42845,262294
LC10b,95,47,48,acetylcholine,15122,93063
MeTu4a,95,46,49,acetylcholine,15421,54367
LC24,94,40,54,acetylcholine|glutamate,13151,29891
MeTu4c,87,46,41,acetylcholine,13851,37084
MeTu3b,80,42,38,acetylcholine,13122,79861
LC20b,79,39,40,glutamate,25519,90509
MeVP2,76,40,36,acetylcholine|unclear,8740,31213
LC26,75,38,37,acetylcholine,12217,41183
LC22,73,38,35,acetylcholine,17537,85495
MeTu2a,70,34,36,acetylcholine|unclear,5709,18035
MeVP3,69,34,35,acetylcholine,15296,67701
LC20a,62,32,30,acetylcholine,15484,66472
LC28,62,31,31,acetylcholine,15995,61081
MeVP10,61,28,33,acetylcholine,11705,30902
LC30,57,27,30,acetylcholine|unclear,4140,16692
LC25,56,29,27,glutamate,11331,40959
MeTu4f,56,28,28,acetylcholine,7109,13850
MeVP11,55,25,30,acetylcholine,8522,19644
LoVP1,52,25,27,glutamate,7225,49862
LoVP13,51,27,24,glutamate|unclear,4377,17921
MeTu4e,51,26,25,acetylcholine|unclear,3937,15711
LC27,46,23,23,acetylcholine,6154,20995
LoVP2,44,21,23,glutamate,6186,23849
LoVP12,42,23,19,acetylcholine|unclear,3415,7044
MeTu3a,42,20,22,acetylcholine,7281,26258
aMe5,42,25,17,acetylcholine,8376,24030
LC29,40,21,19,acetylcholine,7448,19986
LPT100,40,21,19,acetylcholine,4850,24089
MeTu4d,40,20,20,acetylcholine,3670,4545
MeVP4,40,18,22,acetylcholine,13468,47420
LC40,34,19,15,acetylcholine,9334,31472
LT52,34,17,17,glutamate,22396,114395
MeVP14,33,16,17,acetylcholine,5627,11756
LC31a,32,16,16,acetylcholine,7686,53333
LC33,32,16,16,glutamate,14494,37619
LC36,32,16,16,acetylcholine,10678,23629
MeTu4b,32,16,16,acetylcholine|unclear,2575,6361
MeTu2b,31,15,16,acetylcholine|unclear,3362,19175
LoVP5,27,15,12,acetylcholine,3984,12442
MeVP12,27,9,18,acetylcholine,6070,11354
MeVP15,24,13,11,acetylcholine|serotonin|unclear,3203,7066
MeVP7,23,11,12,acetylcholine,7140,19595
LT51,22,11,11,glutamate,19833,93375
LoVP6,22,11,11,acetylcholine,6530,18289
LoVP8,22,13,9,acetylcholine|unclear,2524,4561
LoVP7,20,8,12,glutamate,1913,6329
LoVP14,19,10,9,acetylcholine,7619,29443
VS,18,9,9,acetylcholine,5260,190783
MeVP5,17,8,9,acetylcholine|serotonin|unclear,2511,5708
LC37,15,7,8,glutamate,6527,18797
LoVP10,15,6,9,acetylcholine,2969,6022
LC19,14,6,8,acetylcholine,5656,30094
LC43,14,8,6,acetylcholine,2560,6808
MeVP17,14,7,7,glutamate,9558,24632
MeVPLo2,14,7,7,acetylcholine,5013,15492
LC41,13,7,6,acetylcholine,3626,5697
LoVP9,13,7,6,acetylcholine|unclear,1010,2301
LoVP92,13,7,6,acetylcholine,4767,25634
MeVP8,13,7,6,acetylcholine,5287,19991
LoVP18,12,6,6,acetylcholine,6070,32322
LoVP26,12,6,6,acetylcholine,4262,16650
LoVP3,12,6,6,glutamate,1867,3365
LoVP4,12,7,5,acetylcholine,1452,4236
LoVP93,12,6,6,acetylcholine,2852,18513
LoVP_unclear,12,10,2,acetylcholine|glutamate|unclear,1846,6537
MeVP9,12,7,5,acetylcholine,8238,42318
MeVPMe1,12,6,6,glutamate,17877,82593
MeVPMe9,12,6,6,glutamate,4799,4574
LC23,11,5,6,acetylcholine,5914,33350
LPT101,11,5,6,acetylcholine,1416,3824
LT81,11,5,6,acetylcholine,2126,5225
LoVP16,11,6,5,acetylcholine,5256,10788
LC10_unclear,10,3,7,acetylcholine|unclear,1039,3206
LC31b,10,4,6,acetylcholine,6507,39638
LC34,10,4,6,acetylcholine,3171,7491
LC35a,10,5,5,acetylcholine,4044,40659
LC46b,10,5,5,acetylcholine,1954,5731
LoVP27,10,5,5,acetylcholine,2002,5501
MeVPMe2,10,5,5,glutamate,24678,65911
LPT31,8,4,4,acetylcholine,4984,17215
LT78,8,4,4,glutamate,5282,23124
LoVP11,8,4,4,acetylcholine,1250,3495
LoVP17,8,4,4,acetylcholine,3326,4422
LoVP24,8,4,4,acetylcholine,1639,5587
MeVP16,8,4,4,glutamate,1573,4723
s-LNv,8,4,4,acetylcholine,1027,1750
LoVP50,7,3,4,acetylcholine,4754,26902
LoVP83,7,4,3,acetylcholine,2475,6209
LoVP84,7,3,4,acetylcholine,1345,4538
VST2,7,3,4,acetylcholine,2919,20331
LC39a,6,3,3,glutamate,2975,7496
LLPC4,6,3,3,acetylcholine,1996,7616
LPT23,6,3,3,acetylcholine,12445,60361
LT74,6,3,3,glutamate,3388,11344
LT77,6,3,3,glutamate,3641,26273
LoVP23,6,3,3,acetylcholine,1970,7095
LoVP25,6,3,3,acetylcholine,1792,4710
LoVP32,6,3,3,acetylcholine,3343,8578
LoVP33,6,3,3,gaba,1342,3627
MeVP18,6,3,3,glutamate,4864,14144
MeVP21,6,3,3,acetylcholine,4017,12914
MeVP58,6,3,3,glutamate,1809,5074
MeVP62,6,3,3,acetylcholine,3758,11114
aMe12,6,4,2,acetylcholine,5201,15760
aMe26,6,3,3,acetylcholine,7106,11139
LC44,5,2,3,acetylcholine,1442,1794
LoVP75,5,2,3,acetylcholine,1923,5976
LoVP89,5,3,2,acetylcholine,2294,10186
VST1,5,2,3,acetylcholine,1262,9368
5thsLNv_LNd6,4,2,2,acetylcholine|unclear,2619,7015
CL125,4,2,2,glutamate,1277,2389
LPT51,4,2,2,glutamate,4209,9401
LT43,4,2,2,gaba,2974,5811
LT63,4,2,2,acetylcholine,5276,13805
LT68,4,2,2,glutamate,2120,3671
LT80,4,2,2,acetylcholine,1731,10564
LT82a,4,2,2,acetylcholine,5547,28216
LoVP21,4,2,2,acetylcholine,913,3155
LoVP22,4,2,2,acetylcholine,748,1247
LoVP38,4,2,2,glutamate,1468,3130
LoVP39,4,2,2,acetylcholine,2623,7634
LoVP55,4,2,2,acetylcholine,723,3687
LoVP61,4,2,2,glutamate,1298,5806
LoVP62,4,2,2,acetylcholine,2218,5169
LoVP71,4,2,2,acetylcholine,1677,3637
LoVP74,4,2,2,acetylcholine,4058,5935
LoVP76,4,2,2,glutamate,1707,5606
LoVP80,4,2,2,acetylcholine,1144,2343
LoVP82,4,2,2,acetylcholine,1364,4618
MeVP20,4,1,3,glutamate,828,1393
MeVP34,4,2,2,acetylcholine,1356,1485
MeVP46,4,2,2,glutamate,2179,5909
MeVP54,4,2,2,glutamate,945,1301
MeVP55,4,2,2,glutamate,903,2654
MeVP59,4,2,2,acetylcholine,3954,11778
MeVPLo1,4,2,2,glutamate,8655,22101
MeVPMe8,4,2,2,glutamate,2773,3114
Nod1,4,2,2,acetylcholine,4070,23956
OCG02c,4,2,2,acetylcholine,2588,1525
VSm,4,2,2,acetylcholine,3319,35290
aMe1,4,2,2,gaba,1571,5755
aMe8,4,2,2,serotonin|unclear,3028,5965
aMe9,4,2,2,acetylcholine,4624,14173
LT73,3,1,2,glutamate,1751,5835
LoVP108,3,1,2,gaba,2044,10159
LoVP78,3,2,1,acetylcholine,1311,2579
MeVP22,3,1,2,gaba,1082,1857
MeVPMe4,3,2,1,glutamate,4059,4471
aMe10,3,1,2,acetylcholine,1604,3565
AOTU045,2,1,1,glutamate,1840,3093
H2,2,1,1,acetylcholine,4330,65226
HSE,2,1,1,acetylcholine,874,37601
HSN,2,1,1,acetylcholine,890,33989
HSS,2,1,1,acetylcholine,1330,35498
HST,2,1,1,acetylcholine,2505,8240
LC35b,2,1,1,acetylcholine,921,7014
LC39b,2,1,1,glutamate,1021,3361
LPC_unclear,2,0,2,acetylcholine,336,2125
LPT21,2,1,1,acetylcholine,2759,18252
LPT22,2,1,1,gaba,4980,15773
LPT26,2,1,1,acetylcholine,2180,18906
LPT27,2,1,1,acetylcholine,1935,21692
LPT28,2,1,1,acetylcholine,2731,7802
LPT29,2,1,1,acetylcholine,1344,4787
LPT30,2,1,1,acetylcholine,1840,10516
LPT49,2,1,1,acetylcholine,2602,16272
LPT50,2,1,1,gaba,4150,36359
LPT52,2,1,1,acetylcholine,2268,6885
LPT54,2,1,1,acetylcholine,9635,8013
LT11,2,1,1,gaba,6314,52978
LT1a,2,1,1,acetylcholine,4379,47561
LT1b,2,1,1,acetylcholine,4795,77491
LT1c,2,1,1,acetylcholine,3121,26924
LT1d,2,1,1,acetylcholine,5465,50418
LT47,2,1,1,acetylcholine,889,3751
LT55,2,1,1,glutamate,2995,3985
LT59,2,1,1,acetylcholine,1165,5179
LT60,2,1,1,acetylcholine,1814,7610
LT61a,2,1,1,acetylcholine,2694,31257
LT61b,2,1,1,acetylcholine,4181,23031
LT62,2,1,1,acetylcholine,4453,33322
LT64,2,1,1,acetylcholine,925,5383
LT65,2,1,1,acetylcholine,2968,7450
LT66,2,1,1,acetylcholine,3622,21186
LT67,2,1,1,acetylcholine,1696,4499
LT69,2,1,1,acetylcholine,1492,3330
LT72,2,1,1,acetylcholine,3251,5079
LT75,2,1,1,acetylcholine,2120,5422
LT76,2,1,1,acetylcholine,2174,6236
LT79,2,1,1,acetylcholine,5498,53402
LT82b,2,1,1,acetylcholine,2122,12786
LT83,2,1,1,acetylcholine,5912,46376
LT84,2,1,1,acetylcholine,2057,7265
LT85,2,1,1,acetylcholine,2230,3443
LT86,2,1,1,acetylcholine,4171,9527
LT87,2,1,1,acetylcholine,5822,30851
LoVP100,2,1,1,acetylcholine,4044,7780
LoVP101,2,1,1,acetylcholine,6263,17609
LoVP102,2,1,1,acetylcholine,5370,41658
LoVP103,2,1,1,acetylcholine,2174,8132
LoVP106,2,1,1,acetylcholine,2617,10914
LoVP107,2,1,1,acetylcholine,2149,5042
LoVP19,2,1,1,acetylcholine,274,679
LoVP20,2,1,1,acetylcholine,542,1937
LoVP28,2,1,1,acetylcholine,1274,4034
LoVP29,2,1,1,gaba,1483,3246
LoVP30,2,1,1,glutamate,1290,3173
LoVP34,2,1,1,acetylcholine,1392,2666
LoVP35,2,1,1,acetylcholine,1592,4450
LoVP36,2,1,1,glutamate,1711,2718
LoVP40,2,1,1,glutamate,2081,3613
LoVP41,2,1,1,acetylcholine,1424,1202
LoVP42,2,1,1,acetylcholine,2590,4557
LoVP43,2,1,1,acetylcholine,1320,3396
LoVP44,2,1,1,acetylcholine,1534,2430
LoVP45,2,1,1,glutamate,2430,5578
LoVP46,2,1,1,glutamate,2408,4769
LoVP47,2,1,1,glutamate,1970,10309
LoVP48,2,1,1,acetylcholine,1853,4546
LoVP49,2,1,1,acetylcholine,2293,7863
LoVP51,2,1,1,acetylcholine,1797,2518
LoVP52,2,1,1,acetylcholine,636,1927
LoVP53,2,1,1,acetylcholine,2710,6742
LoVP54,2,1,1,acetylcholine,4094,12062
LoVP56,2,1,1,glutamate,1475,3621
LoVP57,2,1,1,acetylcholine,1050,3157
LoVP58,2,1,1,acetylcholine,998,2577
LoVP59,2,1,1,acetylcholine,2662,7446
LoVP60,2,1,1,acetylcholine,1786,4651
LoVP63,2,1,1,acetylcholine,2900,3734
LoVP64,2,1,1,glutamate,1893,2530
LoVP65,2,1,1,acetylcholine,1360,2349
LoVP66,2,1,1,acetylcholine,940,1076
LoVP67,2,1,1,acetylcholine,2507,2118
LoVP68,2,1,1,acetylcholine,2868,5884
LoVP69,2,1,1,acetylcholine,2527,6026
LoVP70,2,1,1,acetylcholine,1795,3612
LoVP72,2,1,1,acetylcholine,1171,3796
LoVP73,2,1,1,acetylcholine,2690,4568
LoVP77,2,1,1,acetylcholine,814,1886
LoVP79,2,1,1,acetylcholine,2327,3450
LoVP85,2,1,1,acetylcholine,2455,9783
LoVP86,2,1,1,acetylcholine,1638,6166
LoVP88,2,1,1,acetylcholine,2738,5853
LoVP90a,2,1,1,acetylcholine,2817,9583
LoVP90b,2,1,1,acetylcholine,2684,10607
LoVP90c,2,1,1,acetylcholine,2822,8984
LoVP95,2,1,1,glutamate,720,2022
LoVP98,2,1,1,acetylcholine,781,1735
LoVP99,2,1,1,glutamate,1145,8337
MeTu4_unclear,2,0,2,acetylcholine,291,849
MeVP23,2,1,1,glutamate,2454,6439
MeVP24,2,1,1,acetylcholine,2740,11425
MeVP25,2,1,1,acetylcholine,2226,4567
MeVP26,2,1,1,glutamate,4181,9589
MeVP27,2,1,1,acetylcholine,1390,2515
MeVP28,2,1,1,acetylcholine,2552,4161
MeVP29,2,1,1,acetylcholine,3280,8198
MeVP30,2,1,1,acetylcholine,1689,3779
MeVP31,2,1,1,acetylcholine,621,1217
MeVP32,2,1,1,acetylcholine,1874,2418
MeVP33,2,1,1,acetylcholine,2604,3766
MeVP35,2,1,1,glutamate,863,1823
MeVP36,2,1,1,acetylcholine,2661,5531
MeVP38,2,1,1,acetylcholine,3585,4372
MeVP39,2,1,1,gaba,597,1734
MeVP40,2,1,1,acetylcholine,1002,2773
MeVP41,2,1,1,acetylcholine,2321,3271
MeVP42,2,1,1,acetylcholine,979,1617
MeVP43,2,1,1,acetylcholine,2828,4747
MeVP45,2,1,1,acetylcholine,3704,6321
MeVP47,2,1,1,acetylcholine,1899,11695
MeVP48,2,1,1,glutamate,1136,2686
MeVP49,2,1,1,glutamate,2287,8463
MeVP50,2,1,1,acetylcholine,1241,6182
MeVP51,2,1,1,glutamate,4759,9718
MeVP52,2,1,1,acetylcholine,2825,13905
MeVP53,2,1,1,gaba,3636,8495
MeVP56,2,1,1,glutamate,2623,8130
MeVP60,2,1,1,glutamate,1624,2318
MeVP61,2,1,1,glutamate,744,2428
MeVP63,2,1,1,gaba,861,2126
MeVP6_unclear,2,0,2,glutamate,418,2468
MeVPLp1,2,1,1,acetylcholine,6165,25210
MeVPMe11,2,1,1,glutamate,2480,7756
MeVPMe3,2,1,1,glutamate,2982,11826
MeVPMe6,2,1,1,glutamate,2602,8281
MeVPaMe1,2,1,1,acetylcholine,4157,5945
MeVPaMe2,2,1,1,glutamate,1746,5536
Nod2,2,1,1,gaba,2437,10078
Nod3,2,1,1,acetylcholine,2408,12904
Nod4,2,1,1,acetylcholine,2628,20478
Nod5,2,1,1,acetylcholine,2481,9421
OCG01a,2,1,1,glutamate,1058,1025
OCG01b,2,1,1,acetylcholine,2722,1635
OCG01c,2,1,1,glutamate,1268,994
OCG01d,2,1,1,acetylcholine,2818,1263
OCG01e,2,1,1,acetylcholine,2241,1132
OCG01f,2,1,1,glutamate,1772,1053
OCG02b,2,1,1,acetylcholine,2206,627
OCG03,2,1,1,acetylcholine,1287,774
SLP250,2,1,1,glutamate,1961,4178
aMe20,2,1,1,acetylcholine,3570,8100
aMe25,2,1,1,glutamate,1935,3865
aMe3,2,1,1,glutamate,4339,3952
aMe6a,2,1,1,acetylcholine,1050,2366
vCal1,2,1,1,glutamate,2044,13332
vCal2,2,1,1,glutamate,1844,9984
vCal3,2,1,1,acetylcholine,3624,19297
LLPC_unclear,1,0,1,acetylcholine,156,1047
LPLC_unclear,1,0,1,acetylcholine,236,1956
LoVP109,1,1,0,acetylcholine,1484,10266
LoVP31,1,0,1,acetylcholine,779,1454
MeVP57,1,0,1,glutamate,974,4890
MeVP64,1,0,1,glutamate,470,1488
MeVP_unclear,1,1,0,glutamate,404,1048
OLVp_unclear,1,1,0,acetylcholine,200,586
