source_type,target_type,total_weight,edge_count,source_neurons,target_neurons,max_weight,mean_weight
ER4m,EPG,21202,506,11,46,75,41.901185770750985
ER2_c,EPG,14590,920,20,46,35,15.858695652173912
ER4d,EPG,12335,1195,26,46,25,10.322175732217573
ER3w_b,EPG,10568,828,18,46,34,12.76328502415459
ER3p_a,EPG,8924,644,14,46,33,13.857142857142858
ER2_a,EPG,8225,552,12,46,29,14.90036231884058
ER1_b,EPG,5634,598,13,46,21,9.421404682274247
ER1_a,EPG,4292,505,11,46,20,8.4990099009901
ER3m,EPG,4085,760,18,46,17,5.375
ER3w_a,EPG,4034,322,7,46,28,12.527950310559007
ER3d_b,EPG,3673,854,20,46,14,4.3009367681498825
ER3w_c,EPG,3513,276,6,46,29,12.728260869565217
ER2_d,EPG,3295,230,5,46,29,14.326086956521738
ER5,EPG,3222,781,21,44,27,4.125480153649168
ER2_b,EPG,2474,184,4,46,28,13.445652173913043
ER3d_c,EPG,2139,407,9,46,19,5.255528255528255
ER3d_e,EPG,1954,322,7,46,20,6.068322981366459
ER3d_a,EPG,1930,318,7,46,14,6.069182389937107
ER6,EPG,1925,149,4,46,41,12.919463087248323
ER3d_d,EPG,1799,480,11,46,11,3.747916666666667
ER3p_b,EPG,1568,181,4,46,23,8.662983425414364
ER1_c,EPG,1552,184,4,46,20,8.434782608695652
ER3a_c,EPG,656,151,4,44,15,4.344370860927152
ER3a_a,EPG,255,159,15,42,6,1.6037735849056605
ER3a_b,EPG,124,70,6,32,7,1.7714285714285714
ER3a_d,EPG,30,23,5,17,3,1.3043478260869565
