source_bodyId,source_type,source_instance,source_side,source_superclass,target_bodyId,target_type,target_instance,target_side,target_superclass,weight
73500,TuBu01,TuBu01_ABU_R,R,cb_intrinsic,13395,ER4m,ER4m_R,R,cb_intrinsic,137
47208,TuBu01,TuBu01_ABU_R,R,cb_intrinsic,519347,ER4m,ER4m_R,R,cb_intrinsic,134
529575,TuBu01,TuBu01_ABU_L,L,cb_intrinsic,16440,ER4m,ER4m_L,L,cb_intrinsic,132
67782,TuBu01,TuBu01_ABU_R,R,cb_intrinsic,14482,ER4m,ER4m_R,R,cb_intrinsic,131
117471,TuBu01,TuBu01_ABU_L,L,cb_intrinsic,14308,ER4m,ER4m_L,L,cb_intrinsic,130
114115,TuBu01,TuBu01_ABU_L,L,cb_intrinsic,13985,ER4m,ER4m_L,L,cb_intrinsic,129
14474,TuBu01,TuBu01_ABU_L,L,cb_intrinsic,454614,ER4m,ER4m_L,L,cb_intrinsic,126
49818,TuBu01,TuBu01_ABU_R,R,cb_intrinsic,12797,ER4m,ER4m_R,R,cb_intrinsic,123
544006,TuBu01,TuBu01_ABU_L,L,cb_intrinsic,17402,ER4m,ER4m_L,L,cb_intrinsic,117
44675,TuBu02,TuBu02_IBU_R,R,cb_intrinsic,23163,ER3a_a,ER3a_a_R,R,cb_intrinsic,115
47442,TuBu01,TuBu01_ABU_R,R,cb_intrinsic,515760,ER4m,ER4m_R,R,cb_intrinsic,113
529576,TuBu06,TuBu06_SBU_L,L,cb_intrinsic,521535,ER5,ER5_L,L,cb_intrinsic,105
49818,TuBu01,TuBu01_ABU_R,R,cb_intrinsic,13434,ER4m,ER4m_R,R,cb_intrinsic,104
529576,TuBu06,TuBu06_SBU_L,L,cb_intrinsic,516944,ER5,ER5_L,L,cb_intrinsic,104
44675,TuBu02,TuBu02_IBU_R,R,cb_intrinsic,30171,ER3a_a,ER3a_a_R,R,cb_intrinsic,96
153303,TuBu03,TuBu03_IBU_L,L,cb_intrinsic,43039,ER3d_d,ER3d_d_L,L,cb_intrinsic,88
153303,TuBu03,TuBu03_IBU_L,L,cb_intrinsic,27903,ER3d_d,ER3d_d_L,L,cb_intrinsic,86
135903,TuBu10,TuBu10_SBU_L,L,cb_intrinsic,19900,ER2_c,ER2_c_L,L,cb_intrinsic,85
44675,TuBu02,TuBu02_IBU_R,R,cb_intrinsic,31051,ER3m,ER3m_R,R,cb_intrinsic,82
529576,TuBu06,TuBu06_SBU_L,L,cb_intrinsic,521534,ER5,ER5_L,L,cb_intrinsic,81
132461,TuBu10,TuBu10_SBU_L,L,cb_intrinsic,19807,ER2_c,ER2_c_L,L,cb_intrinsic,80
138925,TuBu07,TuBu07_SBU_L,L,cb_intrinsic,24549,ER3w_c,ER3w_c_L,L,cb_intrinsic,80
134591,TuBu10,TuBu10_SBU_L,L,cb_intrinsic,18733,ER2_c,ER2_c_L,L,cb_intrinsic,79
114443,TuBu06,TuBu06_SBU_R,R,cb_intrinsic,30206,ER5,ER5_R,R,cb_intrinsic,79
147158,TuBu10,TuBu10_SBU_L,L,cb_intrinsic,18508,ER2_c,ER2_c_L,L,cb_intrinsic,77
129948,TuBu03,TuBu03_IBU_L,L,cb_intrinsic,527150,ER3d_a,ER3d_a_L,L,cb_intrinsic,75
96427,TuBu10,TuBu10_SBU_R,R,cb_intrinsic,19917,ER2_c,ER2_c_R,R,cb_intrinsic,74
148115,TuBu03,TuBu03_IBU_L,L,cb_intrinsic,48318,ER3d_c,ER3d_c_L,L,cb_intrinsic,74
50733,TuBu02,TuBu02_IBU_R,R,cb_intrinsic,17561,ER3m,ER3m_R,R,cb_intrinsic,73
142032,TuBu07,TuBu07_SBU_L,L,cb_intrinsic,25841,ER3w_b,ER3w_b_L,L,cb_intrinsic,73
27582,TuBu06,TuBu06_SBU_R,R,cb_intrinsic,14284,ER5,ER5_R,R,cb_intrinsic,73
514601,TuBu05,TuBu05_SBU_L,L,cb_intrinsic,49002,ER3p_a,ER3p_a_L,L,cb_intrinsic,72
73413,TuBu08,TuBu08_SBU_R,R,cb_intrinsic,23080,ER4d,ER4d_R,R,cb_intrinsic,72
154636,TuBu03,TuBu03_IBU_L,L,cb_intrinsic,38306,ER3d_a,ER3d_a_L,L,cb_intrinsic,71
549816,TuBu03,TuBu03_IBU_L,L,cb_intrinsic,25494,ER3d_e,ER3d_e_L,L,cb_intrinsic,71
201295,TuBu09,TuBu09_SBU_L,L,cb_intrinsic,20605,ER2_a,ER2_a_L,L,cb_intrinsic,70
37039,TuBu05,TuBu05_SBU_R,R,cb_intrinsic,31088,ER3p_a,ER3p_a_R,R,cb_intrinsic,70
530505,TuBu06,TuBu06_SBU_R,R,cb_intrinsic,11605,ER5,ER5_R,R,cb_intrinsic,70
101349,TuBu09,TuBu09_SBU_L,L,cb_intrinsic,514803,ER2_b,ER2_b_L,L,cb_intrinsic,69
75819,TuBu10,TuBu10_SBU_R,R,cb_intrinsic,21449,ER2_c,ER2_c_R,R,cb_intrinsic,69
112789,TuBu06,TuBu06_SBU_L,L,cb_intrinsic,20026,ER5,ER5_L,L,cb_intrinsic,69
113340,TuBu10,TuBu10_SBU_L,L,cb_intrinsic,21752,ER2_c,ER2_c_L,L,cb_intrinsic,67
60689,TuBu10,TuBu10_SBU_R,R,cb_intrinsic,19569,ER2_c,ER2_c_R,R,cb_intrinsic,67
146260,TuBu02,TuBu02_IBU_L,L,cb_intrinsic,26841,ER3a_a,ER3a_a_L,L,cb_intrinsic,67
44675,TuBu02,TuBu02_IBU_R,R,cb_intrinsic,34239,ER3a_a,ER3a_a_R,R,cb_intrinsic,67
129948,TuBu03,TuBu03_IBU_L,L,cb_intrinsic,35641,ER3d_c,ER3d_c_L,L,cb_intrinsic,67
134266,TuBu02,TuBu02_IBU_L,L,cb_intrinsic,28430,ER3m,ER3m_L,L,cb_intrinsic,67
114443,TuBu06,TuBu06_SBU_R,R,cb_intrinsic,19072,ER5,ER5_R,R,cb_intrinsic,67
149714,TuBu03,TuBu03_IBU_L,L,cb_intrinsic,63782,ER3d_c,ER3d_c_L,L,cb_intrinsic,66
174623,TuBu07,TuBu07_SBU_R,R,cb_intrinsic,526552,ER3w_b,ER3w_b_R,R,cb_intrinsic,66
158296,TuBu09,TuBu09_SBU_L,L,cb_intrinsic,20559,ER2_a,ER2_a_L,L,cb_intrinsic,65
142904,TuBu10,TuBu10_SBU_L,L,cb_intrinsic,12357,ER2_c,ER2_c_L,L,cb_intrinsic,65
164652,TuBu03,TuBu03_IBU_L,L,cb_intrinsic,43212,ER3d_a,ER3d_a_L,L,cb_intrinsic,65
202114,TuBu03,TuBu03_IBU_L,L,cb_intrinsic,527199,ER3d_e,ER3d_e_L,L,cb_intrinsic,65
167420,TuBu07,TuBu07_SBU_L,L,cb_intrinsic,512606,ER3w_c,ER3w_c_L,L,cb_intrinsic,65
154080,TuBu09,TuBu09_SBU_L,L,cb_intrinsic,15444,ER2_d,ER2_d_L,L,cb_intrinsic,64
149714,TuBu03,TuBu03_IBU_L,L,cb_intrinsic,37437,ER3d_e,ER3d_e_L,L,cb_intrinsic,64
162457,TuBu02,TuBu02_IBU_L,L,cb_intrinsic,28627,ER3m,ER3m_L,L,cb_intrinsic,64
159363,TuBu07,TuBu07_SBU_L,L,cb_intrinsic,48291,ER3w_b,ER3w_b_L,L,cb_intrinsic,64
142032,TuBu07,TuBu07_SBU_L,L,cb_intrinsic,59337,ER3w_b,ER3w_b_L,L,cb_intrinsic,64
83511,TuBu07,TuBu07_SBU_R,R,cb_intrinsic,13999,ER3w_c,ER3w_c_R,R,cb_intrinsic,64
186151,TuBu07,TuBu07_SBU_L,L,cb_intrinsic,50694,ER3w_b,ER3w_b_L,L,cb_intrinsic,63
138655,TuBu08,TuBu08_SBU_L,L,cb_intrinsic,24879,ER4d,ER4d_L,L,cb_intrinsic,63
146693,TuBu09,TuBu09_SBU_L,L,cb_intrinsic,21882,ER2_a,ER2_a_L,L,cb_intrinsic,62
89097,TuBu09,TuBu09_SBU_R,R,cb_intrinsic,20253,ER2_a,ER2_a_R,R,cb_intrinsic,62
61025,TuBu03,TuBu03_IBU_R,R,cb_intrinsic,47036,ER3d_a,ER3d_a_R,R,cb_intrinsic,62
205453,TuBu09,TuBu09_SBU_L,L,cb_intrinsic,517059,ER2_a,ER2_a_L,L,cb_intrinsic,61
97157,TuBu10,TuBu10_SBU_R,R,cb_intrinsic,18664,ER2_c,ER2_c_R,R,cb_intrinsic,61
50733,TuBu02,TuBu02_IBU_R,R,cb_intrinsic,523035,ER3a_a,ER3a_a_R,R,cb_intrinsic,61
100788,TuBu04,TuBu04_IBU_L,L,cb_intrinsic,54912,ER3d_b,ER3d_b_L,L,cb_intrinsic,61
53017,TuBu02,TuBu02_IBU_R,R,cb_intrinsic,26295,ER3m,ER3m_R,R,cb_intrinsic,61
146260,TuBu02,TuBu02_IBU_L,L,cb_intrinsic,27348,ER3m,ER3m_L,L,cb_intrinsic,61
108197,TuBu07,TuBu07_SBU_R,R,cb_intrinsic,43683,ER3w_a,ER3w_a_R,R,cb_intrinsic,61
165116,TuBu08,TuBu08_SBU_L,L,cb_intrinsic,19791,ER4d,ER4d_L,L,cb_intrinsic,61
141515,TuBu09,TuBu09_SBU_L,L,cb_intrinsic,36524,ER2_a,ER2_a_L,L,cb_intrinsic,60
89729,TuBu09,TuBu09_SBU_R,R,cb_intrinsic,20590,ER2_a,ER2_a_R,R,cb_intrinsic,60
578800,TuBu10,TuBu10_SBU_L,L,cb_intrinsic,50888,ER2_c,ER2_c_L,L,cb_intrinsic,60
156988,TuBu03,TuBu03_IBU_L,L,cb_intrinsic,25329,ER3d_c,ER3d_c_L,L,cb_intrinsic,60
56568,TuBu09,TuBu09_SBU_R,R,cb_intrinsic,21277,ER2_a,ER2_a_R,R,cb_intrinsic,59
213941,TuBu09,TuBu09_SBU_L,L,cb_intrinsic,18058,ER2_b,ER2_b_L,L,cb_intrinsic,59
75874,TuBu09,TuBu09_SBU_R,R,cb_intrinsic,26136,ER2_b,ER2_b_R,R,cb_intrinsic,59
91072,TuBu10,TuBu10_SBU_R,R,cb_intrinsic,19935,ER2_c,ER2_c_R,R,cb_intrinsic,59
226303,TuBu04,TuBu04_IBU_L,L,cb_intrinsic,45839,ER3d_b,ER3d_b_L,L,cb_intrinsic,59
67116,TuBu03,TuBu03_IBU_R,R,cb_intrinsic,49378,ER3d_c,ER3d_c_R,R,cb_intrinsic,59
94984,TuBu03,TuBu03_IBU_R,R,cb_intrinsic,27052,ER3d_d,ER3d_d_R,R,cb_intrinsic,59
140766,TuBu02,TuBu02_IBU_L,L,cb_intrinsic,104306,ER3a_a,ER3a_a_L,L,cb_intrinsic,58
61025,TuBu03,TuBu03_IBU_R,R,cb_intrinsic,31684,ER3d_a,ER3d_a_R,R,cb_intrinsic,58
568738,TuBu03,TuBu03_IBU_L,L,cb_intrinsic,522759,ER3d_d,ER3d_d_L,L,cb_intrinsic,58
547501,TuBu07,TuBu07_SBU_L,L,cb_intrinsic,25203,ER3w_c,ER3w_c_L,L,cb_intrinsic,58
146736,TuBu08,TuBu08_SBU_L,L,cb_intrinsic,23315,ER4d,ER4d_L,L,cb_intrinsic,58
172679,TuBu08,TuBu08_SBU_L,L,cb_intrinsic,50808,ER4d,ER4d_L,L,cb_intrinsic,58
64793,TuBu08,TuBu08_SBU_R,R,cb_intrinsic,24076,ER4d,ER4d_R,R,cb_intrinsic,58
139896,TuBu08,TuBu08_SBU_L,L,cb_intrinsic,24459,ER4d,ER4d_L,L,cb_intrinsic,58
222298,TuBu10,TuBu10_SBU_L,L,cb_intrinsic,20317,ER2_c,ER2_c_L,L,cb_intrinsic,57
60689,TuBu10,TuBu10_SBU_R,R,cb_intrinsic,11933,ER2_c,ER2_c_R,R,cb_intrinsic,57
162457,TuBu02,TuBu02_IBU_L,L,cb_intrinsic,533062,ER3a_a,ER3a_a_L,L,cb_intrinsic,57
63068,TuBu04,TuBu04_IBU_R,R,cb_intrinsic,30522,ER3d_b,ER3d_b_R,R,cb_intrinsic,57
73808,TuBu04,TuBu04_IBU_R,R,cb_intrinsic,29046,ER3d_b,ER3d_b_R,R,cb_intrinsic,57
66165,TuBu03,TuBu03_IBU_R,R,cb_intrinsic,47859,ER3d_c,ER3d_c_R,R,cb_intrinsic,57
191694,TuBu04,TuBu04_IBU_L,L,cb_intrinsic,45134,ER3p_b,ER3p_b_L,L,cb_intrinsic,57
80342,TuBu09,TuBu09_SBU_R,R,cb_intrinsic,20678,ER2_d,ER2_d_R,R,cb_intrinsic,56
47442,TuBu01,TuBu01_ABU_R,R,cb_intrinsic,13434,ER4m,ER4m_R,R,cb_intrinsic,56
107200,TuBu09,TuBu09_SBU_R,R,cb_intrinsic,21059,ER2_d,ER2_d_R,R,cb_intrinsic,55
50733,TuBu02,TuBu02_IBU_R,R,cb_intrinsic,72824,ER3a_a,ER3a_a_R,R,cb_intrinsic,55
153589,TuBu02,TuBu02_IBU_L,L,cb_intrinsic,44814,ER3m,ER3m_L,L,cb_intrinsic,55
138925,TuBu07,TuBu07_SBU_L,L,cb_intrinsic,526143,ER3w_b,ER3w_b_L,L,cb_intrinsic,55
143717,TuBu08,TuBu08_SBU_L,L,cb_intrinsic,20653,ER4d,ER4d_L,L,cb_intrinsic,55
88849,TuBu06,TuBu06_SBU_R,R,cb_intrinsic,12059,ER5,ER5_R,R,cb_intrinsic,55
62577,TuBu10,TuBu10_SBU_R,R,cb_intrinsic,19425,ER2_c,ER2_c_R,R,cb_intrinsic,54
568738,TuBu03,TuBu03_IBU_L,L,cb_intrinsic,530339,ER3d_d,ER3d_d_L,L,cb_intrinsic,54
191694,TuBu04,TuBu04_IBU_L,L,cb_intrinsic,53618,ER3p_b,ER3p_b_L,L,cb_intrinsic,54
134304,TuBu07,TuBu07_SBU_R,R,cb_intrinsic,517264,ER3w_a,ER3w_a_R,R,cb_intrinsic,54
27582,TuBu06,TuBu06_SBU_R,R,cb_intrinsic,527297,ER5,ER5_R,R,cb_intrinsic,54
67685,TuBu06,TuBu06_SBU_R,R,cb_intrinsic,568502,ER5,ER5_R,R,cb_intrinsic,54
530505,TuBu06,TuBu06_SBU_R,R,cb_intrinsic,14284,ER5,ER5_R,R,cb_intrinsic,54
169665,TuBu09,TuBu09_SBU_L,L,cb_intrinsic,524075,ER2_d,ER2_d_L,L,cb_intrinsic,53
156074,TuBu02,TuBu02_IBU_L,L,cb_intrinsic,20385,ER3a_a,ER3a_a_L,L,cb_intrinsic,53
53017,TuBu02,TuBu02_IBU_R,R,cb_intrinsic,529826,ER3a_a,ER3a_a_R,R,cb_intrinsic,53
119244,TuBu03,TuBu03_IBU_R,R,cb_intrinsic,27246,ER3d_d,ER3d_d_R,R,cb_intrinsic,53
66165,TuBu03,TuBu03_IBU_R,R,cb_intrinsic,44127,ER3d_d,ER3d_d_R,R,cb_intrinsic,53
65822,TuBu03,TuBu03_IBU_R,R,cb_intrinsic,31541,ER3d_d,ER3d_d_R,R,cb_intrinsic,53
177926,TuBu03,TuBu03_IBU_L,L,cb_intrinsic,19169,ER3m,ER3m_L,L,cb_intrinsic,53
156074,TuBu02,TuBu02_IBU_L,L,cb_intrinsic,529847,ER3m,ER3m_L,L,cb_intrinsic,53
177926,TuBu03,TuBu03_IBU_L,L,cb_intrinsic,38084,ER3m,ER3m_L,L,cb_intrinsic,52
151423,TuBu05,TuBu05_SBU_L,L,cb_intrinsic,39503,ER3p_a,ER3p_a_L,L,cb_intrinsic,52
92269,TuBu08,TuBu08_SBU_R,R,cb_intrinsic,19323,ER4d,ER4d_R,R,cb_intrinsic,52
81731,TuBu08,TuBu08_SBU_R,R,cb_intrinsic,19737,ER4d,ER4d_R,R,cb_intrinsic,52
115785,TuBu06,TuBu06_SBU_L,L,cb_intrinsic,10043,ER5,ER5_L,L,cb_intrinsic,52
201295,TuBu09,TuBu09_SBU_L,L,cb_intrinsic,21645,ER2_a,ER2_a_L,L,cb_intrinsic,51
91271,TuBu10,TuBu10_SBU_R,R,cb_intrinsic,19355,ER2_c,ER2_c_R,R,cb_intrinsic,51
167420,TuBu07,TuBu07_SBU_L,L,cb_intrinsic,26673,ER3w_b,ER3w_b_L,L,cb_intrinsic,51
146736,TuBu08,TuBu08_SBU_L,L,cb_intrinsic,23520,ER4d,ER4d_L,L,cb_intrinsic,51
166519,TuBu08,TuBu08_SBU_R,R,cb_intrinsic,22461,ER4d,ER4d_R,R,cb_intrinsic,51
62577,TuBu10,TuBu10_SBU_R,R,cb_intrinsic,20883,ER2_c,ER2_c_R,R,cb_intrinsic,50
81303,TuBu02,TuBu02_IBU_R,R,cb_intrinsic,36327,ER3a_a,ER3a_a_R,R,cb_intrinsic,50
530148,TuBu09,TuBu09_SBU_R,R,cb_intrinsic,523788,ER3w_a,ER3w_a_R,R,cb_intrinsic,50
547501,TuBu07,TuBu07_SBU_L,L,cb_intrinsic,18377,ER3w_b,ER3w_b_L,L,cb_intrinsic,50
139896,TuBu08,TuBu08_SBU_L,L,cb_intrinsic,23197,ER4d,ER4d_L,L,cb_intrinsic,50
115785,TuBu06,TuBu06_SBU_L,L,cb_intrinsic,18633,ER5,ER5_L,L,cb_intrinsic,50
147815,TuBu09,TuBu09_SBU_L,L,cb_intrinsic,23097,ER2_a,ER2_a_L,L,cb_intrinsic,49
134266,TuBu02,TuBu02_IBU_L,L,cb_intrinsic,512515,ER3a_a,ER3a_a_L,L,cb_intrinsic,49
94984,TuBu03,TuBu03_IBU_R,R,cb_intrinsic,517603,ER3d_d,ER3d_d_R,R,cb_intrinsic,49
87524,TuBu02,TuBu02_IBU_R,R,cb_intrinsic,29842,ER3m,ER3m_R,R,cb_intrinsic,49
204393,TuBu07,TuBu07_SBU_R,R,cb_intrinsic,24093,ER3w_a,ER3w_a_R,R,cb_intrinsic,49
78944,TuBu08,TuBu08_SBU_R,R,cb_intrinsic,16818,ER4d,ER4d_R,R,cb_intrinsic,49
104935,TuBu08,TuBu08_SBU_R,R,cb_intrinsic,13094,ER4d,ER4d_R,R,cb_intrinsic,49
158606,TuBu03,TuBu03_IBU_R,R,cb_intrinsic,22644,ER3d_a,ER3d_a_R,R,cb_intrinsic,48
148115,TuBu03,TuBu03_IBU_L,L,cb_intrinsic,27269,ER3d_c,ER3d_c_L,L,cb_intrinsic,48
81303,TuBu02,TuBu02_IBU_R,R,cb_intrinsic,26939,ER3m,ER3m_R,R,cb_intrinsic,48
154510,TuBu08,TuBu08_SBU_L,L,cb_intrinsic,25797,ER4d,ER4d_L,L,cb_intrinsic,48
148370,TuBu08,TuBu08_SBU_L,L,cb_intrinsic,34607,ER4d,ER4d_L,L,cb_intrinsic,48
156074,TuBu02,TuBu02_IBU_L,L,cb_intrinsic,41908,ER3a_a,ER3a_a_L,L,cb_intrinsic,47
34962,TuBu04,TuBu04_IBU_R,R,cb_intrinsic,28701,ER3d_b,ER3d_b_R,R,cb_intrinsic,47
156988,TuBu03,TuBu03_IBU_L,L,cb_intrinsic,20514,ER3d_d,ER3d_d_L,L,cb_intrinsic,47
65822,TuBu03,TuBu03_IBU_R,R,cb_intrinsic,47464,ER3d_d,ER3d_d_R,R,cb_intrinsic,47
158930,TuBu06,TuBu06_SBU_L,L,cb_intrinsic,39798,ER5,ER5_L,L,cb_intrinsic,47
132110,TuBu06,TuBu06_SBU_L,L,cb_intrinsic,521528,ER5,ER5_L,L,cb_intrinsic,47
114443,TuBu06,TuBu06_SBU_R,R,cb_intrinsic,513379,ER5,ER5_R,R,cb_intrinsic,47
105720,TuBu09,TuBu09_SBU_R,R,cb_intrinsic,20664,ER2_a,ER2_a_R,R,cb_intrinsic,46
69499,TuBu09,TuBu09_SBU_R,R,cb_intrinsic,21179,ER2_a,ER2_a_R,R,cb_intrinsic,46
153373,TuBu09,TuBu09_SBU_R,R,cb_intrinsic,17679,ER2_d,ER2_d_R,R,cb_intrinsic,46
163533,TuBu04,TuBu04_IBU_L,L,cb_intrinsic,51382,ER3d_b,ER3d_b_L,L,cb_intrinsic,46
164652,TuBu03,TuBu03_IBU_L,L,cb_intrinsic,27269,ER3d_c,ER3d_c_L,L,cb_intrinsic,46
50733,TuBu02,TuBu02_IBU_R,R,cb_intrinsic,52832,ER3m,ER3m_R,R,cb_intrinsic,46
151423,TuBu05,TuBu05_SBU_L,L,cb_intrinsic,50007,ER3p_a,ER3p_a_L,L,cb_intrinsic,46
142904,TuBu10,TuBu10_SBU_L,L,cb_intrinsic,25709,ER2_c,ER2_c_L,L,cb_intrinsic,45
146260,TuBu02,TuBu02_IBU_L,L,cb_intrinsic,56993,ER3a_a,ER3a_a_L,L,cb_intrinsic,45
50733,TuBu02,TuBu02_IBU_R,R,cb_intrinsic,30171,ER3a_a,ER3a_a_R,R,cb_intrinsic,45
113184,TuBu03,TuBu03_IBU_R,R,cb_intrinsic,21664,ER3d_e,ER3d_e_R,R,cb_intrinsic,45
148244,TuBu05,TuBu05_SBU_L,L,cb_intrinsic,46089,ER3p_a,ER3p_a_L,L,cb_intrinsic,45
162232,TuBu07,TuBu07_SBU_R,R,cb_intrinsic,29545,ER3w_b,ER3w_b_R,R,cb_intrinsic,45
152301,TuBu08,TuBu08_SBU_L,L,cb_intrinsic,20404,ER4d,ER4d_L,L,cb_intrinsic,45
67685,TuBu06,TuBu06_SBU_R,R,cb_intrinsic,17078,ER5,ER5_R,R,cb_intrinsic,45
88849,TuBu06,TuBu06_SBU_R,R,cb_intrinsic,513379,ER5,ER5_R,R,cb_intrinsic,45
132461,TuBu10,TuBu10_SBU_L,L,cb_intrinsic,25709,ER2_c,ER2_c_L,L,cb_intrinsic,44
134266,TuBu02,TuBu02_IBU_L,L,cb_intrinsic,56993,ER3a_a,ER3a_a_L,L,cb_intrinsic,44
87524,TuBu02,TuBu02_IBU_R,R,cb_intrinsic,23859,ER3a_d,ER3a_d_R,R,cb_intrinsic,44
157110,TuBu07,TuBu07_SBU_R,R,cb_intrinsic,25297,ER3w_a,ER3w_a_R,R,cb_intrinsic,44
110388,TuBu07,TuBu07_SBU_R,R,cb_intrinsic,27043,ER3w_c,ER3w_c_R,R,cb_intrinsic,44
88774,TuBu08,TuBu08_SBU_R,R,cb_intrinsic,17591,ER4d,ER4d_R,R,cb_intrinsic,44
88299,TuBu08,TuBu08_SBU_R,R,cb_intrinsic,13094,ER4d,ER4d_R,R,cb_intrinsic,44
153589,TuBu02,TuBu02_IBU_L,L,cb_intrinsic,35545,ER3a_a,ER3a_a_L,L,cb_intrinsic,43
105479,TuBu04,TuBu04_IBU_R,R,cb_intrinsic,30178,ER3d_b,ER3d_b_R,R,cb_intrinsic,43
163533,TuBu04,TuBu04_IBU_L,L,cb_intrinsic,524068,ER3d_b,ER3d_b_L,L,cb_intrinsic,43
81047,TuBu03,TuBu03_IBU_R,R,cb_intrinsic,37758,ER3d_a,ER3d_a_R,R,cb_intrinsic,42
98899,TuBu03,TuBu03_IBU_R,R,cb_intrinsic,37817,ER3d_e,ER3d_e_R,R,cb_intrinsic,42
530506,TuBu05,TuBu05_SBU_R,R,cb_intrinsic,529207,ER3p_a,ER3p_a_R,R,cb_intrinsic,42
132110,TuBu06,TuBu06_SBU_L,L,cb_intrinsic,22001,ER5,ER5_L,L,cb_intrinsic,42
140766,TuBu02,TuBu02_IBU_L,L,cb_intrinsic,27013,ER3m,ER3m_L,L,cb_intrinsic,41
129625,TuBu05,TuBu05_SBU_L,L,cb_intrinsic,48096,ER3p_a,ER3p_a_L,L,cb_intrinsic,41
37039,TuBu05,TuBu05_SBU_R,R,cb_intrinsic,517602,ER3p_a,ER3p_a_R,R,cb_intrinsic,41
112789,TuBu06,TuBu06_SBU_L,L,cb_intrinsic,14963,ER5,ER5_L,L,cb_intrinsic,41
106168,TuBu05,TuBu05_SBU_R,R,cb_intrinsic,27806,ER3p_a,ER3p_a_R,R,cb_intrinsic,40
164401,TuBu07,TuBu07_SBU_L,L,cb_intrinsic,46242,ER3w_a,ER3w_a_L,L,cb_intrinsic,40
145062,TuBu07,TuBu07_SBU_L,L,cb_intrinsic,44010,ER3w_b,ER3w_b_L,L,cb_intrinsic,40
87528,TuBu07,TuBu07_SBU_R,R,cb_intrinsic,27770,ER3w_b,ER3w_b_R,R,cb_intrinsic,40
27582,TuBu06,TuBu06_SBU_R,R,cb_intrinsic,17078,ER5,ER5_R,R,cb_intrinsic,40
105479,TuBu04,TuBu04_IBU_R,R,cb_intrinsic,30592,ER3d_b,ER3d_b_R,R,cb_intrinsic,39
525604,TuBu04,TuBu04_IBU_R,R,cb_intrinsic,48956,ER3d_b,ER3d_b_R,R,cb_intrinsic,39
67116,TuBu03,TuBu03_IBU_R,R,cb_intrinsic,27454,ER3d_c,ER3d_c_R,R,cb_intrinsic,39
115153,TuBu03,TuBu03_IBU_R,R,cb_intrinsic,44830,ER3d_e,ER3d_e_R,R,cb_intrinsic,39
87524,TuBu02,TuBu02_IBU_R,R,cb_intrinsic,59230,ER3m,ER3m_R,R,cb_intrinsic,39
76057,TuBu07,TuBu07_SBU_R,R,cb_intrinsic,26843,ER3w_b,ER3w_b_R,R,cb_intrinsic,39
27582,TuBu06,TuBu06_SBU_R,R,cb_intrinsic,568502,ER5,ER5_R,R,cb_intrinsic,39
152450,TuBu04,TuBu04_IBU_L,L,cb_intrinsic,40558,ER3d_b,ER3d_b_L,L,cb_intrinsic,38
87712,TuBu03,TuBu03_IBU_R,R,cb_intrinsic,522806,ER3d_c,ER3d_c_R,R,cb_intrinsic,38
72963,TuBu05,TuBu05_SBU_R,R,cb_intrinsic,515761,ER3p_a,ER3p_a_R,R,cb_intrinsic,38
121507,TuBu05,TuBu05_SBU_R,R,cb_intrinsic,25359,ER3p_a,ER3p_a_R,R,cb_intrinsic,38
156962,TuBu07,TuBu07_SBU_L,L,cb_intrinsic,25501,ER3w_b,ER3w_b_L,L,cb_intrinsic,38
96161,TuBu07,TuBu07_SBU_R,R,cb_intrinsic,25447,ER3w_c,ER3w_c_R,R,cb_intrinsic,38
138355,TuBu08,TuBu08_SBU_R,R,cb_intrinsic,23874,ER4d,ER4d_R,R,cb_intrinsic,38
148244,TuBu05,TuBu05_SBU_L,L,cb_intrinsic,47271,ER3p_a,ER3p_a_L,L,cb_intrinsic,37
96458,TuBu07,TuBu07_SBU_R,R,cb_intrinsic,27850,ER3w_b,ER3w_b_R,R,cb_intrinsic,37
530505,TuBu06,TuBu06_SBU_R,R,cb_intrinsic,527297,ER5,ER5_R,R,cb_intrinsic,37
27582,TuBu06,TuBu06_SBU_R,R,cb_intrinsic,17171,ER5,ER5_R,R,cb_intrinsic,37
578800,TuBu10,TuBu10_SBU_L,L,cb_intrinsic,522745,ER2_c,ER2_c_L,L,cb_intrinsic,36
87524,TuBu02,TuBu02_IBU_R,R,cb_intrinsic,532637,ER3m,ER3m_R,R,cb_intrinsic,36
162457,TuBu02,TuBu02_IBU_L,L,cb_intrinsic,35545,ER3a_a,ER3a_a_L,L,cb_intrinsic,35
164401,TuBu07,TuBu07_SBU_L,L,cb_intrinsic,46707,ER3w_a,ER3w_a_L,L,cb_intrinsic,35
159363,TuBu07,TuBu07_SBU_L,L,cb_intrinsic,46341,ER3w_b,ER3w_b_L,L,cb_intrinsic,35
140766,TuBu02,TuBu02_IBU_L,L,cb_intrinsic,44422,ER3m,ER3m_L,L,cb_intrinsic,34
129625,TuBu05,TuBu05_SBU_L,L,cb_intrinsic,53745,ER3p_a,ER3p_a_L,L,cb_intrinsic,34
83511,TuBu07,TuBu07_SBU_R,R,cb_intrinsic,513346,ER3w_b,ER3w_b_R,R,cb_intrinsic,34
517792,TuBu08,TuBu08_SBU_L,L,cb_intrinsic,19410,ER4d,ER4d_L,L,cb_intrinsic,34
205453,TuBu09,TuBu09_SBU_L,L,cb_intrinsic,21645,ER2_a,ER2_a_L,L,cb_intrinsic,33
81303,TuBu02,TuBu02_IBU_R,R,cb_intrinsic,519329,ER3a_d,ER3a_d_R,R,cb_intrinsic,33
160484,TuBu04,TuBu04_IBU_L,L,cb_intrinsic,529330,ER3d_b,ER3d_b_L,L,cb_intrinsic,33
73808,TuBu04,TuBu04_IBU_R,R,cb_intrinsic,31263,ER3d_b,ER3d_b_R,R,cb_intrinsic,33
119244,TuBu03,TuBu03_IBU_R,R,cb_intrinsic,44127,ER3d_d,ER3d_d_R,R,cb_intrinsic,33
145366,TuBu05,TuBu05_SBU_L,L,cb_intrinsic,50007,ER3p_a,ER3p_a_L,L,cb_intrinsic,33
145062,TuBu07,TuBu07_SBU_L,L,cb_intrinsic,25501,ER3w_b,ER3w_b_L,L,cb_intrinsic,33
156074,TuBu02,TuBu02_IBU_L,L,cb_intrinsic,26841,ER3a_a,ER3a_a_L,L,cb_intrinsic,32
153589,TuBu02,TuBu02_IBU_L,L,cb_intrinsic,31970,ER3a_d,ER3a_d_L,L,cb_intrinsic,32
226303,TuBu04,TuBu04_IBU_L,L,cb_intrinsic,33589,ER3d_b,ER3d_b_L,L,cb_intrinsic,32
145366,TuBu05,TuBu05_SBU_L,L,cb_intrinsic,47271,ER3p_a,ER3p_a_L,L,cb_intrinsic,32
108216,TuBu04,TuBu04_IBU_R,R,cb_intrinsic,514180,ER3p_b,ER3p_b_R,R,cb_intrinsic,32
100788,TuBu04,TuBu04_IBU_L,L,cb_intrinsic,530339,ER3d_d,ER3d_d_L,L,cb_intrinsic,31
47208,TuBu01,TuBu01_ABU_R,R,cb_intrinsic,12797,ER4m,ER4m_R,R,cb_intrinsic,31
67782,TuBu01,TuBu01_ABU_R,R,cb_intrinsic,13434,ER4m,ER4m_R,R,cb_intrinsic,31
98899,TuBu03,TuBu03_IBU_R,R,cb_intrinsic,37758,ER3d_a,ER3d_a_R,R,cb_intrinsic,30
100788,TuBu04,TuBu04_IBU_L,L,cb_intrinsic,40558,ER3d_b,ER3d_b_L,L,cb_intrinsic,30
53017,TuBu02,TuBu02_IBU_R,R,cb_intrinsic,47186,ER3m,ER3m_R,R,cb_intrinsic,30
517792,TuBu08,TuBu08_SBU_L,L,cb_intrinsic,20404,ER4d,ER4d_L,L,cb_intrinsic,30
112789,TuBu06,TuBu06_SBU_L,L,cb_intrinsic,516944,ER5,ER5_L,L,cb_intrinsic,30
153589,TuBu02,TuBu02_IBU_L,L,cb_intrinsic,38001,ER3a_d,ER3a_d_L,L,cb_intrinsic,29
162457,TuBu02,TuBu02_IBU_L,L,cb_intrinsic,69454,ER3a_d,ER3a_d_L,L,cb_intrinsic,29
72963,TuBu05,TuBu05_SBU_R,R,cb_intrinsic,512607,ER3p_a,ER3p_a_R,R,cb_intrinsic,29
158930,TuBu06,TuBu06_SBU_L,L,cb_intrinsic,22001,ER5,ER5_L,L,cb_intrinsic,29
162457,TuBu02,TuBu02_IBU_L,L,cb_intrinsic,41908,ER3a_a,ER3a_a_L,L,cb_intrinsic,28
226303,TuBu04,TuBu04_IBU_L,L,cb_intrinsic,46262,ER3d_b,ER3d_b_L,L,cb_intrinsic,28
63068,TuBu04,TuBu04_IBU_R,R,cb_intrinsic,512608,ER3d_b,ER3d_b_R,R,cb_intrinsic,28
108216,TuBu04,TuBu04_IBU_R,R,cb_intrinsic,49869,ER3p_b,ER3p_b_R,R,cb_intrinsic,28
87846,TuBu08,TuBu08_SBU_R,R,cb_intrinsic,24122,ER4d,ER4d_R,R,cb_intrinsic,28
141515,TuBu09,TuBu09_SBU_L,L,cb_intrinsic,522745,ER2_c,ER2_c_L,L,cb_intrinsic,27
87524,TuBu02,TuBu02_IBU_R,R,cb_intrinsic,519329,ER3a_d,ER3a_d_R,R,cb_intrinsic,27
152450,TuBu04,TuBu04_IBU_L,L,cb_intrinsic,51382,ER3d_b,ER3d_b_L,L,cb_intrinsic,27
112789,TuBu06,TuBu06_SBU_L,L,cb_intrinsic,521534,ER5,ER5_L,L,cb_intrinsic,27
160484,TuBu04,TuBu04_IBU_L,L,cb_intrinsic,29791,ER3d_b,ER3d_b_L,L,cb_intrinsic,26
163533,TuBu04,TuBu04_IBU_L,L,cb_intrinsic,33589,ER3d_b,ER3d_b_L,L,cb_intrinsic,26
115153,TuBu03,TuBu03_IBU_R,R,cb_intrinsic,42264,ER3d_e,ER3d_e_R,R,cb_intrinsic,26
96161,TuBu07,TuBu07_SBU_R,R,cb_intrinsic,513678,ER3w_b,ER3w_b_R,R,cb_intrinsic,26
132110,TuBu06,TuBu06_SBU_L,L,cb_intrinsic,39798,ER5,ER5_L,L,cb_intrinsic,26
44675,TuBu02,TuBu02_IBU_R,R,cb_intrinsic,519329,ER3a_d,ER3a_d_R,R,cb_intrinsic,25
160484,TuBu04,TuBu04_IBU_L,L,cb_intrinsic,33589,ER3d_b,ER3d_b_L,L,cb_intrinsic,25
44675,TuBu02,TuBu02_IBU_R,R,cb_intrinsic,52832,ER3m,ER3m_R,R,cb_intrinsic,25
155526,TuBu05,TuBu05_SBU_L,L,cb_intrinsic,53745,ER3p_a,ER3p_a_L,L,cb_intrinsic,25
186151,TuBu07,TuBu07_SBU_L,L,cb_intrinsic,526143,ER3w_b,ER3w_b_L,L,cb_intrinsic,24
53017,TuBu02,TuBu02_IBU_R,R,cb_intrinsic,519329,ER3a_d,ER3a_d_R,R,cb_intrinsic,23
63068,TuBu04,TuBu04_IBU_R,R,cb_intrinsic,28701,ER3d_b,ER3d_b_R,R,cb_intrinsic,23
134591,TuBu10,TuBu10_SBU_L,L,cb_intrinsic,50888,ER2_c,ER2_c_L,L,cb_intrinsic,22
134266,TuBu02,TuBu02_IBU_L,L,cb_intrinsic,35545,ER3a_a,ER3a_a_L,L,cb_intrinsic,22
525604,TuBu04,TuBu04_IBU_R,R,cb_intrinsic,29177,ER3d_b,ER3d_b_R,R,cb_intrinsic,22
65822,TuBu03,TuBu03_IBU_R,R,cb_intrinsic,44127,ER3d_d,ER3d_d_R,R,cb_intrinsic,22
155526,TuBu05,TuBu05_SBU_L,L,cb_intrinsic,39503,ER3p_a,ER3p_a_L,L,cb_intrinsic,22
63068,TuBu04,TuBu04_IBU_R,R,cb_intrinsic,49869,ER3p_b,ER3p_b_R,R,cb_intrinsic,22
226303,TuBu04,TuBu04_IBU_L,L,cb_intrinsic,53618,ER3p_b,ER3p_b_L,L,cb_intrinsic,22
108197,TuBu07,TuBu07_SBU_R,R,cb_intrinsic,513678,ER3w_b,ER3w_b_R,R,cb_intrinsic,22
104935,TuBu08,TuBu08_SBU_R,R,cb_intrinsic,28339,ER4d,ER4d_R,R,cb_intrinsic,22
138355,TuBu08,TuBu08_SBU_R,R,cb_intrinsic,28339,ER4d,ER4d_R,R,cb_intrinsic,21
132110,TuBu06,TuBu06_SBU_L,L,cb_intrinsic,44909,ER5,ER5_L,L,cb_intrinsic,21
525604,TuBu04,TuBu04_IBU_R,R,cb_intrinsic,30674,ER3d_b,ER3d_b_R,R,cb_intrinsic,20
156074,TuBu02,TuBu02_IBU_L,L,cb_intrinsic,27348,ER3m,ER3m_L,L,cb_intrinsic,20
134266,TuBu02,TuBu02_IBU_L,L,cb_intrinsic,44814,ER3m,ER3m_L,L,cb_intrinsic,20
34962,TuBu04,TuBu04_IBU_R,R,cb_intrinsic,49869,ER3p_b,ER3p_b_R,R,cb_intrinsic,20
142032,TuBu07,TuBu07_SBU_L,L,cb_intrinsic,18377,ER3w_b,ER3w_b_L,L,cb_intrinsic,20
152301,TuBu08,TuBu08_SBU_L,L,cb_intrinsic,19410,ER4d,ER4d_L,L,cb_intrinsic,20
66165,TuBu03,TuBu03_IBU_R,R,cb_intrinsic,31684,ER3d_a,ER3d_a_R,R,cb_intrinsic,19
67685,TuBu06,TuBu06_SBU_R,R,cb_intrinsic,12059,ER5,ER5_R,R,cb_intrinsic,19
27582,TuBu06,TuBu06_SBU_R,R,cb_intrinsic,11605,ER5,ER5_R,R,cb_intrinsic,19
146260,TuBu02,TuBu02_IBU_L,L,cb_intrinsic,41908,ER3a_a,ER3a_a_L,L,cb_intrinsic,18
81303,TuBu02,TuBu02_IBU_R,R,cb_intrinsic,23859,ER3a_d,ER3a_d_R,R,cb_intrinsic,18
152450,TuBu04,TuBu04_IBU_L,L,cb_intrinsic,34038,ER3d_b,ER3d_b_L,L,cb_intrinsic,18
105479,TuBu04,TuBu04_IBU_R,R,cb_intrinsic,29177,ER3d_b,ER3d_b_R,R,cb_intrinsic,17
87712,TuBu03,TuBu03_IBU_R,R,cb_intrinsic,44830,ER3d_e,ER3d_e_R,R,cb_intrinsic,17
153589,TuBu02,TuBu02_IBU_L,L,cb_intrinsic,27348,ER3m,ER3m_L,L,cb_intrinsic,17
81303,TuBu02,TuBu02_IBU_R,R,cb_intrinsic,532637,ER3m,ER3m_R,R,cb_intrinsic,17
76057,TuBu07,TuBu07_SBU_R,R,cb_intrinsic,16598,ER3w_b,ER3w_b_R,R,cb_intrinsic,17
168711,TuBu09,TuBu09_SBU_L,L,cb_intrinsic,514042,ER2_b,ER2_b_L,L,cb_intrinsic,16
204393,TuBu07,TuBu07_SBU_R,R,cb_intrinsic,17679,ER2_d,ER2_d_R,R,cb_intrinsic,16
153589,TuBu02,TuBu02_IBU_L,L,cb_intrinsic,26841,ER3a_a,ER3a_a_L,L,cb_intrinsic,16
44675,TuBu02,TuBu02_IBU_R,R,cb_intrinsic,523035,ER3a_a,ER3a_a_R,R,cb_intrinsic,16
153589,TuBu02,TuBu02_IBU_L,L,cb_intrinsic,36928,ER3a_b,ER3a_b_L,L,cb_intrinsic,16
163533,TuBu04,TuBu04_IBU_L,L,cb_intrinsic,34038,ER3d_b,ER3d_b_L,L,cb_intrinsic,16
174623,TuBu07,TuBu07_SBU_R,R,cb_intrinsic,513678,ER3w_b,ER3w_b_R,R,cb_intrinsic,16
158930,TuBu06,TuBu06_SBU_L,L,cb_intrinsic,44909,ER5,ER5_L,L,cb_intrinsic,16
81303,TuBu02,TuBu02_IBU_R,R,cb_intrinsic,523035,ER3a_a,ER3a_a_R,R,cb_intrinsic,15
81047,TuBu03,TuBu03_IBU_R,R,cb_intrinsic,42264,ER3d_e,ER3d_e_R,R,cb_intrinsic,15
88299,TuBu08,TuBu08_SBU_R,R,cb_intrinsic,20980,ER4d,ER4d_R,R,cb_intrinsic,15
83247,TuBu02,TuBu02_IBU_R,R,cb_intrinsic,17419,ER6,ER6_R,R,cb_intrinsic,15
140766,TuBu02,TuBu02_IBU_L,L,cb_intrinsic,69454,ER3a_d,ER3a_d_L,L,cb_intrinsic,14
73808,TuBu04,TuBu04_IBU_R,R,cb_intrinsic,48956,ER3d_b,ER3d_b_R,R,cb_intrinsic,14
154636,TuBu03,TuBu03_IBU_L,L,cb_intrinsic,63782,ER3d_c,ER3d_c_L,L,cb_intrinsic,14
138925,TuBu07,TuBu07_SBU_L,L,cb_intrinsic,26673,ER3w_b,ER3w_b_L,L,cb_intrinsic,14
146693,TuBu09,TuBu09_SBU_L,L,cb_intrinsic,50888,ER2_c,ER2_c_L,L,cb_intrinsic,13
140766,TuBu02,TuBu02_IBU_L,L,cb_intrinsic,512515,ER3a_a,ER3a_a_L,L,cb_intrinsic,13
162457,TuBu02,TuBu02_IBU_L,L,cb_intrinsic,104306,ER3a_a,ER3a_a_L,L,cb_intrinsic,13
83247,TuBu02,TuBu02_IBU_R,R,cb_intrinsic,529826,ER3a_a,ER3a_a_R,R,cb_intrinsic,13
50733,TuBu02,TuBu02_IBU_R,R,cb_intrinsic,23859,ER3a_d,ER3a_d_R,R,cb_intrinsic,13
83247,TuBu02,TuBu02_IBU_R,R,cb_intrinsic,47186,ER3m,ER3m_R,R,cb_intrinsic,13
514601,TuBu05,TuBu05_SBU_L,L,cb_intrinsic,48096,ER3p_a,ER3p_a_L,L,cb_intrinsic,13
155526,TuBu05,TuBu05_SBU_L,L,cb_intrinsic,45134,ER3p_b,ER3p_b_L,L,cb_intrinsic,13
174623,TuBu07,TuBu07_SBU_R,R,cb_intrinsic,27770,ER3w_b,ER3w_b_R,R,cb_intrinsic,13
114443,TuBu06,TuBu06_SBU_R,R,cb_intrinsic,12059,ER5,ER5_R,R,cb_intrinsic,13
140766,TuBu02,TuBu02_IBU_L,L,cb_intrinsic,35545,ER3a_a,ER3a_a_L,L,cb_intrinsic,12
140766,TuBu02,TuBu02_IBU_L,L,cb_intrinsic,41908,ER3a_a,ER3a_a_L,L,cb_intrinsic,12
88849,TuBu06,TuBu06_SBU_R,R,cb_intrinsic,30206,ER5,ER5_R,R,cb_intrinsic,12
96427,TuBu10,TuBu10_SBU_R,R,cb_intrinsic,20945,ER2_c,ER2_c_R,R,cb_intrinsic,11
115153,TuBu03,TuBu03_IBU_R,R,cb_intrinsic,72824,ER3a_a,ER3a_a_R,R,cb_intrinsic,11
50733,TuBu02,TuBu02_IBU_R,R,cb_intrinsic,34239,ER3a_a,ER3a_a_R,R,cb_intrinsic,11
146260,TuBu02,TuBu02_IBU_L,L,cb_intrinsic,31970,ER3a_d,ER3a_d_L,L,cb_intrinsic,11
53017,TuBu02,TuBu02_IBU_R,R,cb_intrinsic,532637,ER3m,ER3m_R,R,cb_intrinsic,11
34962,TuBu04,TuBu04_IBU_R,R,cb_intrinsic,514180,ER3p_b,ER3p_b_R,R,cb_intrinsic,11
148244,TuBu05,TuBu05_SBU_L,L,cb_intrinsic,512319,ER6,ER6_L,L,cb_intrinsic,11
156962,TuBu07,TuBu07_SBU_L,L,cb_intrinsic,20317,ER2_c,ER2_c_L,L,cb_intrinsic,10
53017,TuBu02,TuBu02_IBU_R,R,cb_intrinsic,72824,ER3a_a,ER3a_a_R,R,cb_intrinsic,10
34962,TuBu04,TuBu04_IBU_R,R,cb_intrinsic,512608,ER3d_b,ER3d_b_R,R,cb_intrinsic,10
154080,TuBu09,TuBu09_SBU_L,L,cb_intrinsic,526143,ER3w_b,ER3w_b_L,L,cb_intrinsic,10
148370,TuBu08,TuBu08_SBU_L,L,cb_intrinsic,527653,ER4d,ER4d_L,L,cb_intrinsic,10
115785,TuBu06,TuBu06_SBU_L,L,cb_intrinsic,14963,ER5,ER5_L,L,cb_intrinsic,10
153589,TuBu02,TuBu02_IBU_L,L,cb_intrinsic,56993,ER3a_a,ER3a_a_L,L,cb_intrinsic,9
83247,TuBu02,TuBu02_IBU_R,R,cb_intrinsic,72824,ER3a_a,ER3a_a_R,R,cb_intrinsic,9
202114,TuBu03,TuBu03_IBU_L,L,cb_intrinsic,37437,ER3d_e,ER3d_e_L,L,cb_intrinsic,9
155526,TuBu05,TuBu05_SBU_L,L,cb_intrinsic,53618,ER3p_b,ER3p_b_L,L,cb_intrinsic,9
96458,TuBu07,TuBu07_SBU_R,R,cb_intrinsic,16598,ER3w_b,ER3w_b_R,R,cb_intrinsic,9
143717,TuBu08,TuBu08_SBU_L,L,cb_intrinsic,23315,ER4d,ER4d_L,L,cb_intrinsic,9
112789,TuBu06,TuBu06_SBU_L,L,cb_intrinsic,14464,ER6,ER6_L,L,cb_intrinsic,9
98899,TuBu03,TuBu03_IBU_R,R,cb_intrinsic,31684,ER3d_a,ER3d_a_R,R,cb_intrinsic,8
549816,TuBu03,TuBu03_IBU_L,L,cb_intrinsic,27269,ER3d_c,ER3d_c_L,L,cb_intrinsic,8
100788,TuBu04,TuBu04_IBU_L,L,cb_intrinsic,20514,ER3d_d,ER3d_d_L,L,cb_intrinsic,8
525604,TuBu04,TuBu04_IBU_R,R,cb_intrinsic,517603,ER3d_d,ER3d_d_R,R,cb_intrinsic,8
129625,TuBu05,TuBu05_SBU_L,L,cb_intrinsic,46089,ER3p_a,ER3p_a_L,L,cb_intrinsic,8
174623,TuBu07,TuBu07_SBU_R,R,cb_intrinsic,26843,ER3w_b,ER3w_b_R,R,cb_intrinsic,8
110388,TuBu07,TuBu07_SBU_R,R,cb_intrinsic,25447,ER3w_c,ER3w_c_R,R,cb_intrinsic,8
47208,TuBu01,TuBu01_ABU_R,R,cb_intrinsic,13434,ER4m,ER4m_R,R,cb_intrinsic,8
110388,TuBu07,TuBu07_SBU_R,R,cb_intrinsic,526552,ER3w_b,ER3w_b_R,R,cb_intrinsic,7
108197,TuBu07,TuBu07_SBU_R,R,cb_intrinsic,526552,ER3w_b,ER3w_b_R,R,cb_intrinsic,7
87528,TuBu07,TuBu07_SBU_R,R,cb_intrinsic,25447,ER3w_c,ER3w_c_R,R,cb_intrinsic,7
108197,TuBu07,TuBu07_SBU_R,R,cb_intrinsic,13999,ER3w_c,ER3w_c_R,R,cb_intrinsic,7
114443,TuBu06,TuBu06_SBU_R,R,cb_intrinsic,16343,ER4d,ER4d_R,R,cb_intrinsic,7
158930,TuBu06,TuBu06_SBU_L,L,cb_intrinsic,18633,ER5,ER5_L,L,cb_intrinsic,7
112789,TuBu06,TuBu06_SBU_L,L,cb_intrinsic,10043,ER5,ER5_L,L,cb_intrinsic,7
88849,TuBu06,TuBu06_SBU_R,R,cb_intrinsic,568502,ER5,ER5_R,R,cb_intrinsic,7
529576,TuBu06,TuBu06_SBU_L,L,cb_intrinsic,20026,ER5,ER5_L,L,cb_intrinsic,7
50733,TuBu02,TuBu02_IBU_R,R,cb_intrinsic,36327,ER3a_a,ER3a_a_R,R,cb_intrinsic,6
152450,TuBu04,TuBu04_IBU_L,L,cb_intrinsic,48318,ER3d_c,ER3d_c_L,L,cb_intrinsic,6
152450,TuBu04,TuBu04_IBU_L,L,cb_intrinsic,43039,ER3d_d,ER3d_d_L,L,cb_intrinsic,6
549816,TuBu03,TuBu03_IBU_L,L,cb_intrinsic,38084,ER3m,ER3m_L,L,cb_intrinsic,6
186151,TuBu07,TuBu07_SBU_L,L,cb_intrinsic,512606,ER3w_c,ER3w_c_L,L,cb_intrinsic,6
115785,TuBu06,TuBu06_SBU_L,L,cb_intrinsic,39798,ER5,ER5_L,L,cb_intrinsic,6
158930,TuBu06,TuBu06_SBU_L,L,cb_intrinsic,10043,ER5,ER5_L,L,cb_intrinsic,6
529576,TuBu06,TuBu06_SBU_L,L,cb_intrinsic,14963,ER5,ER5_L,L,cb_intrinsic,6
67685,TuBu06,TuBu06_SBU_R,R,cb_intrinsic,513379,ER5,ER5_R,R,cb_intrinsic,6
530505,TuBu06,TuBu06_SBU_R,R,cb_intrinsic,516110,ER6,ER6_R,R,cb_intrinsic,6
530505,TuBu06,TuBu06_SBU_R,R,cb_intrinsic,17419,ER6,ER6_R,R,cb_intrinsic,6
135903,TuBu10,TuBu10_SBU_L,L,cb_intrinsic,20559,ER2_a,ER2_a_L,L,cb_intrinsic,5
147815,TuBu09,TuBu09_SBU_L,L,cb_intrinsic,21645,ER2_a,ER2_a_L,L,cb_intrinsic,5
147158,TuBu10,TuBu10_SBU_L,L,cb_intrinsic,50888,ER2_c,ER2_c_L,L,cb_intrinsic,5
140766,TuBu02,TuBu02_IBU_L,L,cb_intrinsic,533062,ER3a_a,ER3a_a_L,L,cb_intrinsic,5
98899,TuBu03,TuBu03_IBU_R,R,cb_intrinsic,72824,ER3a_a,ER3a_a_R,R,cb_intrinsic,5
134266,TuBu02,TuBu02_IBU_L,L,cb_intrinsic,31970,ER3a_d,ER3a_d_L,L,cb_intrinsic,5
61025,TuBu03,TuBu03_IBU_R,R,cb_intrinsic,27454,ER3d_c,ER3d_c_R,R,cb_intrinsic,5
152450,TuBu04,TuBu04_IBU_L,L,cb_intrinsic,27903,ER3d_d,ER3d_d_L,L,cb_intrinsic,5
108216,TuBu04,TuBu04_IBU_R,R,cb_intrinsic,25359,ER3p_a,ER3p_a_R,R,cb_intrinsic,5
87524,TuBu02,TuBu02_IBU_R,R,cb_intrinsic,13434,ER4m,ER4m_R,R,cb_intrinsic,5
112789,TuBu06,TuBu06_SBU_L,L,cb_intrinsic,521535,ER5,ER5_L,L,cb_intrinsic,5
156962,TuBu07,TuBu07_SBU_L,L,cb_intrinsic,15444,ER2_d,ER2_d_L,L,cb_intrinsic,4
50733,TuBu02,TuBu02_IBU_R,R,cb_intrinsic,519329,ER3a_d,ER3a_d_R,R,cb_intrinsic,4
160484,TuBu04,TuBu04_IBU_L,L,cb_intrinsic,45839,ER3d_b,ER3d_b_L,L,cb_intrinsic,4
73808,TuBu04,TuBu04_IBU_R,R,cb_intrinsic,30592,ER3d_b,ER3d_b_R,R,cb_intrinsic,4
568738,TuBu03,TuBu03_IBU_L,L,cb_intrinsic,27903,ER3d_d,ER3d_d_L,L,cb_intrinsic,4
152450,TuBu04,TuBu04_IBU_L,L,cb_intrinsic,530339,ER3d_d,ER3d_d_L,L,cb_intrinsic,4
143717,TuBu08,TuBu08_SBU_L,L,cb_intrinsic,25841,ER3w_b,ER3w_b_L,L,cb_intrinsic,4
138925,TuBu07,TuBu07_SBU_L,L,cb_intrinsic,25841,ER3w_b,ER3w_b_L,L,cb_intrinsic,4
67782,TuBu01,TuBu01_ABU_R,R,cb_intrinsic,12797,ER4m,ER4m_R,R,cb_intrinsic,4
27582,TuBu06,TuBu06_SBU_R,R,cb_intrinsic,516110,ER6,ER6_R,R,cb_intrinsic,4
91072,TuBu10,TuBu10_SBU_R,R,cb_intrinsic,21277,ER2_a,ER2_a_R,R,cb_intrinsic,3
141515,TuBu09,TuBu09_SBU_L,L,cb_intrinsic,20317,ER2_c,ER2_c_L,L,cb_intrinsic,3
101349,TuBu09,TuBu09_SBU_L,L,cb_intrinsic,20317,ER2_c,ER2_c_L,L,cb_intrinsic,3
105720,TuBu09,TuBu09_SBU_R,R,cb_intrinsic,20883,ER2_c,ER2_c_R,R,cb_intrinsic,3
91072,TuBu10,TuBu10_SBU_R,R,cb_intrinsic,20945,ER2_c,ER2_c_R,R,cb_intrinsic,3
135903,TuBu10,TuBu10_SBU_L,L,cb_intrinsic,524075,ER2_d,ER2_d_L,L,cb_intrinsic,3
87524,TuBu02,TuBu02_IBU_R,R,cb_intrinsic,34239,ER3a_a,ER3a_a_R,R,cb_intrinsic,3
98899,TuBu03,TuBu03_IBU_R,R,cb_intrinsic,47036,ER3d_a,ER3d_a_R,R,cb_intrinsic,3
154636,TuBu03,TuBu03_IBU_L,L,cb_intrinsic,27269,ER3d_c,ER3d_c_L,L,cb_intrinsic,3
61025,TuBu03,TuBu03_IBU_R,R,cb_intrinsic,47859,ER3d_c,ER3d_c_R,R,cb_intrinsic,3
61025,TuBu03,TuBu03_IBU_R,R,cb_intrinsic,49378,ER3d_c,ER3d_c_R,R,cb_intrinsic,3
164652,TuBu03,TuBu03_IBU_L,L,cb_intrinsic,522759,ER3d_d,ER3d_d_L,L,cb_intrinsic,3
94984,TuBu03,TuBu03_IBU_R,R,cb_intrinsic,44127,ER3d_d,ER3d_d_R,R,cb_intrinsic,3
525604,TuBu04,TuBu04_IBU_R,R,cb_intrinsic,31541,ER3d_d,ER3d_d_R,R,cb_intrinsic,3
106168,TuBu05,TuBu05_SBU_R,R,cb_intrinsic,512607,ER3p_a,ER3p_a_R,R,cb_intrinsic,3
226303,TuBu04,TuBu04_IBU_L,L,cb_intrinsic,45134,ER3p_b,ER3p_b_L,L,cb_intrinsic,3
145062,TuBu07,TuBu07_SBU_L,L,cb_intrinsic,46341,ER3w_b,ER3w_b_L,L,cb_intrinsic,3
96458,TuBu07,TuBu07_SBU_R,R,cb_intrinsic,26843,ER3w_b,ER3w_b_R,R,cb_intrinsic,3
140766,TuBu02,TuBu02_IBU_L,L,cb_intrinsic,17402,ER4m,ER4m_L,L,cb_intrinsic,3
112789,TuBu06,TuBu06_SBU_L,L,cb_intrinsic,18633,ER5,ER5_L,L,cb_intrinsic,3
88849,TuBu06,TuBu06_SBU_R,R,cb_intrinsic,19072,ER5,ER5_R,R,cb_intrinsic,3
67685,TuBu06,TuBu06_SBU_R,R,cb_intrinsic,17171,ER5,ER5_R,R,cb_intrinsic,3
112789,TuBu06,TuBu06_SBU_L,L,cb_intrinsic,512319,ER6,ER6_L,L,cb_intrinsic,3
168711,TuBu09,TuBu09_SBU_L,L,cb_intrinsic,517059,ER2_a,ER2_a_L,L,cb_intrinsic,2
87524,TuBu02,TuBu02_IBU_R,R,cb_intrinsic,36327,ER3a_a,ER3a_a_R,R,cb_intrinsic,2
163533,TuBu04,TuBu04_IBU_L,L,cb_intrinsic,40558,ER3d_b,ER3d_b_L,L,cb_intrinsic,2
156988,TuBu03,TuBu03_IBU_L,L,cb_intrinsic,27903,ER3d_d,ER3d_d_L,L,cb_intrinsic,2
152450,TuBu04,TuBu04_IBU_L,L,cb_intrinsic,522759,ER3d_d,ER3d_d_L,L,cb_intrinsic,2
65822,TuBu03,TuBu03_IBU_R,R,cb_intrinsic,27246,ER3d_d,ER3d_d_R,R,cb_intrinsic,2
525604,TuBu04,TuBu04_IBU_R,R,cb_intrinsic,47464,ER3d_d,ER3d_d_R,R,cb_intrinsic,2
514601,TuBu05,TuBu05_SBU_L,L,cb_intrinsic,19169,ER3m,ER3m_L,L,cb_intrinsic,2
154636,TuBu03,TuBu03_IBU_L,L,cb_intrinsic,19169,ER3m,ER3m_L,L,cb_intrinsic,2
145366,TuBu05,TuBu05_SBU_L,L,cb_intrinsic,39503,ER3p_a,ER3p_a_L,L,cb_intrinsic,2
160484,TuBu04,TuBu04_IBU_L,L,cb_intrinsic,53618,ER3p_b,ER3p_b_L,L,cb_intrinsic,2
168711,TuBu09,TuBu09_SBU_L,L,cb_intrinsic,46242,ER3w_a,ER3w_a_L,L,cb_intrinsic,2
141515,TuBu09,TuBu09_SBU_L,L,cb_intrinsic,48291,ER3w_b,ER3w_b_L,L,cb_intrinsic,2
101349,TuBu09,TuBu09_SBU_L,L,cb_intrinsic,48291,ER3w_b,ER3w_b_L,L,cb_intrinsic,2
168711,TuBu09,TuBu09_SBU_L,L,cb_intrinsic,526143,ER3w_b,ER3w_b_L,L,cb_intrinsic,2
141515,TuBu09,TuBu09_SBU_L,L,cb_intrinsic,25501,ER3w_b,ER3w_b_L,L,cb_intrinsic,2
168711,TuBu09,TuBu09_SBU_L,L,cb_intrinsic,25841,ER3w_b,ER3w_b_L,L,cb_intrinsic,2
213941,TuBu09,TuBu09_SBU_L,L,cb_intrinsic,59337,ER3w_b,ER3w_b_L,L,cb_intrinsic,2
87528,TuBu07,TuBu07_SBU_R,R,cb_intrinsic,526552,ER3w_b,ER3w_b_R,R,cb_intrinsic,2
145062,TuBu07,TuBu07_SBU_L,L,cb_intrinsic,26673,ER3w_b,ER3w_b_L,L,cb_intrinsic,2
135903,TuBu10,TuBu10_SBU_L,L,cb_intrinsic,25797,ER4d,ER4d_L,L,cb_intrinsic,2
154510,TuBu08,TuBu08_SBU_L,L,cb_intrinsic,24879,ER4d,ER4d_L,L,cb_intrinsic,2
87846,TuBu08,TuBu08_SBU_R,R,cb_intrinsic,23080,ER4d,ER4d_R,R,cb_intrinsic,2
138655,TuBu08,TuBu08_SBU_L,L,cb_intrinsic,24459,ER4d,ER4d_L,L,cb_intrinsic,2
67782,TuBu01,TuBu01_ABU_R,R,cb_intrinsic,519347,ER4m,ER4m_R,R,cb_intrinsic,2
114115,TuBu01,TuBu01_ABU_L,L,cb_intrinsic,454614,ER4m,ER4m_L,L,cb_intrinsic,2
14474,TuBu01,TuBu01_ABU_L,L,cb_intrinsic,17402,ER4m,ER4m_L,L,cb_intrinsic,2
158930,TuBu06,TuBu06_SBU_L,L,cb_intrinsic,521528,ER5,ER5_L,L,cb_intrinsic,2
132110,TuBu06,TuBu06_SBU_L,L,cb_intrinsic,10043,ER5,ER5_L,L,cb_intrinsic,2
530505,TuBu06,TuBu06_SBU_R,R,cb_intrinsic,17171,ER5,ER5_R,R,cb_intrinsic,2
115785,TuBu06,TuBu06_SBU_L,L,cb_intrinsic,44909,ER5,ER5_L,L,cb_intrinsic,2
88849,TuBu06,TuBu06_SBU_R,R,cb_intrinsic,17078,ER5,ER5_R,R,cb_intrinsic,2
529576,TuBu06,TuBu06_SBU_L,L,cb_intrinsic,14464,ER6,ER6_L,L,cb_intrinsic,2
135903,TuBu10,TuBu10_SBU_L,L,cb_intrinsic,36524,ER2_a,ER2_a_L,L,cb_intrinsic,1
578800,TuBu10,TuBu10_SBU_L,L,cb_intrinsic,21645,ER2_a,ER2_a_L,L,cb_intrinsic,1
89729,TuBu09,TuBu09_SBU_R,R,cb_intrinsic,21277,ER2_a,ER2_a_R,R,cb_intrinsic,1
201295,TuBu09,TuBu09_SBU_L,L,cb_intrinsic,23097,ER2_a,ER2_a_L,L,cb_intrinsic,1
141515,TuBu09,TuBu09_SBU_L,L,cb_intrinsic,514803,ER2_b,ER2_b_L,L,cb_intrinsic,1
153373,TuBu09,TuBu09_SBU_R,R,cb_intrinsic,26136,ER2_b,ER2_b_R,R,cb_intrinsic,1
107200,TuBu09,TuBu09_SBU_R,R,cb_intrinsic,26136,ER2_b,ER2_b_R,R,cb_intrinsic,1
142904,TuBu10,TuBu10_SBU_L,L,cb_intrinsic,21752,ER2_c,ER2_c_L,L,cb_intrinsic,1
105720,TuBu09,TuBu09_SBU_R,R,cb_intrinsic,18664,ER2_c,ER2_c_R,R,cb_intrinsic,1
87528,TuBu07,TuBu07_SBU_R,R,cb_intrinsic,18664,ER2_c,ER2_c_R,R,cb_intrinsic,1
69499,TuBu09,TuBu09_SBU_R,R,cb_intrinsic,18664,ER2_c,ER2_c_R,R,cb_intrinsic,1
151423,TuBu05,TuBu05_SBU_L,L,cb_intrinsic,18508,ER2_c,ER2_c_L,L,cb_intrinsic,1
205453,TuBu09,TuBu09_SBU_L,L,cb_intrinsic,18733,ER2_c,ER2_c_L,L,cb_intrinsic,1
134591,TuBu10,TuBu10_SBU_L,L,cb_intrinsic,19807,ER2_c,ER2_c_L,L,cb_intrinsic,1
101349,TuBu09,TuBu09_SBU_L,L,cb_intrinsic,19807,ER2_c,ER2_c_L,L,cb_intrinsic,1
134591,TuBu10,TuBu10_SBU_L,L,cb_intrinsic,25709,ER2_c,ER2_c_L,L,cb_intrinsic,1
158296,TuBu09,TuBu09_SBU_L,L,cb_intrinsic,50888,ER2_c,ER2_c_L,L,cb_intrinsic,1
101349,TuBu09,TuBu09_SBU_L,L,cb_intrinsic,50888,ER2_c,ER2_c_L,L,cb_intrinsic,1
146693,TuBu09,TuBu09_SBU_L,L,cb_intrinsic,522745,ER2_c,ER2_c_L,L,cb_intrinsic,1
530148,TuBu09,TuBu09_SBU_R,R,cb_intrinsic,20945,ER2_c,ER2_c_R,R,cb_intrinsic,1
91271,TuBu10,TuBu10_SBU_R,R,cb_intrinsic,20945,ER2_c,ER2_c_R,R,cb_intrinsic,1
89729,TuBu09,TuBu09_SBU_R,R,cb_intrinsic,20945,ER2_c,ER2_c_R,R,cb_intrinsic,1
89097,TuBu09,TuBu09_SBU_R,R,cb_intrinsic,20945,ER2_c,ER2_c_R,R,cb_intrinsic,1
69499,TuBu09,TuBu09_SBU_R,R,cb_intrinsic,20945,ER2_c,ER2_c_R,R,cb_intrinsic,1
105720,TuBu09,TuBu09_SBU_R,R,cb_intrinsic,19935,ER2_c,ER2_c_R,R,cb_intrinsic,1
97157,TuBu10,TuBu10_SBU_R,R,cb_intrinsic,19935,ER2_c,ER2_c_R,R,cb_intrinsic,1
34962,TuBu04,TuBu04_IBU_R,R,cb_intrinsic,21449,ER2_c,ER2_c_R,R,cb_intrinsic,1
168711,TuBu09,TuBu09_SBU_L,L,cb_intrinsic,15444,ER2_d,ER2_d_L,L,cb_intrinsic,1
222298,TuBu10,TuBu10_SBU_L,L,cb_intrinsic,524075,ER2_d,ER2_d_L,L,cb_intrinsic,1
138925,TuBu07,TuBu07_SBU_L,L,cb_intrinsic,524075,ER2_d,ER2_d_L,L,cb_intrinsic,1
134591,TuBu10,TuBu10_SBU_L,L,cb_intrinsic,524075,ER2_d,ER2_d_L,L,cb_intrinsic,1
204393,TuBu07,TuBu07_SBU_R,R,cb_intrinsic,20678,ER2_d,ER2_d_R,R,cb_intrinsic,1
110388,TuBu07,TuBu07_SBU_R,R,cb_intrinsic,21059,ER2_d,ER2_d_R,R,cb_intrinsic,1
69499,TuBu09,TuBu09_SBU_R,R,cb_intrinsic,17679,ER2_d,ER2_d_R,R,cb_intrinsic,1
153589,TuBu02,TuBu02_IBU_L,L,cb_intrinsic,533062,ER3a_a,ER3a_a_L,L,cb_intrinsic,1
87524,TuBu02,TuBu02_IBU_R,R,cb_intrinsic,529826,ER3a_a,ER3a_a_R,R,cb_intrinsic,1
87524,TuBu02,TuBu02_IBU_R,R,cb_intrinsic,23163,ER3a_a,ER3a_a_R,R,cb_intrinsic,1
50733,TuBu02,TuBu02_IBU_R,R,cb_intrinsic,23163,ER3a_a,ER3a_a_R,R,cb_intrinsic,1
44675,TuBu02,TuBu02_IBU_R,R,cb_intrinsic,23859,ER3a_d,ER3a_d_R,R,cb_intrinsic,1
87712,TuBu03,TuBu03_IBU_R,R,cb_intrinsic,37758,ER3d_a,ER3d_a_R,R,cb_intrinsic,1
67116,TuBu03,TuBu03_IBU_R,R,cb_intrinsic,37758,ER3d_a,ER3d_a_R,R,cb_intrinsic,1
115153,TuBu03,TuBu03_IBU_R,R,cb_intrinsic,22644,ER3d_a,ER3d_a_R,R,cb_intrinsic,1
119244,TuBu03,TuBu03_IBU_R,R,cb_intrinsic,47036,ER3d_a,ER3d_a_R,R,cb_intrinsic,1
514601,TuBu05,TuBu05_SBU_L,L,cb_intrinsic,46262,ER3d_b,ER3d_b_L,L,cb_intrinsic,1
202114,TuBu03,TuBu03_IBU_L,L,cb_intrinsic,46262,ER3d_b,ER3d_b_L,L,cb_intrinsic,1
191694,TuBu04,TuBu04_IBU_L,L,cb_intrinsic,46262,ER3d_b,ER3d_b_L,L,cb_intrinsic,1
129625,TuBu05,TuBu05_SBU_L,L,cb_intrinsic,33589,ER3d_b,ER3d_b_L,L,cb_intrinsic,1
73808,TuBu04,TuBu04_IBU_R,R,cb_intrinsic,29177,ER3d_b,ER3d_b_R,R,cb_intrinsic,1
525604,TuBu04,TuBu04_IBU_R,R,cb_intrinsic,30178,ER3d_b,ER3d_b_R,R,cb_intrinsic,1
63068,TuBu04,TuBu04_IBU_R,R,cb_intrinsic,30178,ER3d_b,ER3d_b_R,R,cb_intrinsic,1
34962,TuBu04,TuBu04_IBU_R,R,cb_intrinsic,30178,ER3d_b,ER3d_b_R,R,cb_intrinsic,1
100788,TuBu04,TuBu04_IBU_L,L,cb_intrinsic,25329,ER3d_c,ER3d_c_L,L,cb_intrinsic,1
148244,TuBu05,TuBu05_SBU_L,L,cb_intrinsic,63782,ER3d_c,ER3d_c_L,L,cb_intrinsic,1
152450,TuBu04,TuBu04_IBU_L,L,cb_intrinsic,27269,ER3d_c,ER3d_c_L,L,cb_intrinsic,1
129625,TuBu05,TuBu05_SBU_L,L,cb_intrinsic,20514,ER3d_d,ER3d_d_L,L,cb_intrinsic,1
163533,TuBu04,TuBu04_IBU_L,L,cb_intrinsic,522759,ER3d_d,ER3d_d_L,L,cb_intrinsic,1
163533,TuBu04,TuBu04_IBU_L,L,cb_intrinsic,530339,ER3d_d,ER3d_d_L,L,cb_intrinsic,1
63068,TuBu04,TuBu04_IBU_R,R,cb_intrinsic,27052,ER3d_d,ER3d_d_R,R,cb_intrinsic,1
73808,TuBu04,TuBu04_IBU_R,R,cb_intrinsic,44127,ER3d_d,ER3d_d_R,R,cb_intrinsic,1
148244,TuBu05,TuBu05_SBU_L,L,cb_intrinsic,37437,ER3d_e,ER3d_e_L,L,cb_intrinsic,1
115153,TuBu03,TuBu03_IBU_R,R,cb_intrinsic,37817,ER3d_e,ER3d_e_R,R,cb_intrinsic,1
98899,TuBu03,TuBu03_IBU_R,R,cb_intrinsic,44830,ER3d_e,ER3d_e_R,R,cb_intrinsic,1
158606,TuBu03,TuBu03_IBU_R,R,cb_intrinsic,21664,ER3d_e,ER3d_e_R,R,cb_intrinsic,1
115153,TuBu03,TuBu03_IBU_R,R,cb_intrinsic,21664,ER3d_e,ER3d_e_R,R,cb_intrinsic,1
98899,TuBu03,TuBu03_IBU_R,R,cb_intrinsic,42264,ER3d_e,ER3d_e_R,R,cb_intrinsic,1
50733,TuBu02,TuBu02_IBU_R,R,cb_intrinsic,26939,ER3m,ER3m_R,R,cb_intrinsic,1
149714,TuBu03,TuBu03_IBU_L,L,cb_intrinsic,19169,ER3m,ER3m_L,L,cb_intrinsic,1
121507,TuBu05,TuBu05_SBU_R,R,cb_intrinsic,515761,ER3p_a,ER3p_a_R,R,cb_intrinsic,1
160484,TuBu04,TuBu04_IBU_L,L,cb_intrinsic,45134,ER3p_b,ER3p_b_L,L,cb_intrinsic,1
100788,TuBu04,TuBu04_IBU_L,L,cb_intrinsic,45134,ER3p_b,ER3p_b_L,L,cb_intrinsic,1
174623,TuBu07,TuBu07_SBU_R,R,cb_intrinsic,43683,ER3w_a,ER3w_a_R,R,cb_intrinsic,1
134304,TuBu07,TuBu07_SBU_R,R,cb_intrinsic,43683,ER3w_a,ER3w_a_R,R,cb_intrinsic,1
107200,TuBu09,TuBu09_SBU_R,R,cb_intrinsic,43683,ER3w_a,ER3w_a_R,R,cb_intrinsic,1
96161,TuBu07,TuBu07_SBU_R,R,cb_intrinsic,43683,ER3w_a,ER3w_a_R,R,cb_intrinsic,1
107200,TuBu09,TuBu09_SBU_R,R,cb_intrinsic,523788,ER3w_a,ER3w_a_R,R,cb_intrinsic,1
141515,TuBu09,TuBu09_SBU_L,L,cb_intrinsic,46341,ER3w_b,ER3w_b_L,L,cb_intrinsic,1
146693,TuBu09,TuBu09_SBU_L,L,cb_intrinsic,48291,ER3w_b,ER3w_b_L,L,cb_intrinsic,1
530148,TuBu09,TuBu09_SBU_R,R,cb_intrinsic,26843,ER3w_b,ER3w_b_R,R,cb_intrinsic,1
204393,TuBu07,TuBu07_SBU_R,R,cb_intrinsic,26843,ER3w_b,ER3w_b_R,R,cb_intrinsic,1
213941,TuBu09,TuBu09_SBU_L,L,cb_intrinsic,25841,ER3w_b,ER3w_b_L,L,cb_intrinsic,1
168711,TuBu09,TuBu09_SBU_L,L,cb_intrinsic,18377,ER3w_b,ER3w_b_L,L,cb_intrinsic,1
167420,TuBu07,TuBu07_SBU_L,L,cb_intrinsic,18377,ER3w_b,ER3w_b_L,L,cb_intrinsic,1
145062,TuBu07,TuBu07_SBU_L,L,cb_intrinsic,18377,ER3w_b,ER3w_b_L,L,cb_intrinsic,1
138925,TuBu07,TuBu07_SBU_L,L,cb_intrinsic,18377,ER3w_b,ER3w_b_L,L,cb_intrinsic,1
186151,TuBu07,TuBu07_SBU_L,L,cb_intrinsic,26673,ER3w_b,ER3w_b_L,L,cb_intrinsic,1
167420,TuBu07,TuBu07_SBU_L,L,cb_intrinsic,50694,ER3w_b,ER3w_b_L,L,cb_intrinsic,1
107200,TuBu09,TuBu09_SBU_R,R,cb_intrinsic,27770,ER3w_b,ER3w_b_R,R,cb_intrinsic,1
162232,TuBu07,TuBu07_SBU_R,R,cb_intrinsic,513678,ER3w_b,ER3w_b_R,R,cb_intrinsic,1
87528,TuBu07,TuBu07_SBU_R,R,cb_intrinsic,27043,ER3w_c,ER3w_c_R,R,cb_intrinsic,1
153373,TuBu09,TuBu09_SBU_R,R,cb_intrinsic,13999,ER3w_c,ER3w_c_R,R,cb_intrinsic,1
134304,TuBu07,TuBu07_SBU_R,R,cb_intrinsic,13999,ER3w_c,ER3w_c_R,R,cb_intrinsic,1
159363,TuBu07,TuBu07_SBU_L,L,cb_intrinsic,25203,ER3w_c,ER3w_c_L,L,cb_intrinsic,1
145062,TuBu07,TuBu07_SBU_L,L,cb_intrinsic,24549,ER3w_c,ER3w_c_L,L,cb_intrinsic,1
138925,TuBu07,TuBu07_SBU_L,L,cb_intrinsic,512606,ER3w_c,ER3w_c_L,L,cb_intrinsic,1
517792,TuBu08,TuBu08_SBU_L,L,cb_intrinsic,23315,ER4d,ER4d_L,L,cb_intrinsic,1
156962,TuBu07,TuBu07_SBU_L,L,cb_intrinsic,25797,ER4d,ER4d_L,L,cb_intrinsic,1
222298,TuBu10,TuBu10_SBU_L,L,cb_intrinsic,50808,ER4d,ER4d_L,L,cb_intrinsic,1
139896,TuBu08,TuBu08_SBU_L,L,cb_intrinsic,24879,ER4d,ER4d_L,L,cb_intrinsic,1
115785,TuBu06,TuBu06_SBU_L,L,cb_intrinsic,24879,ER4d,ER4d_L,L,cb_intrinsic,1
529576,TuBu06,TuBu06_SBU_L,L,cb_intrinsic,527653,ER4d,ER4d_L,L,cb_intrinsic,1
64793,TuBu08,TuBu08_SBU_R,R,cb_intrinsic,17591,ER4d,ER4d_R,R,cb_intrinsic,1
87846,TuBu08,TuBu08_SBU_R,R,cb_intrinsic,23874,ER4d,ER4d_R,R,cb_intrinsic,1
115785,TuBu06,TuBu06_SBU_L,L,cb_intrinsic,19791,ER4d,ER4d_L,L,cb_intrinsic,1
113340,TuBu10,TuBu10_SBU_L,L,cb_intrinsic,23197,ER4d,ER4d_L,L,cb_intrinsic,1
87846,TuBu08,TuBu08_SBU_R,R,cb_intrinsic,19323,ER4d,ER4d_R,R,cb_intrinsic,1
37039,TuBu05,TuBu05_SBU_R,R,cb_intrinsic,19323,ER4d,ER4d_R,R,cb_intrinsic,1
114443,TuBu06,TuBu06_SBU_R,R,cb_intrinsic,13094,ER4d,ER4d_R,R,cb_intrinsic,1
78944,TuBu08,TuBu08_SBU_R,R,cb_intrinsic,13094,ER4d,ER4d_R,R,cb_intrinsic,1
147158,TuBu10,TuBu10_SBU_L,L,cb_intrinsic,24459,ER4d,ER4d_L,L,cb_intrinsic,1
47208,TuBu01,TuBu01_ABU_R,R,cb_intrinsic,13395,ER4m,ER4m_R,R,cb_intrinsic,1
529575,TuBu01,TuBu01_ABU_L,L,cb_intrinsic,13985,ER4m,ER4m_L,L,cb_intrinsic,1
135903,TuBu10,TuBu10_SBU_L,L,cb_intrinsic,18633,ER5,ER5_L,L,cb_intrinsic,1
132110,TuBu06,TuBu06_SBU_L,L,cb_intrinsic,18633,ER5,ER5_L,L,cb_intrinsic,1
132461,TuBu10,TuBu10_SBU_L,L,cb_intrinsic,521528,ER5,ER5_L,L,cb_intrinsic,1
67685,TuBu06,TuBu06_SBU_R,R,cb_intrinsic,19072,ER5,ER5_R,R,cb_intrinsic,1
134591,TuBu10,TuBu10_SBU_L,L,cb_intrinsic,44909,ER5,ER5_L,L,cb_intrinsic,1
100788,TuBu04,TuBu04_IBU_L,L,cb_intrinsic,512319,ER6,ER6_L,L,cb_intrinsic,1
