phase,relative_angle_deg,step,time_s,target_x,target_y,target_z,image_width,image_height,target_visible,red_pixels,red_fraction,centroid_x_px,centroid_x_norm,left_fraction,center_fraction,right_fraction
LEFT,18.0,1,0.0320,0.474750,0.337205,0.039936,52,39,1,303,0.149408,6.0132,-0.764188,1.000000,0.000000,0.000000
LEFT,18.0,2,0.0640,0.474750,0.337205,0.039936,52,39,1,303,0.149408,6.0132,-0.764188,1.000000,0.000000,0.000000
LEFT,18.0,3,0.0960,0.474750,0.337205,0.039936,52,39,1,303,0.149408,6.0132,-0.764188,1.000000,0.000000,0.000000
LEFT,18.0,4,0.1280,0.474750,0.337205,0.039936,52,39,1,303,0.149408,6.0132,-0.764188,1.000000,0.000000,0.000000
LEFT,18.0,5,0.1600,0.474750,0.337205,0.039936,52,39,1,303,0.149408,6.0132,-0.764188,1.000000,0.000000,0.000000
LEFT,18.0,6,0.1920,0.474750,0.337205,0.039936,52,39,1,303,0.149408,6.0132,-0.764188,1.000000,0.000000,0.000000
LEFT,18.0,7,0.2240,0.474750,0.337205,0.039936,52,39,1,303,0.149408,6.0132,-0.764188,1.000000,0.000000,0.000000
LEFT,18.0,8,0.2560,0.474750,0.337205,0.039936,52,39,1,303,0.149408,6.0132,-0.764188,1.000000,0.000000,0.000000
LEFT,18.0,9,0.2880,0.474750,0.337205,0.039936,52,39,1,303,0.149408,6.0132,-0.764188,1.000000,0.000000,0.000000
LEFT,18.0,10,0.3200,0.474750,0.337205,0.039936,52,39,1,303,0.149408,6.0132,-0.764188,1.000000,0.000000,0.000000
LEFT,18.0,11,0.3520,0.474750,0.337205,0.039936,52,39,1,303,0.149408,6.0132,-0.764188,1.000000,0.000000,0.000000
LEFT,18.0,12,0.3840,0.474750,0.337205,0.039936,52,39,1,303,0.149408,6.0132,-0.764188,1.000000,0.000000,0.000000
LEFT,18.0,13,0.4160,0.474750,0.337205,0.039936,52,39,1,303,0.149408,6.0132,-0.764188,1.000000,0.000000,0.000000
LEFT,18.0,14,0.4480,0.474750,0.337205,0.039936,52,39,1,303,0.149408,6.0132,-0.764188,1.000000,0.000000,0.000000
LEFT,18.0,15,0.4800,0.474750,0.337205,0.039936,52,39,1,303,0.149408,6.0132,-0.764188,1.000000,0.000000,0.000000
LEFT,18.0,16,0.5120,0.474750,0.337205,0.039936,52,39,1,303,0.149408,6.0132,-0.764188,1.000000,0.000000,0.000000
LEFT,18.0,17,0.5440,0.474750,0.337205,0.039936,52,39,1,303,0.149408,6.0132,-0.764188,1.000000,0.000000,0.000000
LEFT,18.0,18,0.5760,0.474750,0.337205,0.039936,52,39,1,303,0.149408,6.0132,-0.764188,1.000000,0.000000,0.000000
LEFT,18.0,19,0.6080,0.474750,0.337205,0.039936,52,39,1,303,0.149408,6.0132,-0.764188,1.000000,0.000000,0.000000
LEFT,18.0,20,0.6400,0.474750,0.337205,0.039936,52,39,1,303,0.149408,6.0132,-0.764188,1.000000,0.000000,0.000000
LEFT,18.0,21,0.6720,0.474750,0.337205,0.039936,52,39,1,303,0.149408,6.0132,-0.764188,1.000000,0.000000,0.000000
LEFT,18.0,22,0.7040,0.474750,0.337205,0.039936,52,39,1,303,0.149408,6.0132,-0.764188,1.000000,0.000000,0.000000
LEFT,18.0,23,0.7360,0.474750,0.337205,0.039936,52,39,1,303,0.149408,6.0132,-0.764188,1.000000,0.000000,0.000000
LEFT,18.0,24,0.7680,0.474750,0.337205,0.039936,52,39,1,303,0.149408,6.0132,-0.764188,1.000000,0.000000,0.000000
LEFT,18.0,25,0.8000,0.474750,0.337205,0.039936,52,39,1,303,0.149408,6.0132,-0.764188,1.000000,0.000000,0.000000
LEFT,18.0,26,0.8320,0.474750,0.337205,0.039936,52,39,1,303,0.149408,6.0132,-0.764188,1.000000,0.000000,0.000000
LEFT,18.0,27,0.8640,0.474750,0.337205,0.039936,52,39,1,303,0.149408,6.0132,-0.764188,1.000000,0.000000,0.000000
LEFT,18.0,28,0.8960,0.474750,0.337205,0.039936,52,39,1,303,0.149408,6.0132,-0.764188,1.000000,0.000000,0.000000
LEFT,18.0,29,0.9280,0.474750,0.337205,0.039936,52,39,1,303,0.149408,6.0132,-0.764188,1.000000,0.000000,0.000000
LEFT,18.0,30,0.9600,0.474750,0.337205,0.039936,52,39,1,303,0.149408,6.0132,-0.764188,1.000000,0.000000,0.000000
LEFT,18.0,31,0.9920,0.474750,0.337205,0.039936,52,39,1,303,0.149408,6.0132,-0.764188,1.000000,0.000000,0.000000
LEFT,18.0,32,1.0240,0.474750,0.337205,0.039936,52,39,1,303,0.149408,6.0132,-0.764188,1.000000,0.000000,0.000000
LEFT,18.0,33,1.0560,0.474750,0.337205,0.039936,52,39,1,303,0.149408,6.0132,-0.764188,1.000000,0.000000,0.000000
LEFT,18.0,34,1.0880,0.474750,0.337205,0.039936,52,39,1,303,0.149408,6.0132,-0.764188,1.000000,0.000000,0.000000
LEFT,18.0,35,1.1200,0.474750,0.337205,0.039936,52,39,1,303,0.149408,6.0132,-0.764188,1.000000,0.000000,0.000000
LEFT,18.0,36,1.1520,0.474750,0.337205,0.039936,52,39,1,303,0.149408,6.0132,-0.764188,1.000000,0.000000,0.000000
LEFT,18.0,37,1.1840,0.474750,0.337205,0.039936,52,39,1,303,0.149408,6.0132,-0.764188,1.000000,0.000000,0.000000
LEFT,18.0,38,1.2160,0.474750,0.337205,0.039936,52,39,1,303,0.149408,6.0132,-0.764188,1.000000,0.000000,0.000000
LEFT,18.0,39,1.2480,0.474750,0.337205,0.039936,52,39,1,303,0.149408,6.0132,-0.764188,1.000000,0.000000,0.000000
LEFT,18.0,40,1.2800,0.474750,0.337205,0.039936,52,39,1,303,0.149408,6.0132,-0.764188,1.000000,0.000000,0.000000
LEFT,18.0,41,1.3120,0.474750,0.337205,0.039936,52,39,1,303,0.149408,6.0132,-0.764188,1.000000,0.000000,0.000000
LEFT,18.0,42,1.3440,0.474750,0.337205,0.039936,52,39,1,303,0.149408,6.0132,-0.764188,1.000000,0.000000,0.000000
LEFT,18.0,43,1.3760,0.474750,0.337205,0.039936,52,39,1,303,0.149408,6.0132,-0.764188,1.000000,0.000000,0.000000
LEFT,18.0,44,1.4080,0.474750,0.337205,0.039936,52,39,1,303,0.149408,6.0132,-0.764188,1.000000,0.000000,0.000000
LEFT,18.0,45,1.4400,0.474750,0.337205,0.039936,52,39,1,303,0.149408,6.0132,-0.764188,1.000000,0.000000,0.000000
LEFT,18.0,46,1.4720,0.474750,0.337205,0.039936,52,39,1,303,0.149408,6.0132,-0.764188,1.000000,0.000000,0.000000
LEFT,18.0,47,1.5040,0.474750,0.337205,0.039936,52,39,1,303,0.149408,6.0132,-0.764188,1.000000,0.000000,0.000000
LEFT,18.0,48,1.5360,0.474750,0.337205,0.039936,52,39,1,303,0.149408,6.0132,-0.764188,1.000000,0.000000,0.000000
LEFT,18.0,49,1.5680,0.474750,0.337205,0.039936,52,39,1,303,0.149408,6.0132,-0.764188,1.000000,0.000000,0.000000
LEFT,18.0,50,1.6000,0.474750,0.337205,0.039936,52,39,1,303,0.149408,6.0132,-0.764188,1.000000,0.000000,0.000000
LEFT,18.0,51,1.6320,0.474750,0.337205,0.039936,52,39,1,303,0.149408,6.0132,-0.764188,1.000000,0.000000,0.000000
LEFT,18.0,52,1.6640,0.474750,0.337205,0.039936,52,39,1,303,0.149408,6.0132,-0.764188,1.000000,0.000000,0.000000
LEFT,18.0,53,1.6960,0.474750,0.337205,0.039936,52,39,1,303,0.149408,6.0132,-0.764188,1.000000,0.000000,0.000000
LEFT,18.0,54,1.7280,0.474750,0.337205,0.039936,52,39,1,303,0.149408,6.0132,-0.764188,1.000000,0.000000,0.000000
LEFT,18.0,55,1.7600,0.474750,0.337205,0.039936,52,39,1,303,0.149408,6.0132,-0.764188,1.000000,0.000000,0.000000
LEFT,18.0,56,1.7920,0.474750,0.337205,0.039936,52,39,1,303,0.149408,6.0132,-0.764188,1.000000,0.000000,0.000000
LEFT,18.0,57,1.8240,0.474750,0.337205,0.039936,52,39,1,303,0.149408,6.0132,-0.764188,1.000000,0.000000,0.000000
LEFT,18.0,58,1.8560,0.474750,0.337205,0.039936,52,39,1,303,0.149408,6.0132,-0.764188,1.000000,0.000000,0.000000
LEFT,18.0,59,1.8880,0.474750,0.337205,0.039936,52,39,1,303,0.149408,6.0132,-0.764188,1.000000,0.000000,0.000000
LEFT,18.0,60,1.9200,0.474750,0.337205,0.039936,52,39,1,303,0.149408,6.0132,-0.764188,1.000000,0.000000,0.000000
LEFT,18.0,61,1.9520,0.474750,0.337205,0.039936,52,39,1,303,0.149408,6.0132,-0.764188,1.000000,0.000000,0.000000
LEFT,18.0,62,1.9840,0.474750,0.337205,0.039936,52,39,1,303,0.149408,6.0132,-0.764188,1.000000,0.000000,0.000000
LEFT,18.0,63,2.0160,0.474750,0.337205,0.039936,52,39,1,303,0.149408,6.0132,-0.764188,1.000000,0.000000,0.000000
LEFT,18.0,64,2.0480,0.474750,0.337205,0.039936,52,39,1,303,0.149408,6.0132,-0.764188,1.000000,0.000000,0.000000
LEFT,18.0,65,2.0800,0.474750,0.337205,0.039936,52,39,1,303,0.149408,6.0132,-0.764188,1.000000,0.000000,0.000000
LEFT,18.0,66,2.1120,0.474750,0.337205,0.039936,52,39,1,303,0.149408,6.0132,-0.764188,1.000000,0.000000,0.000000
LEFT,18.0,67,2.1440,0.474750,0.337205,0.039936,52,39,1,303,0.149408,6.0132,-0.764188,1.000000,0.000000,0.000000
LEFT,18.0,68,2.1760,0.474750,0.337205,0.039936,52,39,1,303,0.149408,6.0132,-0.764188,1.000000,0.000000,0.000000
LEFT,18.0,69,2.2080,0.474750,0.337205,0.039936,52,39,1,303,0.149408,6.0132,-0.764188,1.000000,0.000000,0.000000
LEFT,18.0,70,2.2400,0.474750,0.337205,0.039936,52,39,1,303,0.149408,6.0132,-0.764188,1.000000,0.000000,0.000000
LEFT,18.0,71,2.2720,0.474750,0.337205,0.039936,52,39,1,303,0.149408,6.0132,-0.764188,1.000000,0.000000,0.000000
LEFT,18.0,72,2.3040,0.474750,0.337205,0.039936,52,39,1,303,0.149408,6.0132,-0.764188,1.000000,0.000000,0.000000
LEFT,18.0,73,2.3360,0.474750,0.337205,0.039936,52,39,1,303,0.149408,6.0132,-0.764188,1.000000,0.000000,0.000000
LEFT,18.0,74,2.3680,0.474750,0.337205,0.039936,52,39,1,303,0.149408,6.0132,-0.764188,1.000000,0.000000,0.000000
LEFT,18.0,75,2.4000,0.474750,0.337205,0.039936,52,39,1,303,0.149408,6.0132,-0.764188,1.000000,0.000000,0.000000
LEFT,18.0,76,2.4320,0.474750,0.337205,0.039936,52,39,1,303,0.149408,6.0132,-0.764188,1.000000,0.000000,0.000000
LEFT,18.0,77,2.4640,0.474750,0.337205,0.039936,52,39,1,303,0.149408,6.0132,-0.764188,1.000000,0.000000,0.000000
LEFT,18.0,78,2.4960,0.474750,0.337205,0.039936,52,39,1,303,0.149408,6.0132,-0.764188,1.000000,0.000000,0.000000
LEFT,18.0,79,2.5280,0.474750,0.337205,0.039936,52,39,1,303,0.149408,6.0132,-0.764188,1.000000,0.000000,0.000000
LEFT,18.0,80,2.5600,0.474750,0.337205,0.039936,52,39,1,303,0.149408,6.0132,-0.764188,1.000000,0.000000,0.000000
LEFT,18.0,81,2.5920,0.474750,0.337205,0.039936,52,39,1,303,0.149408,6.0132,-0.764188,1.000000,0.000000,0.000000
LEFT,18.0,82,2.6240,0.474750,0.337205,0.039936,52,39,1,303,0.149408,6.0132,-0.764188,1.000000,0.000000,0.000000
LEFT,18.0,83,2.6560,0.474750,0.337205,0.039936,52,39,1,303,0.149408,6.0132,-0.764188,1.000000,0.000000,0.000000
LEFT,18.0,84,2.6880,0.474750,0.337205,0.039936,52,39,1,303,0.149408,6.0132,-0.764188,1.000000,0.000000,0.000000
LEFT,18.0,85,2.7200,0.474750,0.337205,0.039936,52,39,1,303,0.149408,6.0132,-0.764188,1.000000,0.000000,0.000000
LEFT,18.0,86,2.7520,0.474750,0.337205,0.039936,52,39,1,303,0.149408,6.0132,-0.764188,1.000000,0.000000,0.000000
LEFT,18.0,87,2.7840,0.474750,0.337205,0.039936,52,39,1,303,0.149408,6.0132,-0.764188,1.000000,0.000000,0.000000
LEFT,18.0,88,2.8160,0.474750,0.337205,0.039936,52,39,1,303,0.149408,6.0132,-0.764188,1.000000,0.000000,0.000000
LEFT,18.0,89,2.8480,0.474750,0.337205,0.039936,52,39,1,303,0.149408,6.0132,-0.764188,1.000000,0.000000,0.000000
LEFT,18.0,90,2.8800,0.474750,0.337205,0.039936,52,39,1,303,0.149408,6.0132,-0.764188,1.000000,0.000000,0.000000
LEFT,18.0,91,2.9120,0.474750,0.337205,0.039936,52,39,1,303,0.149408,6.0132,-0.764188,1.000000,0.000000,0.000000
LEFT,18.0,92,2.9440,0.474750,0.337205,0.039936,52,39,1,303,0.149408,6.0132,-0.764188,1.000000,0.000000,0.000000
LEFT,18.0,93,2.9760,0.474750,0.337205,0.039936,52,39,1,303,0.149408,6.0132,-0.764188,1.000000,0.000000,0.000000
LEFT,18.0,94,3.0080,0.474750,0.337205,0.039936,52,39,1,303,0.149408,6.0132,-0.764188,1.000000,0.000000,0.000000
LEFT,18.0,95,3.0400,0.474750,0.337205,0.039936,52,39,1,303,0.149408,6.0132,-0.764188,1.000000,0.000000,0.000000
LEFT,18.0,96,3.0720,0.474750,0.337205,0.039936,52,39,1,303,0.149408,6.0132,-0.764188,1.000000,0.000000,0.000000
LEFT,18.0,97,3.1040,0.474750,0.337205,0.039936,52,39,1,303,0.149408,6.0132,-0.764188,1.000000,0.000000,0.000000
LEFT,18.0,98,3.1360,0.474750,0.337205,0.039936,52,39,1,303,0.149408,6.0132,-0.764188,1.000000,0.000000,0.000000
LEFT,18.0,99,3.1680,0.474750,0.337205,0.039936,52,39,1,303,0.149408,6.0132,-0.764188,1.000000,0.000000,0.000000
LEFT,18.0,100,3.2000,0.474750,0.337205,0.039936,52,39,1,303,0.149408,6.0132,-0.764188,1.000000,0.000000,0.000000
CENTER,0.0,101,3.2320,0.474403,0.280890,0.039936,52,39,1,410,0.202170,25.5268,0.001052,0.090244,0.851220,0.058537
CENTER,0.0,102,3.2640,0.474403,0.280890,0.039936,52,39,1,410,0.202170,25.5268,0.001052,0.090244,0.851220,0.058537
CENTER,0.0,103,3.2960,0.474403,0.280890,0.039936,52,39,1,410,0.202170,25.5268,0.001052,0.090244,0.851220,0.058537
CENTER,0.0,104,3.3280,0.474403,0.280890,0.039936,52,39,1,410,0.202170,25.5268,0.001052,0.090244,0.851220,0.058537
CENTER,0.0,105,3.3600,0.474403,0.280890,0.039936,52,39,1,410,0.202170,25.5268,0.001052,0.090244,0.851220,0.058537
CENTER,0.0,106,3.3920,0.474403,0.280890,0.039936,52,39,1,410,0.202170,25.5268,0.001052,0.090244,0.851220,0.058537
CENTER,0.0,107,3.4240,0.474403,0.280890,0.039936,52,39,1,410,0.202170,25.5268,0.001052,0.090244,0.851220,0.058537
CENTER,0.0,108,3.4560,0.474403,0.280890,0.039936,52,39,1,410,0.202170,25.5268,0.001052,0.090244,0.851220,0.058537
CENTER,0.0,109,3.4880,0.474403,0.280890,0.039936,52,39,1,410,0.202170,25.5268,0.001052,0.090244,0.851220,0.058537
CENTER,0.0,110,3.5200,0.474403,0.280890,0.039936,52,39,1,410,0.202170,25.5268,0.001052,0.090244,0.851220,0.058537
CENTER,0.0,111,3.5520,0.474403,0.280890,0.039936,52,39,1,410,0.202170,25.5268,0.001052,0.090244,0.851220,0.058537
CENTER,0.0,112,3.5840,0.474403,0.280890,0.039936,52,39,1,410,0.202170,25.5268,0.001052,0.090244,0.851220,0.058537
CENTER,0.0,113,3.6160,0.474403,0.280890,0.039936,52,39,1,410,0.202170,25.5268,0.001052,0.090244,0.851220,0.058537
CENTER,0.0,114,3.6480,0.474403,0.280890,0.039936,52,39,1,410,0.202170,25.5268,0.001052,0.090244,0.851220,0.058537
CENTER,0.0,115,3.6800,0.474403,0.280890,0.039936,52,39,1,410,0.202170,25.5268,0.001052,0.090244,0.851220,0.058537
CENTER,0.0,116,3.7120,0.474403,0.280890,0.039936,52,39,1,410,0.202170,25.5268,0.001052,0.090244,0.851220,0.058537
CENTER,0.0,117,3.7440,0.474403,0.280890,0.039936,52,39,1,410,0.202170,25.5268,0.001052,0.090244,0.851220,0.058537
CENTER,0.0,118,3.7760,0.474403,0.280890,0.039936,52,39,1,410,0.202170,25.5268,0.001052,0.090244,0.851220,0.058537
CENTER,0.0,119,3.8080,0.474403,0.280890,0.039936,52,39,1,410,0.202170,25.5268,0.001052,0.090244,0.851220,0.058537
CENTER,0.0,120,3.8400,0.474403,0.280890,0.039936,52,39,1,410,0.202170,25.5268,0.001052,0.090244,0.851220,0.058537
CENTER,0.0,121,3.8720,0.474403,0.280890,0.039936,52,39,1,410,0.202170,25.5268,0.001052,0.090244,0.851220,0.058537
CENTER,0.0,122,3.9040,0.474403,0.280890,0.039936,52,39,1,410,0.202170,25.5268,0.001052,0.090244,0.851220,0.058537
CENTER,0.0,123,3.9360,0.474403,0.280890,0.039936,52,39,1,410,0.202170,25.5268,0.001052,0.090244,0.851220,0.058537
CENTER,0.0,124,3.9680,0.474403,0.280890,0.039936,52,39,1,410,0.202170,25.5268,0.001052,0.090244,0.851220,0.058537
CENTER,0.0,125,4.0000,0.474403,0.280890,0.039936,52,39,1,410,0.202170,25.5268,0.001052,0.090244,0.851220,0.058537
CENTER,0.0,126,4.0320,0.474403,0.280890,0.039936,52,39,1,410,0.202170,25.5268,0.001052,0.090244,0.851220,0.058537
CENTER,0.0,127,4.0640,0.474403,0.280890,0.039936,52,39,1,410,0.202170,25.5268,0.001052,0.090244,0.851220,0.058537
CENTER,0.0,128,4.0960,0.474403,0.280890,0.039936,52,39,1,410,0.202170,25.5268,0.001052,0.090244,0.851220,0.058537
CENTER,0.0,129,4.1280,0.474403,0.280890,0.039936,52,39,1,410,0.202170,25.5268,0.001052,0.090244,0.851220,0.058537
CENTER,0.0,130,4.1600,0.474403,0.280890,0.039936,52,39,1,410,0.202170,25.5268,0.001052,0.090244,0.851220,0.058537
CENTER,0.0,131,4.1920,0.474403,0.280890,0.039936,52,39,1,410,0.202170,25.5268,0.001052,0.090244,0.851220,0.058537
CENTER,0.0,132,4.2240,0.474403,0.280890,0.039936,52,39,1,410,0.202170,25.5268,0.001052,0.090244,0.851220,0.058537
CENTER,0.0,133,4.2560,0.474403,0.280890,0.039936,52,39,1,410,0.202170,25.5268,0.001052,0.090244,0.851220,0.058537
CENTER,0.0,134,4.2880,0.474403,0.280890,0.039936,52,39,1,410,0.202170,25.5268,0.001052,0.090244,0.851220,0.058537
CENTER,0.0,135,4.3200,0.474403,0.280890,0.039936,52,39,1,410,0.202170,25.5268,0.001052,0.090244,0.851220,0.058537
CENTER,0.0,136,4.3520,0.474403,0.280890,0.039936,52,39,1,410,0.202170,25.5268,0.001052,0.090244,0.851220,0.058537
CENTER,0.0,137,4.3840,0.474403,0.280890,0.039936,52,39,1,410,0.202170,25.5268,0.001052,0.090244,0.851220,0.058537
CENTER,0.0,138,4.4160,0.474403,0.280890,0.039936,52,39,1,410,0.202170,25.5268,0.001052,0.090244,0.851220,0.058537
CENTER,0.0,139,4.4480,0.474403,0.280890,0.039936,52,39,1,410,0.202170,25.5268,0.001052,0.090244,0.851220,0.058537
CENTER,0.0,140,4.4800,0.474403,0.280890,0.039936,52,39,1,410,0.202170,25.5268,0.001052,0.090244,0.851220,0.058537
CENTER,0.0,141,4.5120,0.474403,0.280890,0.039936,52,39,1,410,0.202170,25.5268,0.001052,0.090244,0.851220,0.058537
CENTER,0.0,142,4.5440,0.474403,0.280890,0.039936,52,39,1,410,0.202170,25.5268,0.001052,0.090244,0.851220,0.058537
CENTER,0.0,143,4.5760,0.474403,0.280890,0.039936,52,39,1,410,0.202170,25.5268,0.001052,0.090244,0.851220,0.058537
CENTER,0.0,144,4.6080,0.474403,0.280890,0.039936,52,39,1,410,0.202170,25.5268,0.001052,0.090244,0.851220,0.058537
CENTER,0.0,145,4.6400,0.474403,0.280890,0.039936,52,39,1,410,0.202170,25.5268,0.001052,0.090244,0.851220,0.058537
CENTER,0.0,146,4.6720,0.474403,0.280890,0.039936,52,39,1,410,0.202170,25.5268,0.001052,0.090244,0.851220,0.058537
CENTER,0.0,147,4.7040,0.474403,0.280890,0.039936,52,39,1,410,0.202170,25.5268,0.001052,0.090244,0.851220,0.058537
CENTER,0.0,148,4.7360,0.474403,0.280890,0.039936,52,39,1,410,0.202170,25.5268,0.001052,0.090244,0.851220,0.058537
CENTER,0.0,149,4.7680,0.474403,0.280890,0.039936,52,39,1,410,0.202170,25.5268,0.001052,0.090244,0.851220,0.058537
CENTER,0.0,150,4.8000,0.474403,0.280890,0.039936,52,39,1,410,0.202170,25.5268,0.001052,0.090244,0.851220,0.058537
CENTER,0.0,151,4.8320,0.474403,0.280890,0.039936,52,39,1,410,0.202170,25.5268,0.001052,0.090244,0.851220,0.058537
CENTER,0.0,152,4.8640,0.474403,0.280890,0.039936,52,39,1,410,0.202170,25.5268,0.001052,0.090244,0.851220,0.058537
CENTER,0.0,153,4.8960,0.474403,0.280890,0.039936,52,39,1,410,0.202170,25.5268,0.001052,0.090244,0.851220,0.058537
CENTER,0.0,154,4.9280,0.474403,0.280890,0.039936,52,39,1,410,0.202170,25.5268,0.001052,0.090244,0.851220,0.058537
CENTER,0.0,155,4.9600,0.474403,0.280890,0.039936,52,39,1,410,0.202170,25.5268,0.001052,0.090244,0.851220,0.058537
CENTER,0.0,156,4.9920,0.474403,0.280890,0.039936,52,39,1,410,0.202170,25.5268,0.001052,0.090244,0.851220,0.058537
CENTER,0.0,157,5.0240,0.474403,0.280890,0.039936,52,39,1,410,0.202170,25.5268,0.001052,0.090244,0.851220,0.058537
CENTER,0.0,158,5.0560,0.474403,0.280890,0.039936,52,39,1,410,0.202170,25.5268,0.001052,0.090244,0.851220,0.058537
CENTER,0.0,159,5.0880,0.474403,0.280890,0.039936,52,39,1,410,0.202170,25.5268,0.001052,0.090244,0.851220,0.058537
CENTER,0.0,160,5.1200,0.474403,0.280890,0.039936,52,39,1,410,0.202170,25.5268,0.001052,0.090244,0.851220,0.058537
CENTER,0.0,161,5.1520,0.474403,0.280890,0.039936,52,39,1,410,0.202170,25.5268,0.001052,0.090244,0.851220,0.058537
CENTER,0.0,162,5.1840,0.474403,0.280890,0.039936,52,39,1,410,0.202170,25.5268,0.001052,0.090244,0.851220,0.058537
CENTER,0.0,163,5.2160,0.474403,0.280890,0.039936,52,39,1,410,0.202170,25.5268,0.001052,0.090244,0.851220,0.058537
CENTER,0.0,164,5.2480,0.474403,0.280890,0.039936,52,39,1,410,0.202170,25.5268,0.001052,0.090244,0.851220,0.058537
CENTER,0.0,165,5.2800,0.474403,0.280890,0.039936,52,39,1,410,0.202170,25.5268,0.001052,0.090244,0.851220,0.058537
CENTER,0.0,166,5.3120,0.474403,0.280890,0.039936,52,39,1,410,0.202170,25.5268,0.001052,0.090244,0.851220,0.058537
CENTER,0.0,167,5.3440,0.474403,0.280890,0.039936,52,39,1,410,0.202170,25.5268,0.001052,0.090244,0.851220,0.058537
CENTER,0.0,168,5.3760,0.474403,0.280890,0.039936,52,39,1,410,0.202170,25.5268,0.001052,0.090244,0.851220,0.058537
CENTER,0.0,169,5.4080,0.474403,0.280890,0.039936,52,39,1,410,0.202170,25.5268,0.001052,0.090244,0.851220,0.058537
CENTER,0.0,170,5.4400,0.474403,0.280890,0.039936,52,39,1,410,0.202170,25.5268,0.001052,0.090244,0.851220,0.058537
CENTER,0.0,171,5.4720,0.474403,0.280890,0.039936,52,39,1,410,0.202170,25.5268,0.001052,0.090244,0.851220,0.058537
CENTER,0.0,172,5.5040,0.474403,0.280890,0.039936,52,39,1,410,0.202170,25.5268,0.001052,0.090244,0.851220,0.058537
CENTER,0.0,173,5.5360,0.474403,0.280890,0.039936,52,39,1,410,0.202170,25.5268,0.001052,0.090244,0.851220,0.058537
CENTER,0.0,174,5.5680,0.474403,0.280890,0.039936,52,39,1,410,0.202170,25.5268,0.001052,0.090244,0.851220,0.058537
CENTER,0.0,175,5.6000,0.474403,0.280890,0.039936,52,39,1,410,0.202170,25.5268,0.001052,0.090244,0.851220,0.058537
CENTER,0.0,176,5.6320,0.474403,0.280890,0.039936,52,39,1,410,0.202170,25.5268,0.001052,0.090244,0.851220,0.058537
CENTER,0.0,177,5.6640,0.474403,0.280890,0.039936,52,39,1,410,0.202170,25.5268,0.001052,0.090244,0.851220,0.058537
CENTER,0.0,178,5.6960,0.474403,0.280890,0.039936,52,39,1,410,0.202170,25.5268,0.001052,0.090244,0.851220,0.058537
CENTER,0.0,179,5.7280,0.474403,0.280890,0.039936,52,39,1,410,0.202170,25.5268,0.001052,0.090244,0.851220,0.058537
CENTER,0.0,180,5.7600,0.474403,0.280890,0.039936,52,39,1,410,0.202170,25.5268,0.001052,0.090244,0.851220,0.058537
CENTER,0.0,181,5.7920,0.474403,0.280890,0.039936,52,39,1,410,0.202170,25.5268,0.001052,0.090244,0.851220,0.058537
CENTER,0.0,182,5.8240,0.474403,0.280890,0.039936,52,39,1,410,0.202170,25.5268,0.001052,0.090244,0.851220,0.058537
CENTER,0.0,183,5.8560,0.474403,0.280890,0.039936,52,39,1,410,0.202170,25.5268,0.001052,0.090244,0.851220,0.058537
CENTER,0.0,184,5.8880,0.474403,0.280890,0.039936,52,39,1,410,0.202170,25.5268,0.001052,0.090244,0.851220,0.058537
CENTER,0.0,185,5.9200,0.474403,0.280890,0.039936,52,39,1,410,0.202170,25.5268,0.001052,0.090244,0.851220,0.058537
CENTER,0.0,186,5.9520,0.474403,0.280890,0.039936,52,39,1,410,0.202170,25.5268,0.001052,0.090244,0.851220,0.058537
CENTER,0.0,187,5.9840,0.474403,0.280890,0.039936,52,39,1,410,0.202170,25.5268,0.001052,0.090244,0.851220,0.058537
CENTER,0.0,188,6.0160,0.474403,0.280890,0.039936,52,39,1,410,0.202170,25.5268,0.001052,0.090244,0.851220,0.058537
CENTER,0.0,189,6.0480,0.474403,0.280890,0.039936,52,39,1,410,0.202170,25.5268,0.001052,0.090244,0.851220,0.058537
CENTER,0.0,190,6.0800,0.474403,0.280890,0.039936,52,39,1,410,0.202170,25.5268,0.001052,0.090244,0.851220,0.058537
CENTER,0.0,191,6.1120,0.474403,0.280890,0.039936,52,39,1,410,0.202170,25.5268,0.001052,0.090244,0.851220,0.058537
CENTER,0.0,192,6.1440,0.474403,0.280890,0.039936,52,39,1,410,0.202170,25.5268,0.001052,0.090244,0.851220,0.058537
CENTER,0.0,193,6.1760,0.474403,0.280890,0.039936,52,39,1,410,0.202170,25.5268,0.001052,0.090244,0.851220,0.058537
CENTER,0.0,194,6.2080,0.474403,0.280890,0.039936,52,39,1,410,0.202170,25.5268,0.001052,0.090244,0.851220,0.058537
CENTER,0.0,195,6.2400,0.474403,0.280890,0.039936,52,39,1,410,0.202170,25.5268,0.001052,0.090244,0.851220,0.058537
CENTER,0.0,196,6.2720,0.474403,0.280890,0.039936,52,39,1,410,0.202170,25.5268,0.001052,0.090244,0.851220,0.058537
CENTER,0.0,197,6.3040,0.474403,0.280890,0.039936,52,39,1,410,0.202170,25.5268,0.001052,0.090244,0.851220,0.058537
CENTER,0.0,198,6.3360,0.474403,0.280890,0.039936,52,39,1,410,0.202170,25.5268,0.001052,0.090244,0.851220,0.058537
CENTER,0.0,199,6.3680,0.474403,0.280890,0.039936,52,39,1,410,0.202170,25.5268,0.001052,0.090244,0.851220,0.058537
CENTER,0.0,200,6.4000,0.474403,0.280890,0.039936,52,39,1,410,0.202170,25.5268,0.001052,0.090244,0.851220,0.058537
RIGHT,-18.0,201,6.4320,0.456670,0.227438,0.039936,52,39,1,306,0.150888,44.9379,0.762271,0.000000,0.000000,1.000000
RIGHT,-18.0,202,6.4640,0.456670,0.227438,0.039936,52,39,1,306,0.150888,44.9379,0.762271,0.000000,0.000000,1.000000
RIGHT,-18.0,203,6.4960,0.456670,0.227438,0.039936,52,39,1,306,0.150888,44.9379,0.762271,0.000000,0.000000,1.000000
RIGHT,-18.0,204,6.5280,0.456670,0.227438,0.039936,52,39,1,306,0.150888,44.9379,0.762271,0.000000,0.000000,1.000000
RIGHT,-18.0,205,6.5600,0.456670,0.227438,0.039936,52,39,1,306,0.150888,44.9379,0.762271,0.000000,0.000000,1.000000
RIGHT,-18.0,206,6.5920,0.456670,0.227438,0.039936,52,39,1,306,0.150888,44.9379,0.762271,0.000000,0.000000,1.000000
RIGHT,-18.0,207,6.6240,0.456670,0.227438,0.039936,52,39,1,306,0.150888,44.9379,0.762271,0.000000,0.000000,1.000000
RIGHT,-18.0,208,6.6560,0.456670,0.227438,0.039936,52,39,1,306,0.150888,44.9379,0.762271,0.000000,0.000000,1.000000
RIGHT,-18.0,209,6.6880,0.456670,0.227438,0.039936,52,39,1,306,0.150888,44.9379,0.762271,0.000000,0.000000,1.000000
RIGHT,-18.0,210,6.7200,0.456670,0.227438,0.039936,52,39,1,306,0.150888,44.9379,0.762271,0.000000,0.000000,1.000000
RIGHT,-18.0,211,6.7520,0.456670,0.227438,0.039936,52,39,1,306,0.150888,44.9379,0.762271,0.000000,0.000000,1.000000
RIGHT,-18.0,212,6.7840,0.456670,0.227438,0.039936,52,39,1,306,0.150888,44.9379,0.762271,0.000000,0.000000,1.000000
RIGHT,-18.0,213,6.8160,0.456670,0.227438,0.039936,52,39,1,306,0.150888,44.9379,0.762271,0.000000,0.000000,1.000000
RIGHT,-18.0,214,6.8480,0.456670,0.227438,0.039936,52,39,1,306,0.150888,44.9379,0.762271,0.000000,0.000000,1.000000
RIGHT,-18.0,215,6.8800,0.456670,0.227438,0.039936,52,39,1,306,0.150888,44.9379,0.762271,0.000000,0.000000,1.000000
RIGHT,-18.0,216,6.9120,0.456670,0.227438,0.039936,52,39,1,306,0.150888,44.9379,0.762271,0.000000,0.000000,1.000000
RIGHT,-18.0,217,6.9440,0.456670,0.227438,0.039936,52,39,1,306,0.150888,44.9379,0.762271,0.000000,0.000000,1.000000
RIGHT,-18.0,218,6.9760,0.456670,0.227438,0.039936,52,39,1,306,0.150888,44.9379,0.762271,0.000000,0.000000,1.000000
RIGHT,-18.0,219,7.0080,0.456670,0.227438,0.039936,52,39,1,306,0.150888,44.9379,0.762271,0.000000,0.000000,1.000000
RIGHT,-18.0,220,7.0400,0.456670,0.227438,0.039936,52,39,1,306,0.150888,44.9379,0.762271,0.000000,0.000000,1.000000
RIGHT,-18.0,221,7.0720,0.456670,0.227438,0.039936,52,39,1,306,0.150888,44.9379,0.762271,0.000000,0.000000,1.000000
RIGHT,-18.0,222,7.1040,0.456670,0.227438,0.039936,52,39,1,306,0.150888,44.9379,0.762271,0.000000,0.000000,1.000000
RIGHT,-18.0,223,7.1360,0.456670,0.227438,0.039936,52,39,1,306,0.150888,44.9379,0.762271,0.000000,0.000000,1.000000
RIGHT,-18.0,224,7.1680,0.456670,0.227438,0.039936,52,39,1,306,0.150888,44.9379,0.762271,0.000000,0.000000,1.000000
RIGHT,-18.0,225,7.2000,0.456670,0.227438,0.039936,52,39,1,306,0.150888,44.9379,0.762271,0.000000,0.000000,1.000000
RIGHT,-18.0,226,7.2320,0.456670,0.227438,0.039936,52,39,1,306,0.150888,44.9379,0.762271,0.000000,0.000000,1.000000
RIGHT,-18.0,227,7.2640,0.456670,0.227438,0.039936,52,39,1,306,0.150888,44.9379,0.762271,0.000000,0.000000,1.000000
RIGHT,-18.0,228,7.2960,0.456670,0.227438,0.039936,52,39,1,306,0.150888,44.9379,0.762271,0.000000,0.000000,1.000000
RIGHT,-18.0,229,7.3280,0.456670,0.227438,0.039936,52,39,1,306,0.150888,44.9379,0.762271,0.000000,0.000000,1.000000
RIGHT,-18.0,230,7.3600,0.456670,0.227438,0.039936,52,39,1,306,0.150888,44.9379,0.762271,0.000000,0.000000,1.000000
RIGHT,-18.0,231,7.3920,0.456670,0.227438,0.039936,52,39,1,306,0.150888,44.9379,0.762271,0.000000,0.000000,1.000000
RIGHT,-18.0,232,7.4240,0.456670,0.227438,0.039936,52,39,1,306,0.150888,44.9379,0.762271,0.000000,0.000000,1.000000
RIGHT,-18.0,233,7.4560,0.456670,0.227438,0.039936,52,39,1,306,0.150888,44.9379,0.762271,0.000000,0.000000,1.000000
RIGHT,-18.0,234,7.4880,0.456670,0.227438,0.039936,52,39,1,306,0.150888,44.9379,0.762271,0.000000,0.000000,1.000000
RIGHT,-18.0,235,7.5200,0.456670,0.227438,0.039936,52,39,1,306,0.150888,44.9379,0.762271,0.000000,0.000000,1.000000
RIGHT,-18.0,236,7.5520,0.456670,0.227438,0.039936,52,39,1,306,0.150888,44.9379,0.762271,0.000000,0.000000,1.000000
RIGHT,-18.0,237,7.5840,0.456670,0.227438,0.039936,52,39,1,306,0.150888,44.9379,0.762271,0.000000,0.000000,1.000000
RIGHT,-18.0,238,7.6160,0.456670,0.227438,0.039936,52,39,1,306,0.150888,44.9379,0.762271,0.000000,0.000000,1.000000
RIGHT,-18.0,239,7.6480,0.456670,0.227438,0.039936,52,39,1,306,0.150888,44.9379,0.762271,0.000000,0.000000,1.000000
RIGHT,-18.0,240,7.6800,0.456670,0.227438,0.039936,52,39,1,306,0.150888,44.9379,0.762271,0.000000,0.000000,1.000000
RIGHT,-18.0,241,7.7120,0.456670,0.227438,0.039936,52,39,1,306,0.150888,44.9379,0.762271,0.000000,0.000000,1.000000
RIGHT,-18.0,242,7.7440,0.456670,0.227438,0.039936,52,39,1,306,0.150888,44.9379,0.762271,0.000000,0.000000,1.000000
RIGHT,-18.0,243,7.7760,0.456670,0.227438,0.039936,52,39,1,306,0.150888,44.9379,0.762271,0.000000,0.000000,1.000000
RIGHT,-18.0,244,7.8080,0.456670,0.227438,0.039936,52,39,1,306,0.150888,44.9379,0.762271,0.000000,0.000000,1.000000
RIGHT,-18.0,245,7.8400,0.456670,0.227438,0.039936,52,39,1,306,0.150888,44.9379,0.762271,0.000000,0.000000,1.000000
RIGHT,-18.0,246,7.8720,0.456670,0.227438,0.039936,52,39,1,306,0.150888,44.9379,0.762271,0.000000,0.000000,1.000000
RIGHT,-18.0,247,7.9040,0.456670,0.227438,0.039936,52,39,1,306,0.150888,44.9379,0.762271,0.000000,0.000000,1.000000
RIGHT,-18.0,248,7.9360,0.456670,0.227438,0.039936,52,39,1,306,0.150888,44.9379,0.762271,0.000000,0.000000,1.000000
RIGHT,-18.0,249,7.9680,0.456670,0.227438,0.039936,52,39,1,306,0.150888,44.9379,0.762271,0.000000,0.000000,1.000000
RIGHT,-18.0,250,8.0000,0.456670,0.227438,0.039936,52,39,1,306,0.150888,44.9379,0.762271,0.000000,0.000000,1.000000
RIGHT,-18.0,251,8.0320,0.456670,0.227438,0.039936,52,39,1,306,0.150888,44.9379,0.762271,0.000000,0.000000,1.000000
RIGHT,-18.0,252,8.0640,0.456670,0.227438,0.039936,52,39,1,306,0.150888,44.9379,0.762271,0.000000,0.000000,1.000000
RIGHT,-18.0,253,8.0960,0.456670,0.227438,0.039936,52,39,1,306,0.150888,44.9379,0.762271,0.000000,0.000000,1.000000
RIGHT,-18.0,254,8.1280,0.456670,0.227438,0.039936,52,39,1,306,0.150888,44.9379,0.762271,0.000000,0.000000,1.000000
RIGHT,-18.0,255,8.1600,0.456670,0.227438,0.039936,52,39,1,306,0.150888,44.9379,0.762271,0.000000,0.000000,1.000000
RIGHT,-18.0,256,8.1920,0.456670,0.227438,0.039936,52,39,1,306,0.150888,44.9379,0.762271,0.000000,0.000000,1.000000
RIGHT,-18.0,257,8.2240,0.456670,0.227438,0.039936,52,39,1,306,0.150888,44.9379,0.762271,0.000000,0.000000,1.000000
RIGHT,-18.0,258,8.2560,0.456670,0.227438,0.039936,52,39,1,306,0.150888,44.9379,0.762271,0.000000,0.000000,1.000000
RIGHT,-18.0,259,8.2880,0.456670,0.227438,0.039936,52,39,1,306,0.150888,44.9379,0.762271,0.000000,0.000000,1.000000
RIGHT,-18.0,260,8.3200,0.456670,0.227438,0.039936,52,39,1,306,0.150888,44.9379,0.762271,0.000000,0.000000,1.000000
RIGHT,-18.0,261,8.3520,0.456670,0.227438,0.039936,52,39,1,306,0.150888,44.9379,0.762271,0.000000,0.000000,1.000000
RIGHT,-18.0,262,8.3840,0.456670,0.227438,0.039936,52,39,1,306,0.150888,44.9379,0.762271,0.000000,0.000000,1.000000
RIGHT,-18.0,263,8.4160,0.456670,0.227438,0.039936,52,39,1,306,0.150888,44.9379,0.762271,0.000000,0.000000,1.000000
RIGHT,-18.0,264,8.4480,0.456670,0.227438,0.039936,52,39,1,306,0.150888,44.9379,0.762271,0.000000,0.000000,1.000000
RIGHT,-18.0,265,8.4800,0.456670,0.227438,0.039936,52,39,1,306,0.150888,44.9379,0.762271,0.000000,0.000000,1.000000
RIGHT,-18.0,266,8.5120,0.456670,0.227438,0.039936,52,39,1,306,0.150888,44.9379,0.762271,0.000000,0.000000,1.000000
RIGHT,-18.0,267,8.5440,0.456670,0.227438,0.039936,52,39,1,306,0.150888,44.9379,0.762271,0.000000,0.000000,1.000000
RIGHT,-18.0,268,8.5760,0.456670,0.227438,0.039936,52,39,1,306,0.150888,44.9379,0.762271,0.000000,0.000000,1.000000
RIGHT,-18.0,269,8.6080,0.456670,0.227438,0.039936,52,39,1,306,0.150888,44.9379,0.762271,0.000000,0.000000,1.000000
RIGHT,-18.0,270,8.6400,0.456670,0.227438,0.039936,52,39,1,306,0.150888,44.9379,0.762271,0.000000,0.000000,1.000000
RIGHT,-18.0,271,8.6720,0.456670,0.227438,0.039936,52,39,1,306,0.150888,44.9379,0.762271,0.000000,0.000000,1.000000
RIGHT,-18.0,272,8.7040,0.456670,0.227438,0.039936,52,39,1,306,0.150888,44.9379,0.762271,0.000000,0.000000,1.000000
RIGHT,-18.0,273,8.7360,0.456670,0.227438,0.039936,52,39,1,306,0.150888,44.9379,0.762271,0.000000,0.000000,1.000000
RIGHT,-18.0,274,8.7680,0.456670,0.227438,0.039936,52,39,1,306,0.150888,44.9379,0.762271,0.000000,0.000000,1.000000
RIGHT,-18.0,275,8.8000,0.456670,0.227438,0.039936,52,39,1,306,0.150888,44.9379,0.762271,0.000000,0.000000,1.000000
RIGHT,-18.0,276,8.8320,0.456670,0.227438,0.039936,52,39,1,306,0.150888,44.9379,0.762271,0.000000,0.000000,1.000000
RIGHT,-18.0,277,8.8640,0.456670,0.227438,0.039936,52,39,1,306,0.150888,44.9379,0.762271,0.000000,0.000000,1.000000
RIGHT,-18.0,278,8.8960,0.456670,0.227438,0.039936,52,39,1,306,0.150888,44.9379,0.762271,0.000000,0.000000,1.000000
RIGHT,-18.0,279,8.9280,0.456670,0.227438,0.039936,52,39,1,306,0.150888,44.9379,0.762271,0.000000,0.000000,1.000000
RIGHT,-18.0,280,8.9600,0.456670,0.227438,0.039936,52,39,1,306,0.150888,44.9379,0.762271,0.000000,0.000000,1.000000
RIGHT,-18.0,281,8.9920,0.456670,0.227438,0.039936,52,39,1,306,0.150888,44.9379,0.762271,0.000000,0.000000,1.000000
RIGHT,-18.0,282,9.0240,0.456670,0.227438,0.039936,52,39,1,306,0.150888,44.9379,0.762271,0.000000,0.000000,1.000000
RIGHT,-18.0,283,9.0560,0.456670,0.227438,0.039936,52,39,1,306,0.150888,44.9379,0.762271,0.000000,0.000000,1.000000
RIGHT,-18.0,284,9.0880,0.456670,0.227438,0.039936,52,39,1,306,0.150888,44.9379,0.762271,0.000000,0.000000,1.000000
RIGHT,-18.0,285,9.1200,0.456670,0.227438,0.039936,52,39,1,306,0.150888,44.9379,0.762271,0.000000,0.000000,1.000000
RIGHT,-18.0,286,9.1520,0.456670,0.227438,0.039936,52,39,1,306,0.150888,44.9379,0.762271,0.000000,0.000000,1.000000
RIGHT,-18.0,287,9.1840,0.456670,0.227438,0.039936,52,39,1,306,0.150888,44.9379,0.762271,0.000000,0.000000,1.000000
RIGHT,-18.0,288,9.2160,0.456670,0.227438,0.039936,52,39,1,306,0.150888,44.9379,0.762271,0.000000,0.000000,1.000000
RIGHT,-18.0,289,9.2480,0.456670,0.227438,0.039936,52,39,1,306,0.150888,44.9379,0.762271,0.000000,0.000000,1.000000
RIGHT,-18.0,290,9.2800,0.456670,0.227438,0.039936,52,39,1,306,0.150888,44.9379,0.762271,0.000000,0.000000,1.000000
RIGHT,-18.0,291,9.3120,0.456670,0.227438,0.039936,52,39,1,306,0.150888,44.9379,0.762271,0.000000,0.000000,1.000000
RIGHT,-18.0,292,9.3440,0.456670,0.227438,0.039936,52,39,1,306,0.150888,44.9379,0.762271,0.000000,0.000000,1.000000
RIGHT,-18.0,293,9.3760,0.456670,0.227438,0.039936,52,39,1,306,0.150888,44.9379,0.762271,0.000000,0.000000,1.000000
RIGHT,-18.0,294,9.4080,0.456670,0.227438,0.039936,52,39,1,306,0.150888,44.9379,0.762271,0.000000,0.000000,1.000000
RIGHT,-18.0,295,9.4400,0.456670,0.227438,0.039936,52,39,1,306,0.150888,44.9379,0.762271,0.000000,0.000000,1.000000
RIGHT,-18.0,296,9.4720,0.456670,0.227438,0.039936,52,39,1,306,0.150888,44.9379,0.762271,0.000000,0.000000,1.000000
RIGHT,-18.0,297,9.5040,0.456670,0.227438,0.039936,52,39,1,306,0.150888,44.9379,0.762271,0.000000,0.000000,1.000000
RIGHT,-18.0,298,9.5360,0.456670,0.227438,0.039936,52,39,1,306,0.150888,44.9379,0.762271,0.000000,0.000000,1.000000
RIGHT,-18.0,299,9.5680,0.456670,0.227438,0.039936,52,39,1,306,0.150888,44.9379,0.762271,0.000000,0.000000,1.000000
RIGHT,-18.0,300,9.6000,0.456670,0.227438,0.039936,52,39,1,306,0.150888,44.9379,0.762271,0.000000,0.000000,1.000000
