epg_heading,LC10a_L_profile,LC10a_R_profile,L_minus_R
L1,0.042836507851519906,0.04746784376691559,-0.004631335915395683
L2,0.03710707631279114,0.03933790707981615,-0.002230830767025009
L3,0.056968667390464134,0.07827294420884143,-0.021304276818377293
L4,0.05988589828852817,0.05632098493377453,0.003564913354753639
L5,0.06515902540294491,0.06536299665504838,-0.00020397125210347422
L6,0.05919328464185946,0.05080952945653603,0.00838375518532343
L7,0.0665038384781172,0.06928764385749508,-0.0027838053793778905
L8,0.074901335120475,0.07424264077668398,0.0006586943437910248
R8,0.06493275931613438,0.07761772381993987,-0.01268496450380549
R7,0.049306609635925126,0.06098952804463124,-0.011682918408706111
R6,0.05904801610802914,0.05530139805529347,0.00374661805273567
R5,0.06352854961725263,0.06957746052571777,-0.006048910908465141
R4,0.07464397312436157,0.06477731097196186,0.009866662152399702
R3,0.1221023259534837,0.0902988759756457,0.031803449977838
R2,0.052000021631957404,0.04203352453452603,0.009966497097431373
R1,0.05188211112615616,0.058301687337173,-0.006419576211016846
