lc10a_bodyId,lc10a_instance,lc10a_side,epg_heading,structural_influence
13697,LC10a_L,L,L1,0.03088449272852655
13697,LC10a_L,L,L2,0.030568416972271476
13697,LC10a_L,L,L3,0.040740544787853376
13697,LC10a_L,L,L4,0.03948372862817469
13697,LC10a_L,L,L5,0.08197347789134325
13697,LC10a_L,L,L6,0.03749539959571695
13697,LC10a_L,L,L7,0.07139846032971595
13697,LC10a_L,L,L8,0.03495039218805793
13697,LC10a_L,L,R8,0.045416312747066645
13697,LC10a_L,L,R7,0.04658311213489321
13697,LC10a_L,L,R6,0.05831361846958324
13697,LC10a_L,L,R5,0.05940296992807715
13697,LC10a_L,L,R4,0.09253870410974728
13697,LC10a_L,L,R3,0.22950321384773292
13697,LC10a_L,L,R2,0.05805558668817577
13697,LC10a_L,L,R1,0.0426915689530636
14980,LC10a_L,L,L1,0.03583115744652301
14980,LC10a_L,L,L2,0.028493583917123075
14980,LC10a_L,L,L3,0.04643745648318209
14980,LC10a_L,L,L4,0.05876821339361729
14980,LC10a_L,L,L5,0.07596876231529112
14980,LC10a_L,L,L6,0.05342791313956188
14980,LC10a_L,L,L7,0.07465923691798368
14980,LC10a_L,L,L8,0.059423401522210435
14980,LC10a_L,L,R8,0.0577653201558544
14980,LC10a_L,L,R7,0.03544296162117914
14980,LC10a_L,L,R6,0.0616879116587833
14980,LC10a_L,L,R5,0.06785557512302239
14980,LC10a_L,L,R4,0.07994135226412542
14980,LC10a_L,L,R3,0.16499813167977903
14980,LC10a_L,L,R2,0.05538204472205844
14980,LC10a_L,L,R1,0.043916977639705396
15340,LC10a_L,L,L1,0.03664400029591635
15340,LC10a_L,L,L2,0.03124987670151904
15340,LC10a_L,L,L3,0.05461549368711777
15340,LC10a_L,L,L4,0.08843152002367331
15340,LC10a_L,L,L5,0.06526015979483132
15340,LC10a_L,L,L6,0.07260585174590649
15340,LC10a_L,L,L7,0.06687586308936673
15340,LC10a_L,L,L8,0.09484365752613928
15340,LC10a_L,L,R8,0.039480420201223124
15340,LC10a_L,L,R7,0.04206148895245611
15340,LC10a_L,L,R6,0.051620573584533445
15340,LC10a_L,L,R5,0.06654647119747485
15340,LC10a_L,L,R4,0.08440169412112844
15340,LC10a_L,L,R3,0.0882645738804498
15340,LC10a_L,L,R2,0.06492232195699349
15340,LC10a_L,L,R1,0.052176033241270466
16775,LC10a_L,L,L1,0.040583314749548224
16775,LC10a_L,L,L2,0.03317403504092062
16775,LC10a_L,L,L3,0.05521610671945371
16775,LC10a_L,L,L4,0.041385676096712606
16775,LC10a_L,L,L5,0.07574354785500272
16775,LC10a_L,L,L6,0.04517642439659971
16775,LC10a_L,L,L7,0.06807766172404146
16775,LC10a_L,L,L8,0.05097575228556859
16775,LC10a_L,L,R8,0.06017833113287921
16775,LC10a_L,L,R7,0.05040946134394757
16775,LC10a_L,L,R6,0.05994059848150093
16775,LC10a_L,L,R5,0.05689007143503476
16775,LC10a_L,L,R4,0.08609611598977429
16775,LC10a_L,L,R3,0.18250590205665615
16775,LC10a_L,L,R2,0.04767491444619695
16775,LC10a_L,L,R1,0.045972086246162454
19537,LC10a_L,L,L1,0.03664400029591635
19537,LC10a_L,L,L2,0.03124987670151904
19537,LC10a_L,L,L3,0.05461549368711777
19537,LC10a_L,L,L4,0.08843152002367331
19537,LC10a_L,L,L5,0.06526015979483132
19537,LC10a_L,L,L6,0.07260585174590649
19537,LC10a_L,L,L7,0.06687586308936673
19537,LC10a_L,L,L8,0.09484365752613928
19537,LC10a_L,L,R8,0.039480420201223124
19537,LC10a_L,L,R7,0.04206148895245611
19537,LC10a_L,L,R6,0.051620573584533445
19537,LC10a_L,L,R5,0.06654647119747485
19537,LC10a_L,L,R4,0.08440169412112844
19537,LC10a_L,L,R3,0.0882645738804498
19537,LC10a_L,L,R2,0.06492232195699349
19537,LC10a_L,L,R1,0.052176033241270466
19540,LC10a_L,L,L1,0.056974191404746036
19540,LC10a_L,L,L2,0.03599058187568294
19540,LC10a_L,L,L3,0.08811181995373879
19540,LC10a_L,L,L4,0.056792853144471266
19540,LC10a_L,L,L5,0.06844705115953183
19540,LC10a_L,L,L6,0.06968451794494077
19540,LC10a_L,L,L7,0.06829385359388998
19540,LC10a_L,L,L8,0.07824834992206242
19540,LC10a_L,L,R8,0.07524839786169854
19540,LC10a_L,L,R7,0.05099714593097439
19540,LC10a_L,L,R6,0.06447803250105569
19540,LC10a_L,L,R5,0.05438334300484339
19540,LC10a_L,L,R4,0.05841087696581061
19540,LC10a_L,L,R3,0.08012827173189743
19540,LC10a_L,L,R2,0.035116603470619345
19540,LC10a_L,L,R1,0.058694109534036615
21173,LC10a_L,L,L1,0.038904561221804856
21173,LC10a_L,L,L2,0.030428626641007685
21173,LC10a_L,L,L3,0.05553351991618206
21173,LC10a_L,L,L4,0.07488784760174548
21173,LC10a_L,L,L5,0.06586717737749205
21173,LC10a_L,L,L6,0.06324505135513686
21173,LC10a_L,L,L7,0.06752227108478946
21173,LC10a_L,L,L8,0.08724439719305556
21173,LC10a_L,L,R8,0.05046945910641743
21173,LC10a_L,L,R7,0.04244008072915783
21173,LC10a_L,L,R6,0.056236804449705316
21173,LC10a_L,L,R5,0.061200478620310444
21173,LC10a_L,L,R4,0.08142903758288929
21173,LC10a_L,L,R3,0.1164890260654875
21173,LC10a_L,L,R2,0.05460337786163295
21173,LC10a_L,L,R1,0.05349828319318521
21238,LC10a_R,R,L1,0.04999369305781606
21238,LC10a_R,R,L2,0.02898828615224662
21238,LC10a_R,R,L3,0.09587156440437673
21238,LC10a_R,R,L4,0.020838901062881134
21238,LC10a_R,R,L5,0.034249548228480205
21238,LC10a_R,R,L6,0.10735381653972371
21238,LC10a_R,R,L7,0.06460219446107843
21238,LC10a_R,R,L8,0.014947089216330806
21238,LC10a_R,R,R8,0.0607878611617523
21238,LC10a_R,R,R7,0.024425198741422717
21238,LC10a_R,R,R6,0.016206164404340393
21238,LC10a_R,R,R5,0.13666509889473977
21238,LC10a_R,R,R4,0.13446765692308685
21238,LC10a_R,R,R3,0.11732089251663799
21238,LC10a_R,R,R2,0.023406773186537277
21238,LC10a_R,R,R1,0.06987526104854902
21632,LC10a_R,R,L1,0.041039939154555796
21632,LC10a_R,R,L2,0.027893370290805908
21632,LC10a_R,R,L3,0.09764611476145282
21632,LC10a_R,R,L4,0.039042134778143146
21632,LC10a_R,R,L5,0.07893100367690391
21632,LC10a_R,R,L6,0.04350190887783231
21632,LC10a_R,R,L7,0.07613608696497537
21632,LC10a_R,R,L8,0.06789172601818957
21632,LC10a_R,R,R8,0.05996731295593492
21632,LC10a_R,R,R7,0.08194999121511995
21632,LC10a_R,R,R6,0.05051812388965471
21632,LC10a_R,R,R5,0.07726200588260908
21632,LC10a_R,R,R4,0.07078539474884718
21632,LC10a_R,R,R3,0.09800410712557525
21632,LC10a_R,R,R2,0.025068036210545177
21632,LC10a_R,R,R1,0.06436274344885504
22070,LC10a_R,R,L1,0.03952923516056975
22070,LC10a_R,R,L2,0.03488006364783503
22070,LC10a_R,R,L3,0.08219072739050443
22070,LC10a_R,R,L4,0.06623722290135167
22070,LC10a_R,R,L5,0.06761072429339259
22070,LC10a_R,R,L6,0.05069470832607065
22070,LC10a_R,R,L7,0.06741677973850607
22070,LC10a_R,R,L8,0.06892615778923356
22070,LC10a_R,R,R8,0.07345901351836612
22070,LC10a_R,R,R7,0.07248530743910583
22070,LC10a_R,R,R6,0.05922511890420613
22070,LC10a_R,R,R5,0.07195925229245853
22070,LC10a_R,R,R4,0.06722400779448984
22070,LC10a_R,R,R3,0.0863271867311733
22070,LC10a_R,R,R2,0.03682807776876178
22070,LC10a_R,R,R1,0.05500641630397468
22148,LC10a_R,R,L1,0.04510479824957334
22148,LC10a_R,R,L2,0.03690245360299724
22148,LC10a_R,R,L3,0.08378813543876905
22148,LC10a_R,R,L4,0.05865948502175598
22148,LC10a_R,R,L5,0.07101169401960986
22148,LC10a_R,R,L6,0.05069192507763952
22148,LC10a_R,R,L7,0.0660157053073694
22148,LC10a_R,R,L8,0.06505477345138792
22148,LC10a_R,R,R8,0.07342798315473377
22148,LC10a_R,R,R7,0.07267366278789703
22148,LC10a_R,R,R6,0.05925642494329483
22148,LC10a_R,R,R5,0.07521006894695553
22148,LC10a_R,R,R4,0.06723634998345838
22148,LC10a_R,R,R3,0.0870675611160242
22148,LC10a_R,R,R2,0.03183513211341507
22148,LC10a_R,R,R1,0.056063846785118956
22184,LC10a_L,L,L1,0.03664400029591635
22184,LC10a_L,L,L2,0.03124987670151904
22184,LC10a_L,L,L3,0.05461549368711777
22184,LC10a_L,L,L4,0.08843152002367331
22184,LC10a_L,L,L5,0.06526015979483132
22184,LC10a_L,L,L6,0.07260585174590649
22184,LC10a_L,L,L7,0.06687586308936673
22184,LC10a_L,L,L8,0.09484365752613928
22184,LC10a_L,L,R8,0.039480420201223124
22184,LC10a_L,L,R7,0.04206148895245611
22184,LC10a_L,L,R6,0.051620573584533445
22184,LC10a_L,L,R5,0.06654647119747485
22184,LC10a_L,L,R4,0.08440169412112844
22184,LC10a_L,L,R3,0.0882645738804498
22184,LC10a_L,L,R2,0.06492232195699349
22184,LC10a_L,L,R1,0.052176033241270466
22505,LC10a_R,R,L1,0.041039939154555796
22505,LC10a_R,R,L2,0.027893370290805908
22505,LC10a_R,R,L3,0.09764611476145282
22505,LC10a_R,R,L4,0.039042134778143146
22505,LC10a_R,R,L5,0.07893100367690391
22505,LC10a_R,R,L6,0.04350190887783231
22505,LC10a_R,R,L7,0.07613608696497537
22505,LC10a_R,R,L8,0.06789172601818957
22505,LC10a_R,R,R8,0.05996731295593492
22505,LC10a_R,R,R7,0.08194999121511995
22505,LC10a_R,R,R6,0.05051812388965471
22505,LC10a_R,R,R5,0.07726200588260908
22505,LC10a_R,R,R4,0.07078539474884718
22505,LC10a_R,R,R3,0.09800410712557525
22505,LC10a_R,R,R2,0.025068036210545177
22505,LC10a_R,R,R1,0.06436274344885504
23001,LC10a_L,L,L1,0.04047009770406573
23001,LC10a_L,L,L2,0.028104980974457894
23001,LC10a_L,L,L3,0.05389578198863394
23001,LC10a_L,L,L4,0.04965618184199194
23001,LC10a_L,L,L5,0.06695173223082553
23001,LC10a_L,L,L6,0.042699222236130756
23001,LC10a_L,L,L7,0.06829149738221461
23001,LC10a_L,L,L8,0.07204111234347017
23001,LC10a_L,L,R8,0.06560628858093216
23001,LC10a_L,L,R7,0.04361066176334643
23001,LC10a_L,L,R6,0.06387399138165804
23001,LC10a_L,L,R5,0.04892028059405863
23001,LC10a_L,L,R4,0.07824522142915492
23001,LC10a_L,L,R3,0.18325195562551794
23001,LC10a_L,L,R2,0.03671773808658687
23001,LC10a_L,L,R1,0.05766325583695442
23210,LC10a_R,R,L1,0.04307236870206457
23210,LC10a_R,R,L2,0.032397911946901566
23210,LC10a_R,R,L3,0.09071712510011093
23210,LC10a_R,R,L4,0.04885080989994957
23210,LC10a_R,R,L5,0.07497134884825687
23210,LC10a_R,R,L6,0.047096916977735916
23210,LC10a_R,R,L7,0.07107589613617238
23210,LC10a_R,R,L8,0.06647324973478874
23210,LC10a_R,R,R8,0.06669764805533435
23210,LC10a_R,R,R7,0.07731182700150847
23210,LC10a_R,R,R6,0.05488727441647477
23210,LC10a_R,R,R5,0.07623603741478228
23210,LC10a_R,R,R4,0.06901087236615278
23210,LC10a_R,R,R3,0.09253583412079971
23210,LC10a_R,R,R2,0.028451584161980126
23210,LC10a_R,R,R1,0.06021329511698699
23830,LC10a_R,R,L1,0.040979696249148795
23830,LC10a_R,R,L2,0.03696562113021234
23830,LC10a_R,R,L3,0.07947270221417622
23830,LC10a_R,R,L4,0.06514625017753856
23830,LC10a_R,R,L5,0.06644036645481878
23830,LC10a_R,R,L6,0.04910065892493547
23830,LC10a_R,R,L7,0.06395889907303472
23830,LC10a_R,R,L8,0.0723865354311495
23830,LC10a_R,R,R8,0.07395937671324568
23830,LC10a_R,R,R7,0.06869039934657804
23830,LC10a_R,R,R6,0.06427378855714558
23830,LC10a_R,R,R5,0.0700103550455781
23830,LC10a_R,R,R4,0.07115298011168472
23830,LC10a_R,R,R3,0.09252319935807987
23830,LC10a_R,R,R2,0.033496905456686765
23830,LC10a_R,R,R1,0.0514422657559869
23868,LC10a_R,R,L1,0.04176281017190118
23868,LC10a_R,R,L2,0.03441261541946271
23868,LC10a_R,R,L3,0.08971417348703944
23868,LC10a_R,R,L4,0.052672245734796966
23868,LC10a_R,R,L5,0.07080014282960591
23868,LC10a_R,R,L6,0.050229663711577
23868,LC10a_R,R,L7,0.06408979210282474
23868,LC10a_R,R,L8,0.07307519003952102
23868,LC10a_R,R,R8,0.0678215942624396
23868,LC10a_R,R,R7,0.06601630892595917
23868,LC10a_R,R,R6,0.05412294653884539
23868,LC10a_R,R,R5,0.07735912199343273
23868,LC10a_R,R,R4,0.0733356533824495
23868,LC10a_R,R,R3,0.10018517831807161
23868,LC10a_R,R,R2,0.026440795165913918
23868,LC10a_R,R,R1,0.0579617679161591
23989,LC10a_L,L,L1,0.03583115744652301
23989,LC10a_L,L,L2,0.028493583917123075
23989,LC10a_L,L,L3,0.04643745648318209
23989,LC10a_L,L,L4,0.05876821339361729
23989,LC10a_L,L,L5,0.07596876231529112
23989,LC10a_L,L,L6,0.05342791313956188
23989,LC10a_L,L,L7,0.07465923691798368
23989,LC10a_L,L,L8,0.059423401522210435
23989,LC10a_L,L,R8,0.0577653201558544
23989,LC10a_L,L,R7,0.03544296162117914
23989,LC10a_L,L,R6,0.0616879116587833
23989,LC10a_L,L,R5,0.06785557512302239
23989,LC10a_L,L,R4,0.07994135226412542
23989,LC10a_L,L,R3,0.16499813167977903
23989,LC10a_L,L,R2,0.05538204472205844
23989,LC10a_L,L,R1,0.043916977639705396
24035,LC10a_R,R,L1,0.044610309029341697
24035,LC10a_R,R,L2,0.04614141778807419
24035,LC10a_R,R,L3,0.0648682532371497
24035,LC10a_R,R,L4,0.09075891070586772
24035,LC10a_R,R,L5,0.05771158722177504
24035,LC10a_R,R,L6,0.059682228575829666
24035,LC10a_R,R,L7,0.0547663026664986
24035,LC10a_R,R,L8,0.0653799670807315
24035,LC10a_R,R,R8,0.09028485126686467
24035,LC10a_R,R,R7,0.06088989690507717
24035,LC10a_R,R,R6,0.0701479952212563
24035,LC10a_R,R,R5,0.06939433112289162
24035,LC10a_R,R,R4,0.06278770183775387
24035,LC10a_R,R,R3,0.07265650421923452
24035,LC10a_R,R,R2,0.04528694764734915
24035,LC10a_R,R,R1,0.044632795474304585
24208,LC10a_R,R,L1,0.04352757331727153
24208,LC10a_R,R,L2,0.03386726527485686
24208,LC10a_R,R,L3,0.07819729978209419
24208,LC10a_R,R,L4,0.06474334762838915
24208,LC10a_R,R,L5,0.06620406506349329
24208,LC10a_R,R,L6,0.042419054896206045
24208,LC10a_R,R,L7,0.07033193659121434
24208,LC10a_R,R,L8,0.06911904334815601
24208,LC10a_R,R,R8,0.07757910931689399
24208,LC10a_R,R,R7,0.08410337504745154
24208,LC10a_R,R,R6,0.06890404015721238
24208,LC10a_R,R,R5,0.06514025866741954
24208,LC10a_R,R,R4,0.06378204065821255
24208,LC10a_R,R,R3,0.08180202144462206
24208,LC10a_R,R,R2,0.03857811786433324
24208,LC10a_R,R,R1,0.051701450942173446
24545,LC10a_R,R,L1,0.03558694140343403
24545,LC10a_R,R,L2,0.030559074466417584
24545,LC10a_R,R,L3,0.09983400216824476
24545,LC10a_R,R,L4,0.04314993594133054
24545,LC10a_R,R,L5,0.0693871267424363
24545,LC10a_R,R,L6,0.0502038930044279
24545,LC10a_R,R,L7,0.05897291798653467
24545,LC10a_R,R,L8,0.08876140414493705
24545,LC10a_R,R,R8,0.05829140025270114
24545,LC10a_R,R,R7,0.05154206014868061
24545,LC10a_R,R,R6,0.04494827736165152
24545,LC10a_R,R,R5,0.08140073596943043
24545,LC10a_R,R,R4,0.08509062958475815
24545,LC10a_R,R,R3,0.12505334447097258
24545,LC10a_R,R,R2,0.016498008258770368
24545,LC10a_R,R,R1,0.06072024809527238
24592,LC10a_R,R,L1,0.04260438897319254
24592,LC10a_R,R,L2,0.04046995733415783
24592,LC10a_R,R,L3,0.07618740667984462
24592,LC10a_R,R,L4,0.06089896739251335
24592,LC10a_R,R,L5,0.06726172160337165
24592,LC10a_R,R,L6,0.05307524786858925
24592,LC10a_R,R,L7,0.07341818197794442
24592,LC10a_R,R,L8,0.07350530727714924
24592,LC10a_R,R,R8,0.07545430315236398
24592,LC10a_R,R,R7,0.05977293230193109
24592,LC10a_R,R,R6,0.05430223203633151
24592,LC10a_R,R,R5,0.06755330509054613
24592,LC10a_R,R,R4,0.06024107585894141
24592,LC10a_R,R,R3,0.08916447764801955
24592,LC10a_R,R,R2,0.052196247519476636
24592,LC10a_R,R,R1,0.053894247285626896
24719,LC10a_L,L,L1,0.03484182450292372
24719,LC10a_L,L,L2,0.02890855052815276
24719,LC10a_L,L,L3,0.04529807414411635
24719,LC10a_L,L,L4,0.054911316440528775
24719,LC10a_L,L,L5,0.07716970543050154
24719,LC10a_L,L,L6,0.0502414104307929
24719,LC10a_L,L,L7,0.07400708160033014
24719,LC10a_L,L,L8,0.054528799655379934
24719,LC10a_L,L,R8,0.055295518674096863
24719,LC10a_L,L,R7,0.03767099172392195
24719,LC10a_L,L,R6,0.06101305302094328
24719,LC10a_L,L,R5,0.06616505408403334
24719,LC10a_L,L,R4,0.0824608226332498
24719,LC10a_L,L,R3,0.17789914811336982
24719,LC10a_L,L,R2,0.05591675311528191
24719,LC10a_L,L,R1,0.043671895902377036
24742,LC10a_L,L,L1,0.046553092418071026
24742,LC10a_L,L,L2,0.031102908761248504
24742,LC10a_L,L,L3,0.09063345887842625
24742,LC10a_L,L,L4,0.07519470722904409
24742,LC10a_L,L,L5,0.05489154389728716
24742,LC10a_L,L,L6,0.06557635632106427
24742,LC10a_L,L,L7,0.06167056196633018
24742,LC10a_L,L,L8,0.07838314314485642
24742,LC10a_L,L,R8,0.037105780202878066
24742,LC10a_L,L,R7,0.038949056012004234
24742,LC10a_L,L,R6,0.048833008737188904
24742,LC10a_L,L,R5,0.09201971182385707
24742,LC10a_L,L,R4,0.07590300062302785
24742,LC10a_L,L,R3,0.09122079167953814
24742,LC10a_L,L,R2,0.05583275666654072
24742,LC10a_L,L,R1,0.05613012163863709
24854,LC10a_R,R,L1,0.03941957395506523
24854,LC10a_R,R,L2,0.03953487431249634
24854,LC10a_R,R,L3,0.043654333574048125
24854,LC10a_R,R,L4,0.07233327467174798
24854,LC10a_R,R,L5,0.07460438829114757
24854,LC10a_R,R,L6,0.057127281480537515
24854,LC10a_R,R,L7,0.06151577490942855
24854,LC10a_R,R,L8,0.09862580179261715
24854,LC10a_R,R,R8,0.09200462819680355
24854,LC10a_R,R,R7,0.03745592795548194
24854,LC10a_R,R,R6,0.06956252617014692
24854,LC10a_R,R,R5,0.061246740742089294
24854,LC10a_R,R,R4,0.06371002162387406
24854,LC10a_R,R,R3,0.07460438829114757
24854,LC10a_R,R,R2,0.05739631564787677
24854,LC10a_R,R,R1,0.05720414838549159
24909,LC10a_R,R,L1,0.051202086892099666
24909,LC10a_R,R,L2,0.05041607857128424
24909,LC10a_R,R,L3,0.06300116645474338
24909,LC10a_R,R,L4,0.08808551038717524
24909,LC10a_R,R,L5,0.059132729533668785
24909,LC10a_R,R,L6,0.06147694937735032
24909,LC10a_R,R,L7,0.05083513282096043
24909,LC10a_R,R,L8,0.06079934460118544
24909,LC10a_R,R,R8,0.09361898845293203
24909,LC10a_R,R,R7,0.058759170147062625
24909,LC10a_R,R,R6,0.07236387652375503
24909,LC10a_R,R,R5,0.07213216354347524
24909,LC10a_R,R,R4,0.06191278283537521
24909,LC10a_R,R,R3,0.07066274210169764
24909,LC10a_R,R,R2,0.04198577596771991
24909,LC10a_R,R,R1,0.043615501789514836
25067,LC10a_R,R,L1,0.06263028161368589
25067,LC10a_R,R,L2,0.03817603080389527
25067,LC10a_R,R,L3,0.0759359795871527
25067,LC10a_R,R,L4,0.04427686117142947
25067,LC10a_R,R,L5,0.05665115112423903
25067,LC10a_R,R,L6,0.02678101579292055
25067,LC10a_R,R,L7,0.07804628551586196
25067,LC10a_R,R,L8,0.08174175365597189
25067,LC10a_R,R,R8,0.11118427052861839
25067,LC10a_R,R,R7,0.06484724401944746
25067,LC10a_R,R,R6,0.05367933760106855
25067,LC10a_R,R,R5,0.054448644586045016
25067,LC10a_R,R,R4,0.03488451534878979
25067,LC10a_R,R,R3,0.07501176294963847
25067,LC10a_R,R,R2,0.05201970026694851
25067,LC10a_R,R,R1,0.08968516543428708
25198,LC10a_R,R,L1,0.04721398969000263
25198,LC10a_R,R,L2,0.05226615042706478
25198,LC10a_R,R,L3,0.07647770909164332
25198,LC10a_R,R,L4,0.05480890871948892
25198,LC10a_R,R,L5,0.0645704038491305
25198,LC10a_R,R,L6,0.041666805937253956
25198,LC10a_R,R,L7,0.0707848175051945
25198,LC10a_R,R,L8,0.09558254185488323
25198,LC10a_R,R,R8,0.0662174178856507
25198,LC10a_R,R,R7,0.05618398495227079
25198,LC10a_R,R,R6,0.045684429489254864
25198,LC10a_R,R,R5,0.07309863037923625
25198,LC10a_R,R,R4,0.06287918220096521
25198,LC10a_R,R,R3,0.09822680965993512
25198,LC10a_R,R,R2,0.04647769739113856
25198,LC10a_R,R,R1,0.04786052096688676
25296,LC10a_R,R,L1,0.03982654350353673
25296,LC10a_R,R,L2,0.040218563522449007
25296,LC10a_R,R,L3,0.07609610966507771
25296,LC10a_R,R,L4,0.0714490468605348
25296,LC10a_R,R,L5,0.06455668718953371
25296,LC10a_R,R,L6,0.05312853991091883
25296,LC10a_R,R,L7,0.06066738298880307
25296,LC10a_R,R,L8,0.07419442383799911
25296,LC10a_R,R,R8,0.07393538640492116
25296,LC10a_R,R,R7,0.05971822671241018
25296,LC10a_R,R,R6,0.06438770974069644
25296,LC10a_R,R,R5,0.07031393395591244
25296,LC10a_R,R,R4,0.07442939784030042
25296,LC10a_R,R,R3,0.09377468367976839
25296,LC10a_R,R,R2,0.034290883154836985
25296,LC10a_R,R,R1,0.04901248103230106
25711,LC10a_R,R,L1,0.03997156726768154
25711,LC10a_R,R,L2,0.03864427102584532
25711,LC10a_R,R,L3,0.07616093638956078
25711,LC10a_R,R,L4,0.07036340779829436
25711,LC10a_R,R,L5,0.06535446156854877
25711,LC10a_R,R,L6,0.053143397331139486
25711,LC10a_R,R,L7,0.06796220981679987
25711,LC10a_R,R,L8,0.07046920556101824
25711,LC10a_R,R,R8,0.07764101398379203
25711,LC10a_R,R,R7,0.06568956778726033
25711,LC10a_R,R,R6,0.05908487298054056
25711,LC10a_R,R,R5,0.06932418472741392
25711,LC10a_R,R,R4,0.06381419352475408
25711,LC10a_R,R,R3,0.08476221284252247
25711,LC10a_R,R,R2,0.04554787119995868
25711,LC10a_R,R,R1,0.05206662619486965
25817,LC10a_L,L,L1,0.03088449272852655
25817,LC10a_L,L,L2,0.030568416972271476
25817,LC10a_L,L,L3,0.040740544787853376
25817,LC10a_L,L,L4,0.03948372862817469
25817,LC10a_L,L,L5,0.08197347789134325
25817,LC10a_L,L,L6,0.03749539959571695
25817,LC10a_L,L,L7,0.07139846032971595
25817,LC10a_L,L,L8,0.03495039218805793
25817,LC10a_L,L,R8,0.045416312747066645
25817,LC10a_L,L,R7,0.04658311213489321
25817,LC10a_L,L,R6,0.05831361846958324
25817,LC10a_L,L,R5,0.05940296992807715
25817,LC10a_L,L,R4,0.09253870410974728
25817,LC10a_L,L,R3,0.22950321384773292
25817,LC10a_L,L,R2,0.05805558668817577
25817,LC10a_L,L,R1,0.0426915689530636
25952,LC10a_R,R,L1,0.042182881495100175
25952,LC10a_R,R,L2,0.04629160085778613
25952,LC10a_R,R,L3,0.059772210692384906
25952,LC10a_R,R,L4,0.07179901020456926
25952,LC10a_R,R,L5,0.061736371025349714
25952,LC10a_R,R,L6,0.05684178426898351
25952,LC10a_R,R,L7,0.07053471467631563
25952,LC10a_R,R,L8,0.0814780534128871
25952,LC10a_R,R,R8,0.09080228045539812
25952,LC10a_R,R,R7,0.04272355462820076
25952,LC10a_R,R,R6,0.04266120851463151
25952,LC10a_R,R,R5,0.06024082537287384
25952,LC10a_R,R,R4,0.06794843311134764
25952,LC10a_R,R,R3,0.08573933881379354
25952,LC10a_R,R,R2,0.061390832566638145
25952,LC10a_R,R,R1,0.05785689990373996
26373,LC10a_R,R,L1,0.05020442877397147
26373,LC10a_R,R,L2,0.037799047683264135
26373,LC10a_R,R,L3,0.0740648977978535
26373,LC10a_R,R,L4,0.0656077015787941
26373,LC10a_R,R,L5,0.06063015611908448
26373,LC10a_R,R,L6,0.04101719810112361
26373,LC10a_R,R,L7,0.06969449876004385
26373,LC10a_R,R,L8,0.06972394361546212
26373,LC10a_R,R,R8,0.08944549430347652
26373,LC10a_R,R,R7,0.07251381423475212
26373,LC10a_R,R,R6,0.06725195680456805
26373,LC10a_R,R,R5,0.06270203824090799
26373,LC10a_R,R,R4,0.057044222828352906
26373,LC10a_R,R,R3,0.0794038561086102
26373,LC10a_R,R,R2,0.04228214765715985
26373,LC10a_R,R,R1,0.06061459739257506
26740,LC10a_L,L,L1,0.03088449272852655
26740,LC10a_L,L,L2,0.030568416972271476
26740,LC10a_L,L,L3,0.040740544787853376
26740,LC10a_L,L,L4,0.03948372862817469
26740,LC10a_L,L,L5,0.08197347789134325
26740,LC10a_L,L,L6,0.03749539959571695
26740,LC10a_L,L,L7,0.07139846032971595
26740,LC10a_L,L,L8,0.03495039218805793
26740,LC10a_L,L,R8,0.045416312747066645
26740,LC10a_L,L,R7,0.04658311213489321
26740,LC10a_L,L,R6,0.05831361846958324
26740,LC10a_L,L,R5,0.05940296992807715
26740,LC10a_L,L,R4,0.09253870410974728
26740,LC10a_L,L,R3,0.22950321384773292
26740,LC10a_L,L,R2,0.05805558668817577
26740,LC10a_L,L,R1,0.0426915689530636
26788,LC10a_R,R,L1,0.04120519887617334
26788,LC10a_R,R,L2,0.027678881769039966
26788,LC10a_R,R,L3,0.09298789211016378
26788,LC10a_R,R,L4,0.03413137125089721
26788,LC10a_R,R,L5,0.06449846021608384
26788,LC10a_R,R,L6,0.04118743954158808
26788,LC10a_R,R,L7,0.06869088287783325
26788,LC10a_R,R,L8,0.06968387783458778
26788,LC10a_R,R,R8,0.06493781088949614
26788,LC10a_R,R,R7,0.07691593178087916
26788,LC10a_R,R,R6,0.05239380254655247
26788,LC10a_R,R,R5,0.08575599307114659
26788,LC10a_R,R,R4,0.07364174389939065
26788,LC10a_R,R,R3,0.11089446559029914
26788,LC10a_R,R,R2,0.032351879597100036
26788,LC10a_R,R,R1,0.06304436814876851
26976,LC10a_R,R,L1,0.04839163845954007
26976,LC10a_R,R,L2,0.051438617206400014
26976,LC10a_R,R,L3,0.06168541698633088
26976,LC10a_R,R,L4,0.07345726441322159
26976,LC10a_R,R,L5,0.06307262648689743
26976,LC10a_R,R,L6,0.059997131214756014
26976,LC10a_R,R,L7,0.06641267128763109
26976,LC10a_R,R,L8,0.0691753555949703
26976,LC10a_R,R,R8,0.08945013201253889
26976,LC10a_R,R,R7,0.048123069639627127
26976,LC10a_R,R,R6,0.059786448261200664
26976,LC10a_R,R,R5,0.06660210772641727
26976,LC10a_R,R,R4,0.05502648977428243
26976,LC10a_R,R,R3,0.08055929028148091
26976,LC10a_R,R,R2,0.06164763298204004
26976,LC10a_R,R,R1,0.045174107672665303
27067,LC10a_R,R,L1,0.04809090140185427
27067,LC10a_R,R,L2,0.04269354695657905
27067,LC10a_R,R,L3,0.08377950615892366
27067,LC10a_R,R,L4,0.04823440745920735
27067,LC10a_R,R,L5,0.05824777761622266
27067,LC10a_R,R,L6,0.07407061523618344
27067,LC10a_R,R,L7,0.062398931398146895
27067,LC10a_R,R,L8,0.07960841529054713
27067,LC10a_R,R,R8,0.07218646324172086
27067,LC10a_R,R,R7,0.04135879429305311
27067,LC10a_R,R,R6,0.07325304919358835
27067,LC10a_R,R,R5,0.07235937966031686
27067,LC10a_R,R,R4,0.07223251435947603
27067,LC10a_R,R,R3,0.07849456461186044
27067,LC10a_R,R,R2,0.02941026962672342
27067,LC10a_R,R,R1,0.06358086349559647
27300,LC10a_R,R,L1,0.041039939154555796
27300,LC10a_R,R,L2,0.027893370290805908
27300,LC10a_R,R,L3,0.09764611476145282
27300,LC10a_R,R,L4,0.039042134778143146
27300,LC10a_R,R,L5,0.07893100367690391
27300,LC10a_R,R,L6,0.04350190887783231
27300,LC10a_R,R,L7,0.07613608696497537
27300,LC10a_R,R,L8,0.06789172601818957
27300,LC10a_R,R,R8,0.05996731295593492
27300,LC10a_R,R,R7,0.08194999121511995
27300,LC10a_R,R,R6,0.05051812388965471
27300,LC10a_R,R,R5,0.07726200588260908
27300,LC10a_R,R,R4,0.07078539474884718
27300,LC10a_R,R,R3,0.09800410712557525
27300,LC10a_R,R,R2,0.025068036210545177
27300,LC10a_R,R,R1,0.06436274344885504
27579,LC10a_R,R,L1,0.03558694140343403
27579,LC10a_R,R,L2,0.030559074466417584
27579,LC10a_R,R,L3,0.09983400216824476
27579,LC10a_R,R,L4,0.04314993594133054
27579,LC10a_R,R,L5,0.0693871267424363
27579,LC10a_R,R,L6,0.0502038930044279
27579,LC10a_R,R,L7,0.05897291798653467
27579,LC10a_R,R,L8,0.08876140414493705
27579,LC10a_R,R,R8,0.05829140025270114
27579,LC10a_R,R,R7,0.05154206014868061
27579,LC10a_R,R,R6,0.04494827736165152
27579,LC10a_R,R,R5,0.08140073596943043
27579,LC10a_R,R,R4,0.08509062958475815
27579,LC10a_R,R,R3,0.12505334447097258
27579,LC10a_R,R,R2,0.016498008258770368
27579,LC10a_R,R,R1,0.06072024809527238
27709,LC10a_R,R,L1,0.03558694140343403
27709,LC10a_R,R,L2,0.030559074466417584
27709,LC10a_R,R,L3,0.09983400216824476
27709,LC10a_R,R,L4,0.04314993594133054
27709,LC10a_R,R,L5,0.0693871267424363
27709,LC10a_R,R,L6,0.0502038930044279
27709,LC10a_R,R,L7,0.05897291798653467
27709,LC10a_R,R,L8,0.08876140414493705
27709,LC10a_R,R,R8,0.05829140025270114
27709,LC10a_R,R,R7,0.05154206014868061
27709,LC10a_R,R,R6,0.04494827736165152
27709,LC10a_R,R,R5,0.08140073596943043
27709,LC10a_R,R,R4,0.08509062958475815
27709,LC10a_R,R,R3,0.12505334447097258
27709,LC10a_R,R,R2,0.016498008258770368
27709,LC10a_R,R,R1,0.06072024809527238
28654,LC10a_R,R,L1,0.040648241799123706
28654,LC10a_R,R,L2,0.04349571554561548
28654,LC10a_R,R,L3,0.0590052815139149
28654,LC10a_R,R,L4,0.05763604074684194
28654,LC10a_R,R,L5,0.06519533238877794
28654,LC10a_R,R,L6,0.046681437942809954
28654,LC10a_R,R,L7,0.06772842048617082
28654,LC10a_R,R,L8,0.09973804473518569
28654,LC10a_R,R,R8,0.0900078895067065
28654,LC10a_R,R,R7,0.055322952388604005
28654,LC10a_R,R,R6,0.061447080057101096
28654,LC10a_R,R,R5,0.061937135514067695
28654,LC10a_R,R,R4,0.0525863922330816
28654,LC10a_R,R,R3,0.07291295486476589
28654,LC10a_R,R,R2,0.0568830278735037
28654,LC10a_R,R,R1,0.06877405240372904
28823,LC10a_R,R,L1,0.041039939154555796
28823,LC10a_R,R,L2,0.027893370290805908
28823,LC10a_R,R,L3,0.09764611476145282
28823,LC10a_R,R,L4,0.039042134778143146
28823,LC10a_R,R,L5,0.07893100367690391
28823,LC10a_R,R,L6,0.04350190887783231
28823,LC10a_R,R,L7,0.07613608696497537
28823,LC10a_R,R,L8,0.06789172601818957
28823,LC10a_R,R,R8,0.05996731295593492
28823,LC10a_R,R,R7,0.08194999121511995
28823,LC10a_R,R,R6,0.05051812388965471
28823,LC10a_R,R,R5,0.07726200588260908
28823,LC10a_R,R,R4,0.07078539474884718
28823,LC10a_R,R,R3,0.09800410712557525
28823,LC10a_R,R,R2,0.025068036210545177
28823,LC10a_R,R,R1,0.06436274344885504
29186,LC10a_R,R,L1,0.04298450671839617
29186,LC10a_R,R,L2,0.04940213236461714
29186,LC10a_R,R,L3,0.06212586516376155
29186,LC10a_R,R,L4,0.06750337751789437
29186,LC10a_R,R,L5,0.06425555452559598
29186,LC10a_R,R,L6,0.058155726016503234
29186,LC10a_R,R,L7,0.07681976806940051
29186,LC10a_R,R,L8,0.07625133476282012
29186,LC10a_R,R,R8,0.08529574054002868
29186,LC10a_R,R,R7,0.04390618709892752
29186,LC10a_R,R,R6,0.051958581544048324
29186,LC10a_R,R,R5,0.06210221276858714
29186,LC10a_R,R,R4,0.051993523094145025
29186,LC10a_R,R,R3,0.08686876411155772
29186,LC10a_R,R,R2,0.073786962113883
29186,LC10a_R,R,R1,0.04658976358983356
30025,LC10a_L,L,L1,0.04594594594594595
30025,LC10a_L,L,L2,0.02918918918918919
30025,LC10a_L,L,L3,0.046486486486486484
30025,LC10a_L,L,L4,0.07567567567567568
30025,LC10a_L,L,L5,0.07081081081081081
30025,LC10a_L,L,L6,0.08108108108108107
30025,LC10a_L,L,L7,0.07567567567567567
30025,LC10a_L,L,L8,0.09189189189189188
30025,LC10a_L,L,R8,0.06324324324324324
30025,LC10a_L,L,R7,0.03135135135135135
30025,LC10a_L,L,R6,0.05189189189189189
30025,LC10a_L,L,R5,0.05459459459459459
30025,LC10a_L,L,R4,0.08054054054054055
30025,LC10a_L,L,R3,0.09783783783783784
30025,LC10a_L,L,R2,0.049189189189189186
30025,LC10a_L,L,R1,0.05459459459459459
31033,LC10a_L,L,L1,0.04594594594594595
31033,LC10a_L,L,L2,0.02918918918918919
31033,LC10a_L,L,L3,0.046486486486486484
31033,LC10a_L,L,L4,0.07567567567567568
31033,LC10a_L,L,L5,0.07081081081081081
31033,LC10a_L,L,L6,0.08108108108108107
31033,LC10a_L,L,L7,0.07567567567567567
31033,LC10a_L,L,L8,0.09189189189189188
31033,LC10a_L,L,R8,0.06324324324324324
31033,LC10a_L,L,R7,0.03135135135135135
31033,LC10a_L,L,R6,0.05189189189189189
31033,LC10a_L,L,R5,0.05459459459459459
31033,LC10a_L,L,R4,0.08054054054054055
31033,LC10a_L,L,R3,0.09783783783783784
31033,LC10a_L,L,R2,0.049189189189189186
31033,LC10a_L,L,R1,0.05459459459459459
31623,LC10a_R,R,L1,0.04064594451943325
31623,LC10a_R,R,L2,0.03843036670774171
31623,LC10a_R,R,L3,0.07778265710037346
31623,LC10a_R,R,L4,0.06426797380980315
31623,LC10a_R,R,L5,0.06762241402118024
31623,LC10a_R,R,L6,0.05220990199920239
31623,LC10a_R,R,L7,0.07085071702388757
31623,LC10a_R,R,L8,0.07093039991559737
31623,LC10a_R,R,R8,0.0756845040477756
31623,LC10a_R,R,R7,0.06513110309414182
31623,LC10a_R,R,R6,0.05640265151434235
31623,LC10a_R,R,R5,0.06959747702193675
31623,LC10a_R,R,R4,0.06317770247619339
31623,LC10a_R,R,R3,0.0874828020165176
31623,LC10a_R,R,R2,0.04637975544809214
31623,LC10a_R,R,R1,0.05340362928378124
31634,LC10a_R,R,L1,0.051202086892099666
31634,LC10a_R,R,L2,0.05041607857128424
31634,LC10a_R,R,L3,0.06300116645474338
31634,LC10a_R,R,L4,0.08808551038717524
31634,LC10a_R,R,L5,0.059132729533668785
31634,LC10a_R,R,L6,0.06147694937735032
31634,LC10a_R,R,L7,0.05083513282096043
31634,LC10a_R,R,L8,0.06079934460118544
31634,LC10a_R,R,R8,0.09361898845293203
31634,LC10a_R,R,R7,0.058759170147062625
31634,LC10a_R,R,R6,0.07236387652375503
31634,LC10a_R,R,R5,0.07213216354347524
31634,LC10a_R,R,R4,0.06191278283537521
31634,LC10a_R,R,R3,0.07066274210169764
31634,LC10a_R,R,R2,0.04198577596771991
31634,LC10a_R,R,R1,0.043615501789514836
31878,LC10a_R,R,L1,0.045885127768487514
31878,LC10a_R,R,L2,0.043363686083784665
31878,LC10a_R,R,L3,0.06322646453201507
31878,LC10a_R,R,L4,0.0704856584748652
31878,LC10a_R,R,L5,0.060221025383974135
31878,LC10a_R,R,L6,0.049160746515719694
31878,LC10a_R,R,L7,0.0658540665172241
31878,LC10a_R,R,L8,0.07758523352825157
31878,LC10a_R,R,R8,0.09555899478968377
31878,LC10a_R,R,R7,0.05632655470381087
31878,LC10a_R,R,R6,0.05824731478119891
31878,LC10a_R,R,R5,0.06131769059439994
31878,LC10a_R,R,R4,0.06449050363644106
31878,LC10a_R,R,R3,0.07609987886836744
31878,LC10a_R,R,R2,0.05148042578419307
31878,LC10a_R,R,R1,0.06069662803758299
31941,LC10a_R,R,L1,0.05217899241977844
31941,LC10a_R,R,L2,0.04379737935948413
31941,LC10a_R,R,L3,0.06919782671916246
31941,LC10a_R,R,L4,0.05476221909724635
31941,LC10a_R,R,L5,0.06367570837898633
31941,LC10a_R,R,L6,0.046953801986107525
31941,LC10a_R,R,L7,0.06545079079235828
31941,LC10a_R,R,L8,0.09560328944299698
31941,LC10a_R,R,R8,0.08666914029740208
31941,LC10a_R,R,R7,0.06401071350037173
31941,LC10a_R,R,R6,0.05653730151061831
31941,LC10a_R,R,R5,0.0623150280295898
31941,LC10a_R,R,R4,0.057483579796039394
31941,LC10a_R,R,R3,0.06965030599801808
31941,LC10a_R,R,R2,0.05348093569043985
31941,LC10a_R,R,R1,0.05823298698140023
32153,LC10a_L,L,L1,0.0600396831153675
32153,LC10a_L,L,L2,0.03251738971545735
32153,LC10a_L,L,L3,0.07581057938545861
32153,LC10a_L,L,L4,0.06424801613207409
32153,LC10a_L,L,L5,0.058718967414619586
32153,LC10a_L,L,L6,0.0720194314397213
32153,LC10a_L,L,L7,0.06678701706076907
32153,LC10a_L,L,L8,0.07457637992259569
32153,LC10a_L,L,R8,0.057210216888155696
32153,LC10a_L,L,R7,0.0351830620590685
32153,LC10a_L,L,R6,0.04951320310418539
32153,LC10a_L,L,R5,0.07366260900882479
32153,LC10a_L,L,R4,0.07592860401233992
32153,LC10a_L,L,R3,0.10129406148729819
32153,LC10a_L,L,R2,0.044318376347361854
32153,LC10a_L,L,R1,0.05817240290670242
32238,LC10a_L,L,L1,0.04594594594594595
32238,LC10a_L,L,L2,0.02918918918918919
32238,LC10a_L,L,L3,0.046486486486486484
32238,LC10a_L,L,L4,0.07567567567567568
32238,LC10a_L,L,L5,0.07081081081081081
32238,LC10a_L,L,L6,0.08108108108108107
32238,LC10a_L,L,L7,0.07567567567567567
32238,LC10a_L,L,L8,0.09189189189189188
32238,LC10a_L,L,R8,0.06324324324324324
32238,LC10a_L,L,R7,0.03135135135135135
32238,LC10a_L,L,R6,0.05189189189189189
32238,LC10a_L,L,R5,0.05459459459459459
32238,LC10a_L,L,R4,0.08054054054054055
32238,LC10a_L,L,R3,0.09783783783783784
32238,LC10a_L,L,R2,0.049189189189189186
32238,LC10a_L,L,R1,0.05459459459459459
32286,LC10a_L,L,L1,0.0600396831153675
32286,LC10a_L,L,L2,0.03251738971545735
32286,LC10a_L,L,L3,0.07581057938545861
32286,LC10a_L,L,L4,0.06424801613207409
32286,LC10a_L,L,L5,0.058718967414619586
32286,LC10a_L,L,L6,0.0720194314397213
32286,LC10a_L,L,L7,0.06678701706076907
32286,LC10a_L,L,L8,0.07457637992259569
32286,LC10a_L,L,R8,0.057210216888155696
32286,LC10a_L,L,R7,0.0351830620590685
32286,LC10a_L,L,R6,0.04951320310418539
32286,LC10a_L,L,R5,0.07366260900882479
32286,LC10a_L,L,R4,0.07592860401233992
32286,LC10a_L,L,R3,0.10129406148729819
32286,LC10a_L,L,R2,0.044318376347361854
32286,LC10a_L,L,R1,0.05817240290670242
32493,LC10a_L,L,L1,0.04868877003549407
32493,LC10a_L,L,L2,0.05198555126027907
32493,LC10a_L,L,L3,0.0508669477588881
32493,LC10a_L,L,L4,0.03953757402053704
32493,LC10a_L,L,L5,0.06467370622626085
32493,LC10a_L,L,L6,0.07765982464326533
32493,LC10a_L,L,L7,0.07823069533562631
32493,LC10a_L,L,L8,0.06546353508788409
32493,LC10a_L,L,R8,0.07049865937118503
32493,LC10a_L,L,R7,0.04487574196217265
32493,LC10a_L,L,R6,0.07597734898317886
32493,LC10a_L,L,R5,0.08261910552576428
32493,LC10a_L,L,R4,0.08338195985134955
32493,LC10a_L,L,R3,0.07842651562155763
32493,LC10a_L,L,R2,0.033466688170312585
32493,LC10a_L,L,R1,0.05364737614624445
33219,LC10a_L,L,L1,0.037711045180706795
33219,LC10a_L,L,L2,0.036873214059244076
33219,LC10a_L,L,L3,0.05742539308729491
33219,LC10a_L,L,L4,0.05554308508585978
33219,LC10a_L,L,L5,0.05723959549320433
33219,LC10a_L,L,L6,0.06913339387778289
33219,LC10a_L,L,L7,0.06122887865881049
33219,LC10a_L,L,L8,0.07967264700437945
33219,LC10a_L,L,R8,0.07257710518280798
33219,LC10a_L,L,R7,0.05195569731662915
33219,LC10a_L,L,R6,0.06138363696405491
33219,LC10a_L,L,R5,0.05497750787367368
33219,LC10a_L,L,R4,0.06760081488602057
33219,LC10a_L,L,R3,0.14080591742313409
33219,LC10a_L,L,R2,0.045866057301478136
33219,LC10a_L,L,R1,0.05000601060491878
34756,LC10a_R,R,L1,0.045112781954887216
34756,LC10a_R,R,L2,0.05263157894736842
34756,LC10a_R,R,L3,0.06015037593984962
34756,LC10a_R,R,L4,0.05639097744360902
34756,LC10a_R,R,L5,0.06766917293233082
34756,LC10a_R,R,L6,0.05827067669172932
34756,LC10a_R,R,L7,0.08458646616541353
34756,LC10a_R,R,L8,0.07894736842105263
34756,LC10a_R,R,R8,0.08458646616541353
34756,LC10a_R,R,R7,0.03571428571428571
34756,LC10a_R,R,R6,0.045112781954887216
34756,LC10a_R,R,R5,0.06015037593984962
34756,LC10a_R,R,R4,0.046992481203007516
34756,LC10a_R,R,R3,0.09210526315789473
34756,LC10a_R,R,R2,0.08458646616541353
34756,LC10a_R,R,R1,0.046992481203007516
36286,LC10a_L,L,L1,0.04228348731893101
36286,LC10a_L,L,L2,0.043999658111836884
36286,LC10a_L,L,L3,0.05722221330540043
36286,LC10a_L,L,L4,0.04465370674885792
36286,LC10a_L,L,L5,0.04122869170955455
36286,LC10a_L,L,L6,0.05963580243708108
36286,LC10a_L,L,L7,0.06573089825681089
36286,LC10a_L,L,L8,0.10746720988426241
36286,LC10a_L,L,R8,0.09226121162754454
36286,LC10a_L,L,R7,0.051739759710776045
36286,LC10a_L,L,R6,0.0495456541337974
36286,LC10a_L,L,R5,0.05706494808106287
36286,LC10a_L,L,R4,0.05638615218586657
36286,LC10a_L,L,R3,0.11910320266204634
36286,LC10a_L,L,R2,0.046983182400134826
36286,LC10a_L,L,R1,0.06469422142603624
36779,LC10a_R,R,L1,0.08071748878923764
36779,LC10a_R,R,L2,0.04932735426008968
36779,LC10a_R,R,L3,0.06427503736920775
36779,LC10a_R,R,L4,0.047832585949177865
36779,LC10a_R,R,L5,0.06278026905829595
36779,LC10a_R,R,L6,0.058295964125560526
36779,LC10a_R,R,L7,0.0717488789237668
36779,LC10a_R,R,L8,0.07772795216741403
36779,LC10a_R,R,R8,0.09118086696562032
36779,LC10a_R,R,R7,0.06576980568011957
36779,LC10a_R,R,R6,0.04633781763826606
36779,LC10a_R,R,R5,0.04633781763826606
36779,LC10a_R,R,R4,0.04484304932735426
36779,LC10a_R,R,R3,0.08669656203288488
36779,LC10a_R,R,R2,0.047832585949177865
36779,LC10a_R,R,R1,0.058295964125560526
36783,LC10a_L,L,L1,0.03418226920719085
36783,LC10a_L,L,L2,0.029185194935505872
36783,LC10a_L,L,L3,0.044538485918072517
36783,LC10a_L,L,L4,0.052340051805136414
36783,LC10a_L,L,L5,0.07797033417397516
36783,LC10a_L,L,L6,0.04811707529161357
36783,LC10a_L,L,L7,0.0735723113885611
36783,LC10a_L,L,L8,0.05126573174415959
36783,LC10a_L,L,R8,0.05364898435292515
36783,LC10a_L,L,R7,0.03915634512575049
36783,LC10a_L,L,R6,0.06056314726238327
36783,LC10a_L,L,R5,0.06503804005804063
36783,LC10a_L,L,R4,0.08414046954599937
36783,LC10a_L,L,R3,0.18649982573576365
36783,LC10a_L,L,R2,0.056273225377430874
36783,LC10a_L,L,R1,0.04350850807749146
37042,LC10a_L,L,L1,0.03209545827738994
37042,LC10a_L,L,L2,0.05297072820867485
37042,LC10a_L,L,L3,0.05500068283653867
37042,LC10a_L,L,L4,0.07047268832258691
37042,LC10a_L,L,L5,0.061026577425391595
37042,LC10a_L,L,L6,0.06818685651576897
37042,LC10a_L,L,L7,0.03927280017153632
37042,LC10a_L,L,L8,0.07942410766564299
37042,LC10a_L,L,R8,0.12051789177705857
37042,LC10a_L,L,R7,0.057094606759141006
37042,LC10a_L,L,R6,0.08481030930711068
37042,LC10a_L,L,R5,0.05455289777336898
37042,LC10a_L,L,R4,0.060962608130653066
37042,LC10a_L,L,R3,0.051772374412411865
37042,LC10a_L,L,R2,0.06508648668111923
37042,LC10a_L,L,R1,0.04675292573560634
37316,LC10a_L,L,L1,0.038388166770970164
37316,LC10a_L,L,L2,0.034968497139603684
37316,LC10a_L,L,L3,0.05472784164874127
37316,LC10a_L,L,L4,0.050589025206777355
37316,LC10a_L,L,L5,0.04644499808199216
37316,LC10a_L,L,L6,0.0663320340288499
37316,LC10a_L,L,L7,0.06924892242412603
37316,LC10a_L,L,L8,0.10386051363626628
37316,LC10a_L,L,R8,0.07132254414999845
37316,LC10a_L,L,R7,0.05072317506032799
37316,LC10a_L,L,R6,0.05512356899877809
37316,LC10a_L,L,R5,0.057095258626736416
37316,LC10a_L,L,R4,0.06578566750559386
37316,LC10a_L,L,R3,0.13521642294380432
37316,LC10a_L,L,R2,0.04190486610426183
37316,LC10a_L,L,R1,0.05826849767317231
37896,LC10a_L,L,L1,0.06887906062391147
37896,LC10a_L,L,L2,0.043049609885236644
37896,LC10a_L,L,L3,0.08257847839058435
37896,LC10a_L,L,L4,0.042207127517792715
37896,LC10a_L,L,L5,0.06792810911996142
37896,LC10a_L,L,L6,0.05175900199566894
37896,LC10a_L,L,L7,0.06355590308735498
37896,LC10a_L,L,L8,0.07508198796783111
37896,LC10a_L,L,R8,0.06994656327156765
37896,LC10a_L,L,R7,0.07039750364938104
37896,LC10a_L,L,R6,0.059646657522892374
37896,LC10a_L,L,R5,0.0655987111358952
37896,LC10a_L,L,R4,0.06133231873795117
37896,LC10a_L,L,R3,0.09310950812133804
37896,LC10a_L,L,R2,0.0368685019212257
37896,LC10a_L,L,R1,0.04806095705140717
37958,LC10a_R,R,L1,0.07130165177286651
37958,LC10a_R,R,L2,0.030042731596566875
37958,LC10a_R,R,L3,0.09186335454048015
37958,LC10a_R,R,L4,0.047693128954980554
37958,LC10a_R,R,L5,0.06778121745894858
37958,LC10a_R,R,L6,0.044755424021466844
37958,LC10a_R,R,L7,0.07693398144853977
37958,LC10a_R,R,L8,0.07125722950977725
37958,LC10a_R,R,R8,0.07525733725813585
37958,LC10a_R,R,R7,0.05590951690480743
37958,LC10a_R,R,R6,0.06312420212655535
37958,LC10a_R,R,R5,0.0499523809427226
37958,LC10a_R,R,R4,0.059427205327021976
37958,LC10a_R,R,R3,0.0910233303885326
37958,LC10a_R,R,R2,0.04700114626134876
37958,LC10a_R,R,R1,0.05667616148724883
38301,LC10a_L,L,L1,0.040956884887769315
38301,LC10a_L,L,L2,0.04939355974601331
38301,LC10a_L,L,L3,0.07926960455345967
38301,LC10a_L,L,L4,0.05375758840452304
38301,LC10a_L,L,L5,0.057837134611281205
38301,LC10a_L,L,L6,0.046939005415560855
38301,LC10a_L,L,L7,0.09200023994962683
38301,LC10a_L,L,L8,0.08167195977045714
38301,LC10a_L,L,R8,0.08567778233026191
38301,LC10a_L,L,R7,0.04860886985938589
38301,LC10a_L,L,R6,0.05189488770990436
38301,LC10a_L,L,R5,0.07047879496307871
38301,LC10a_L,L,R4,0.06763902878336436
38301,LC10a_L,L,R3,0.06863117910984627
38301,LC10a_L,L,R2,0.05469067272133237
38301,LC10a_L,L,R1,0.05055280718413488
39108,LC10a_L,L,L1,0.058401345119552556
39108,LC10a_L,L,L2,0.034263315382838284
39108,LC10a_L,L,L3,0.07425578845414398
39108,LC10a_L,L,L4,0.06311076270778422
39108,LC10a_L,L,L5,0.07246574558705518
39108,LC10a_L,L,L6,0.05552409807715997
39108,LC10a_L,L,L7,0.07238771331053542
39108,LC10a_L,L,L8,0.06947594833070103
39108,LC10a_L,L,R8,0.06120209167280956
39108,LC10a_L,L,R7,0.0690086331412343
39108,LC10a_L,L,R6,0.056847785233208846
39108,LC10a_L,L,R5,0.05760878543773141
39108,LC10a_L,L,R4,0.07136432141999265
39108,LC10a_L,L,R3,0.0941666691264473
39108,LC10a_L,L,R2,0.034903768462621367
39108,LC10a_L,L,R1,0.05501322853618389
41240,LC10a_R,R,L1,0.05088876357356424
41240,LC10a_R,R,L2,0.040027565723262284
41240,LC10a_R,R,L3,0.07299034961678166
41240,LC10a_R,R,L4,0.054524503954008464
41240,LC10a_R,R,L5,0.06048143248402696
41240,LC10a_R,R,L6,0.037300526150985495
41240,LC10a_R,R,L7,0.07256198081351506
41240,LC10a_R,R,L8,0.08168484611618074
41240,LC10a_R,R,R8,0.09391811499488698
41240,LC10a_R,R,R7,0.06864401614030662
41240,LC10a_R,R,R6,0.05884026789861255
41240,LC10a_R,R,R5,0.06047003893530017
41240,LC10a_R,R,R4,0.048080434561266386
41240,LC10a_R,R,R3,0.07704378378506194
41240,LC10a_R,R,R2,0.04931217324204326
41240,LC10a_R,R,R1,0.07323120201019721
42379,LC10a_L,L,L1,0.038035308444334316
42379,LC10a_L,L,L2,0.030106278255314985
42379,LC10a_L,L,L3,0.05435378034221456
42379,LC10a_L,L,L4,0.07433139704851645
42379,LC10a_L,L,L5,0.06587527704428377
42379,LC10a_L,L,L6,0.06173071374235168
42379,LC10a_L,L,L7,0.06739063919585687
42379,LC10a_L,L,L8,0.0865518229142596
42379,LC10a_L,L,R8,0.04898073597566276
42379,LC10a_L,L,R7,0.04262482452005259
42379,LC10a_L,L,R6,0.05607636187439693
42379,LC10a_L,L,R5,0.060136947341687126
42379,LC10a_L,L,R4,0.0821629767785926
42379,LC10a_L,L,R3,0.1228054399695655
42379,LC10a_L,L,R2,0.054666109640481984
42379,LC10a_L,L,R1,0.05417138691242827
43865,LC10a_L,L,L1,0.03209545827738994
43865,LC10a_L,L,L2,0.05297072820867485
43865,LC10a_L,L,L3,0.05500068283653867
43865,LC10a_L,L,L4,0.07047268832258691
43865,LC10a_L,L,L5,0.061026577425391595
43865,LC10a_L,L,L6,0.06818685651576897
43865,LC10a_L,L,L7,0.03927280017153632
43865,LC10a_L,L,L8,0.07942410766564299
43865,LC10a_L,L,R8,0.12051789177705857
43865,LC10a_L,L,R7,0.057094606759141006
43865,LC10a_L,L,R6,0.08481030930711068
43865,LC10a_L,L,R5,0.05455289777336898
43865,LC10a_L,L,R4,0.060962608130653066
43865,LC10a_L,L,R3,0.051772374412411865
43865,LC10a_L,L,R2,0.06508648668111923
43865,LC10a_L,L,R1,0.04675292573560634
45300,LC10a_R,R,L1,0.07130165177286651
45300,LC10a_R,R,L2,0.030042731596566875
45300,LC10a_R,R,L3,0.09186335454048015
45300,LC10a_R,R,L4,0.047693128954980554
45300,LC10a_R,R,L5,0.06778121745894858
45300,LC10a_R,R,L6,0.044755424021466844
45300,LC10a_R,R,L7,0.07693398144853977
45300,LC10a_R,R,L8,0.07125722950977725
45300,LC10a_R,R,R8,0.07525733725813585
45300,LC10a_R,R,R7,0.05590951690480743
45300,LC10a_R,R,R6,0.06312420212655535
45300,LC10a_R,R,R5,0.0499523809427226
45300,LC10a_R,R,R4,0.059427205327021976
45300,LC10a_R,R,R3,0.0910233303885326
45300,LC10a_R,R,R2,0.04700114626134876
45300,LC10a_R,R,R1,0.05667616148724883
46034,LC10a_R,R,L1,0.06139947569268482
46034,LC10a_R,R,L2,0.03996656546726444
46034,LC10a_R,R,L3,0.09067753056313681
46034,LC10a_R,R,L4,0.03299728486889669
46034,LC10a_R,R,L5,0.05967621468116543
46034,LC10a_R,R,L6,0.03433246570509417
46034,LC10a_R,R,L7,0.09169884961032249
46034,LC10a_R,R,L8,0.05077034809725243
46034,LC10a_R,R,R8,0.06267247901155583
46034,LC10a_R,R,R7,0.0868558290136455
46034,LC10a_R,R,R6,0.0508677095600954
46034,LC10a_R,R,R5,0.08008380513670292
46034,LC10a_R,R,R4,0.054976977942877994
46034,LC10a_R,R,R3,0.11238948199558124
46034,LC10a_R,R,R2,0.03764866119734674
46034,LC10a_R,R,R1,0.052986321456377106
49244,LC10a_R,R,L1,0.05391017972671605
49244,LC10a_R,R,L2,0.04469555497018146
49244,LC10a_R,R,L3,0.07031458953278037
49244,LC10a_R,R,L4,0.04542228135468861
49244,LC10a_R,R,L5,0.05561809620916131
49244,LC10a_R,R,L6,0.03205432033912617
49244,LC10a_R,R,L7,0.07544798324826368
49244,LC10a_R,R,L8,0.09578548959350798
49244,LC10a_R,R,R8,0.10519950246361745
49244,LC10a_R,R,R7,0.05967568668117782
49244,LC10a_R,R,R6,0.05178322896991622
49244,LC10a_R,R,R5,0.0557836713949626
49244,LC10a_R,R,R4,0.036086105315087186
49244,LC10a_R,R,R3,0.07159753925371717
49244,LC10a_R,R,R2,0.05843958904951929
49244,LC10a_R,R,R1,0.0881861818975767
52783,LC10a_R,R,L1,0.06556015537528143
52783,LC10a_R,R,L2,0.06378078908331009
52783,LC10a_R,R,L3,0.05800684718331777
52783,LC10a_R,R,L4,0.06489445879361845
52783,LC10a_R,R,L5,0.06479067182428527
52783,LC10a_R,R,L6,0.057385649209178616
52783,LC10a_R,R,L7,0.08866028835776735
52783,LC10a_R,R,L8,0.07780901451489687
52783,LC10a_R,R,R8,0.0717802353264538
52783,LC10a_R,R,R7,0.03555097190391308
52783,LC10a_R,R,R6,0.032857773412395264
52783,LC10a_R,R,R5,0.04954100023847923
52783,LC10a_R,R,R4,0.05921650276272125
52783,LC10a_R,R,R3,0.0978037437197101
52783,LC10a_R,R,R2,0.05646809835045129
52783,LC10a_R,R,R1,0.05589379994422011
56376,LC10a_L,L,L1,0.03209545827738994
56376,LC10a_L,L,L2,0.05297072820867485
56376,LC10a_L,L,L3,0.05500068283653867
56376,LC10a_L,L,L4,0.07047268832258691
56376,LC10a_L,L,L5,0.061026577425391595
56376,LC10a_L,L,L6,0.06818685651576897
56376,LC10a_L,L,L7,0.03927280017153632
56376,LC10a_L,L,L8,0.07942410766564299
56376,LC10a_L,L,R8,0.12051789177705857
56376,LC10a_L,L,R7,0.057094606759141006
56376,LC10a_L,L,R6,0.08481030930711068
56376,LC10a_L,L,R5,0.05455289777336898
56376,LC10a_L,L,R4,0.060962608130653066
56376,LC10a_L,L,R3,0.051772374412411865
56376,LC10a_L,L,R2,0.06508648668111923
56376,LC10a_L,L,R1,0.04675292573560634
58449,LC10a_L,L,L1,0.040482226350242415
58449,LC10a_L,L,L2,0.04354234439221549
58449,LC10a_L,L,L3,0.056928283573976675
58449,LC10a_L,L,L4,0.052658919576897084
58449,LC10a_L,L,L5,0.050255525549873156
58449,LC10a_L,L,L6,0.07645819942818524
58449,LC10a_L,L,L7,0.051870280889239326
58449,LC10a_L,L,L8,0.08270456911339506
58449,LC10a_L,L,R8,0.09592382598551469
58449,LC10a_L,L,R7,0.0565480766747543
58449,LC10a_L,L,R6,0.06311156036462584
58449,LC10a_L,L,R5,0.0509177432675633
58449,LC10a_L,L,R4,0.05760591763640651
58449,LC10a_L,L,R3,0.11900205478976214
58449,LC10a_L,L,R2,0.05049584427019739
58449,LC10a_L,L,R1,0.05149462813715153
60207,LC10a_L,L,L1,0.02569518868693553
60207,LC10a_L,L,L2,0.06233772606686056
60207,LC10a_L,L,L3,0.05794918459609455
60207,LC10a_L,L,L4,0.06800788824929548
60207,LC10a_L,L,L5,0.06352557319186458
60207,LC10a_L,L,L6,0.054739217108720435
60207,LC10a_L,L,L7,0.057800311380246994
60207,LC10a_L,L,L8,0.08247798374829099
60207,LC10a_L,L,R8,0.0949875460861839
60207,LC10a_L,L,R7,0.057974946278163804
60207,LC10a_L,L,R6,0.0714783838644028
60207,LC10a_L,L,R5,0.06012951418468102
60207,LC10a_L,L,R4,0.06572736037071597
60207,LC10a_L,L,R3,0.06897812242709614
60207,LC10a_L,L,R2,0.07018603435760144
60207,LC10a_L,L,R1,0.038005019402845855
64964,LC10a_L,L,L1,0.05204384236775261
64964,LC10a_L,L,L2,0.040159158445129
64964,LC10a_L,L,L3,0.06742883637443586
64964,LC10a_L,L,L4,0.06529119443147105
64964,LC10a_L,L,L5,0.06752914682578251
64964,LC10a_L,L,L6,0.04330795419612808
64964,LC10a_L,L,L7,0.06436611832726001
64964,LC10a_L,L,L8,0.08989774572677509
64964,LC10a_L,L,R8,0.07224086388547053
64964,LC10a_L,L,R7,0.059677723873577684
64964,LC10a_L,L,R6,0.06193698891421021
64964,LC10a_L,L,R5,0.06544711081700819
64964,LC10a_L,L,R4,0.06444477038353702
64964,LC10a_L,L,R3,0.08289026617050751
64964,LC10a_L,L,R2,0.04799741212988553
64964,LC10a_L,L,R1,0.05534086713106921
68463,LC10a_L,L,L1,0.062236785406379426
68463,LC10a_L,L,L2,0.04575110366095044
68463,LC10a_L,L,L3,0.0629614806335492
68463,LC10a_L,L,L4,0.04720209543497935
68463,LC10a_L,L,L5,0.06792443796892807
68463,LC10a_L,L,L6,0.05082978427538736
68463,LC10a_L,L,L7,0.07408671461876672
68463,LC10a_L,L,L8,0.07205658471621544
68463,LC10a_L,L,R8,0.07663743408313274
68463,LC10a_L,L,R7,0.050654093004520694
68463,LC10a_L,L,R6,0.06473491273686095
68463,LC10a_L,L,R5,0.057721599597477774
68463,LC10a_L,L,R4,0.0756390177946492
68463,LC10a_L,L,R3,0.08885248748792117
68463,LC10a_L,L,R2,0.033016840633434436
68463,LC10a_L,L,R1,0.06969462794684722
69870,LC10a_L,L,L1,0.04853892657942774
69870,LC10a_L,L,L2,0.034760012698045475
69870,LC10a_L,L,L3,0.0532370940453834
69870,LC10a_L,L,L4,0.03251735897345209
69870,LC10a_L,L,L5,0.03193060424882349
69870,LC10a_L,L,L6,0.07041562692041549
69870,LC10a_L,L,L7,0.06813443021977292
69870,LC10a_L,L,L8,0.11185844091955299
69870,LC10a_L,L,R8,0.08621227495154926
69870,LC10a_L,L,R7,0.05324006943849782
69870,LC10a_L,L,R6,0.044267540568072375
69870,LC10a_L,L,R5,0.04723115471346499
69870,LC10a_L,L,R4,0.05367353020075461
69870,LC10a_L,L,R3,0.16088933986858128
69870,LC10a_L,L,R2,0.03518061648851589
69870,LC10a_L,L,R1,0.06791297916569021
87750,LC10a_L,L,L1,0.01825168107588857
87750,LC10a_L,L,L2,0.0350624399615754
87750,LC10a_L,L,L3,0.06051873198847263
87750,LC10a_L,L,L4,0.08789625360230548
87750,LC10a_L,L,L5,0.0792507204610951
87750,LC10a_L,L,L6,0.06532180595581172
87750,LC10a_L,L,L7,0.0696445725264169
87750,LC10a_L,L,L8,0.07492795389048991
87750,LC10a_L,L,R8,0.034101825168107586
87750,LC10a_L,L,R7,0.047070124879923146
87750,LC10a_L,L,R6,0.07540826128722383
87750,LC10a_L,L,R5,0.07684918347742555
87750,LC10a_L,L,R4,0.09029779058597504
87750,LC10a_L,L,R3,0.09654178674351585
87750,LC10a_L,L,R2,0.05571565802113353
87750,LC10a_L,L,R1,0.03314121037463977
140676,LC10a_L,L,L1,0.03088449272852655
140676,LC10a_L,L,L2,0.030568416972271476
140676,LC10a_L,L,L3,0.040740544787853376
140676,LC10a_L,L,L4,0.03948372862817469
140676,LC10a_L,L,L5,0.08197347789134325
140676,LC10a_L,L,L6,0.03749539959571695
140676,LC10a_L,L,L7,0.07139846032971595
140676,LC10a_L,L,L8,0.03495039218805793
140676,LC10a_L,L,R8,0.045416312747066645
140676,LC10a_L,L,R7,0.04658311213489321
140676,LC10a_L,L,R6,0.05831361846958324
140676,LC10a_L,L,R5,0.05940296992807715
140676,LC10a_L,L,R4,0.09253870410974728
140676,LC10a_L,L,R3,0.22950321384773292
140676,LC10a_L,L,R2,0.05805558668817577
140676,LC10a_L,L,R1,0.0426915689530636
144957,LC10a_L,L,L1,0.14272721239972433
144957,LC10a_L,L,L2,0.047021396421872565
144957,LC10a_L,L,L3,0.07169141939493814
144957,LC10a_L,L,L4,0.023731185974247174
144957,LC10a_L,L,L5,0.017031937404135757
144957,LC10a_L,L,L6,0.03279113320775149
144957,LC10a_L,L,L7,0.04982934425798205
144957,LC10a_L,L,L8,0.032182731976600286
144957,LC10a_L,L,R8,0.02322768345733158
144957,LC10a_L,L,R7,0.15563069477394184
144957,LC10a_L,L,R6,0.02311268406814801
144957,LC10a_L,L,R5,0.11638661697017291
144957,LC10a_L,L,R4,0.029915865692778945
144957,LC10a_L,L,R3,0.09058533725529429
144957,LC10a_L,L,R2,0.035101420663492436
144957,LC10a_L,L,R1,0.10903333608158833
518681,LC10a_L,L,L1,0.03531488316498024
518681,LC10a_L,L,L2,0.03109261676400037
518681,LC10a_L,L,L3,0.051413582402672145
518681,LC10a_L,L,L4,0.07713587585548133
518681,LC10a_L,L,L5,0.06911707935556484
518681,LC10a_L,L,L6,0.06450343971124736
518681,LC10a_L,L,L7,0.06791953937560118
518681,LC10a_L,L,L8,0.08102213475581284
518681,LC10a_L,L,R8,0.04085024155795625
518681,LC10a_L,L,R7,0.04310494045609544
518681,LC10a_L,L,R6,0.05316512240416032
518681,LC10a_L,L,R5,0.06489797090453692
518681,LC10a_L,L,R4,0.08627946565696357
518681,LC10a_L,L,R3,0.12085810618059205
518681,LC10a_L,L,R2,0.06333769074111248
518681,LC10a_L,L,R1,0.04998731071322273
519168,LC10a_L,L,L1,0.03620948427962842
519168,LC10a_L,L,L2,0.035300917482945525
519168,LC10a_L,L,L3,0.05249753554969876
519168,LC10a_L,L,L4,0.053155852117452586
519168,LC10a_L,L,L5,0.04594863560713685
519168,LC10a_L,L,L6,0.05907405351145309
519168,LC10a_L,L,L7,0.07112182174077042
519168,LC10a_L,L,L8,0.1139039628408916
519168,LC10a_L,L,R8,0.0750417296305986
519168,LC10a_L,L,R7,0.04897713146635262
519168,LC10a_L,L,R6,0.05857940280058835
519168,LC10a_L,L,R5,0.059044934087659026
519168,LC10a_L,L,R4,0.06794903134292933
519168,LC10a_L,L,R3,0.11867776167450989
519168,LC10a_L,L,R2,0.04292365261056917
519168,LC10a_L,L,R1,0.06159409325681581
529578,LC10a_L,L,L1,0.03088449272852655
529578,LC10a_L,L,L2,0.030568416972271476
529578,LC10a_L,L,L3,0.040740544787853376
529578,LC10a_L,L,L4,0.03948372862817469
529578,LC10a_L,L,L5,0.08197347789134325
529578,LC10a_L,L,L6,0.03749539959571695
529578,LC10a_L,L,L7,0.07139846032971595
529578,LC10a_L,L,L8,0.03495039218805793
529578,LC10a_L,L,R8,0.045416312747066645
529578,LC10a_L,L,R7,0.04658311213489321
529578,LC10a_L,L,R6,0.05831361846958324
529578,LC10a_L,L,R5,0.05940296992807715
529578,LC10a_L,L,R4,0.09253870410974728
529578,LC10a_L,L,R3,0.22950321384773292
529578,LC10a_L,L,R2,0.05805558668817577
529578,LC10a_L,L,R1,0.0426915689530636
532653,LC10a_L,L,L1,0.03209545827738994
532653,LC10a_L,L,L2,0.05297072820867485
532653,LC10a_L,L,L3,0.05500068283653867
532653,LC10a_L,L,L4,0.07047268832258691
532653,LC10a_L,L,L5,0.061026577425391595
532653,LC10a_L,L,L6,0.06818685651576897
532653,LC10a_L,L,L7,0.03927280017153632
532653,LC10a_L,L,L8,0.07942410766564299
532653,LC10a_L,L,R8,0.12051789177705857
532653,LC10a_L,L,R7,0.057094606759141006
532653,LC10a_L,L,R6,0.08481030930711068
532653,LC10a_L,L,R5,0.05455289777336898
532653,LC10a_L,L,R4,0.060962608130653066
532653,LC10a_L,L,R3,0.051772374412411865
532653,LC10a_L,L,R2,0.06508648668111923
532653,LC10a_L,L,R1,0.04675292573560634
536318,LC10a_L,L,L1,0.04833473692493637
536318,LC10a_L,L,L2,0.06255562864547001
536318,LC10a_L,L,L3,0.06944483862896289
536318,LC10a_L,L,L4,0.05339262015849313
536318,LC10a_L,L,L5,0.07127616537889903
536318,LC10a_L,L,L6,0.033782270449777066
536318,LC10a_L,L,L7,0.06702858110372256
536318,LC10a_L,L,L8,0.08757473517431505
536318,LC10a_L,L,R8,0.07314311462060588
536318,LC10a_L,L,R7,0.06176928800108222
536318,LC10a_L,L,R6,0.04192190593151181
536318,LC10a_L,L,R5,0.0774023630735606
536318,LC10a_L,L,R4,0.0622976131427455
536318,LC10a_L,L,R3,0.10041206133894243
536318,LC10a_L,L,R2,0.053896986986163915
536318,LC10a_L,L,R1,0.035767090440811763
557990,LC10a_L,L,L1,0.03664400029591635
557990,LC10a_L,L,L2,0.03124987670151904
557990,LC10a_L,L,L3,0.05461549368711777
557990,LC10a_L,L,L4,0.08843152002367331
557990,LC10a_L,L,L5,0.06526015979483132
557990,LC10a_L,L,L6,0.07260585174590649
557990,LC10a_L,L,L7,0.06687586308936673
557990,LC10a_L,L,L8,0.09484365752613928
557990,LC10a_L,L,R8,0.039480420201223124
557990,LC10a_L,L,R7,0.04206148895245611
557990,LC10a_L,L,R6,0.051620573584533445
557990,LC10a_L,L,R5,0.06654647119747485
557990,LC10a_L,L,R4,0.08440169412112844
557990,LC10a_L,L,R3,0.0882645738804498
557990,LC10a_L,L,R2,0.06492232195699349
557990,LC10a_L,L,R1,0.052176033241270466
575597,LC10a_L,L,L1,0.035831157446523
575597,LC10a_L,L,L2,0.028493583917123075
575597,LC10a_L,L,L3,0.04643745648318208
575597,LC10a_L,L,L4,0.058768213393617284
575597,LC10a_L,L,L5,0.07596876231529111
575597,LC10a_L,L,L6,0.053427913139561876
575597,LC10a_L,L,L7,0.07465923691798367
575597,LC10a_L,L,L8,0.05942340152221043
575597,LC10a_L,L,R8,0.0577653201558544
575597,LC10a_L,L,R7,0.03544296162117914
575597,LC10a_L,L,R6,0.06168791165878328
575597,LC10a_L,L,R5,0.06785557512302237
575597,LC10a_L,L,R4,0.07994135226412541
575597,LC10a_L,L,R3,0.164998131679779
575597,LC10a_L,L,R2,0.05538204472205842
575597,LC10a_L,L,R1,0.04391697763970539
