lc10a_bodyId,lc10a_instance,lc10a_side,dominant_tubu_type,peak_heading,peak_value,circular_phase_index,circular_vector_strength,entropy_bits
13697,LC10a_L,L,TuBu06,R3,0.22950321384773292,12.253512905028932,0.21952946312470256,3.7228630802789744
25817,LC10a_L,L,TuBu06,R3,0.22950321384773292,12.253512905028932,0.21952946312470256,3.7228630802789744
26740,LC10a_L,L,TuBu06,R3,0.22950321384773292,12.253512905028932,0.21952946312470256,3.7228630802789744
140676,LC10a_L,L,TuBu06,R3,0.22950321384773292,12.253512905028932,0.21952946312470256,3.7228630802789744
529578,LC10a_L,L,TuBu06,R3,0.22950321384773292,12.253512905028932,0.21952946312470256,3.7228630802789744
144957,LC10a_L,L,TuBu02,R7,0.15563069477394184,13.311064138743339,0.2046143585870571,3.6598731256094945
21238,LC10a_R,R,TuBu02,R5,0.13666509889473977,12.515862747652314,0.15338488651785162,3.6753287438420434
36783,LC10a_L,L,TuBu06,R3,0.18649982573576365,11.802692698166668,0.14613505937391785,3.825867398393556
16775,LC10a_L,L,TuBu06,R3,0.18250590205665615,11.802352035314042,0.14558565004556262,3.8441364808336833
24719,LC10a_L,L,TuBu06,R3,0.17789914811336982,11.65385328452414,0.1323684730521543,3.841946323215137
23001,LC10a_L,L,TuBu06,R3,0.18325195562551794,11.4404534849772,0.12872372407341393,3.8375656104749143
37042,LC10a_L,L,TuBu08,R8,0.12051789177705857,7.9689418871024245,0.12544083310463314,3.9325024471586008
43865,LC10a_L,L,TuBu08,R8,0.12051789177705857,7.9689418871024245,0.12544083310463314,3.9325024471586008
56376,LC10a_L,L,TuBu08,R8,0.12051789177705857,7.9689418871024245,0.12544083310463314,3.9325024471586008
532653,LC10a_L,L,TuBu08,R8,0.12051789177705857,7.9689418871024245,0.12544083310463314,3.9325024471586008
519168,LC10a_L,L,TuBu06,R3,0.11867776167450989,9.187453886582741,0.1158482171958335,3.9108732962930968
69870,LC10a_L,L,TuBu06,R3,0.16088933986858128,9.940896870442385,0.1151822315676473,3.833272467052607
14980,LC10a_L,L,TuBu01,R3,0.16499813167977903,11.364212557928996,0.11282192895546705,3.863284281639486
23989,LC10a_L,L,TuBu01,R3,0.16499813167977903,11.364212557928996,0.11282192895546705,3.863284281639486
575597,LC10a_L,L,TuBu01,R3,0.164998131679779,11.364212557928994,0.11282192895546703,3.8632842816394852
26788,LC10a_R,R,TuBu06,R3,0.11089446559029914,10.302184260802724,0.1057973113841012,3.9036906844368233
37316,LC10a_L,L,TuBu06,R3,0.13521642294380432,9.530411048389217,0.10348903440238882,3.903847076528966
36286,LC10a_L,L,TuBu06,R3,0.11910320266204634,9.323412573639835,0.0996197268865715,3.9150821721038596
24854,LC10a_R,R,TuBu08,L8,0.09862580179261715,7.840334475475284,0.09943028397644209,3.9454750298248182
32493,LC10a_L,L,TuBu04,R4,0.08338195985134955,9.001674334606742,0.0993472200902886,3.9515048247499447
24208,LC10a_R,R,TuBu01,R7,0.08410337504745154,8.461370959612255,0.09914086415338182,3.9538587375724488
60207,LC10a_L,L,TuBu08,R8,0.0949875460861839,8.198634565252481,0.09899499739868686,3.9530911790938674
58449,LC10a_L,L,TuBu06,R3,0.11900205478976214,9.159820304907166,0.09430177042805957,3.932049642392815
28654,LC10a_R,R,TuBu08,L8,0.09973804473518569,8.066098558034625,0.08992693504029237,3.9600090392644187
33219,LC10a_L,L,TuBu06,R3,0.14080591742313409,10.003749456738023,0.08813154529670802,3.9170268088302067
31941,LC10a_R,R,TuBu10,L8,0.09560328944299698,7.930342210710224,0.08143733913054049,3.9703951866942857
23830,LC10a_R,R,TuBu01,R3,0.09252319935807987,8.67732004012891,0.08050757049064215,3.952824480042602
26373,LC10a_R,R,TuBu01,R8,0.08944549430347652,8.474321004463333,0.07987498373744974,3.963585094578004
38301,LC10a_L,L,TuBu08,L7,0.09200023994962683,7.589692711502074,0.07889084860162196,3.958637343635325
24035,LC10a_R,R,TuBu01,L4,0.09075891070586772,7.734077483204655,0.07617858456579829,3.9651278701146886
22070,LC10a_R,R,TuBu01,R3,0.0863271867311733,8.302729200111388,0.0760132735860832,3.956289243239218
46034,LC10a_R,R,TuBu06,R3,0.11238948199558124,10.543847667207135,0.07532418485054404,3.9074074339163247
21632,LC10a_R,R,TuBu06,R3,0.09800410712557525,8.967211606715516,0.07395538338284394,3.9048173323542197
22505,LC10a_R,R,TuBu06,R3,0.09800410712557525,8.967211606715516,0.07395538338284394,3.9048173323542197
27300,LC10a_R,R,TuBu06,R3,0.09800410712557525,8.967211606715516,0.07395538338284394,3.9048173323542197
28823,LC10a_R,R,TuBu06,R3,0.09800410712557525,8.967211606715516,0.07395538338284394,3.9048173323542197
87750,LC10a_L,L,TuBu01,R3,0.09654178674351585,8.676112087453005,0.07228547545356283,3.896226930152305
25296,LC10a_R,R,TuBu01,R3,0.09377468367976839,8.617938337416371,0.07187811533574502,3.9542736918538806
23210,LC10a_R,R,TuBu06,R3,0.09253583412079971,8.742094248144047,0.07182781261241927,3.9346426203850102
41240,LC10a_R,R,TuBu06,R8,0.09391811499488698,8.395436601296687,0.07164034405599665,3.95728279792519
25711,LC10a_R,R,TuBu01,R3,0.08476221284252247,8.075189278765524,0.07096578235413445,3.9673835173432206
31878,LC10a_R,R,TuBu01,R8,0.09555899478968377,8.199487304411473,0.07029393595919446,3.971097408278914
22148,LC10a_R,R,TuBu06,R3,0.0870675611160242,8.50521462572763,0.07029294930768201,3.9551035744824414
24909,LC10a_R,R,TuBu01,R8,0.09361898845293203,7.761977791103529,0.06956191228877913,3.9652892526155936
31634,LC10a_R,R,TuBu01,R8,0.09361898845293203,7.761977791103529,0.06956191228877913,3.9652892526155936
19540,LC10a_L,L,TuBu05,L3,0.08811181995373879,6.197617091370558,0.06848366155188433,3.9607707989719065
31623,LC10a_R,R,TuBu01,R3,0.0874828020165176,8.158646380648586,0.06675575062566232,3.9665902019152677
24545,LC10a_R,R,TuBu06,R3,0.12505334447097258,10.09311266008662,0.06641661360615313,3.8632623208400347
27579,LC10a_R,R,TuBu06,R3,0.12505334447097258,10.09311266008662,0.06641661360615313,3.8632623208400347
27709,LC10a_R,R,TuBu06,R3,0.12505334447097258,10.09311266008662,0.06641661360615313,3.8632623208400347
23868,LC10a_R,R,TuBu06,R3,0.10018517831807161,9.026566659183413,0.06632148001352778,3.9326592315323086
30025,LC10a_L,L,TuBu01,R3,0.09783783783783784,7.106913292372274,0.06583146758882354,3.92586844128505
31033,LC10a_L,L,TuBu01,R3,0.09783783783783784,7.106913292372274,0.06583146758882354,3.92586844128505
32238,LC10a_L,L,TuBu01,R3,0.09783783783783784,7.106913292372274,0.06583146758882354,3.92586844128505
64964,LC10a_L,L,TuBu03,L8,0.08989774572677509,8.49737118684658,0.06397591777543998,3.9700982827438267
27067,LC10a_R,R,TuBu04,L3,0.08377950615892366,8.122718022727135,0.061163379689257905,3.951485688867628
49244,LC10a_R,R,TuBu06,R8,0.10519950246361745,8.181117518989977,0.060057545524412385,3.9274067834292676
24592,LC10a_R,R,TuBu06,R3,0.08916447764801955,8.0834136432326,0.05709919801381571,3.9699376071855523
42379,LC10a_L,L,TuBu01,R3,0.1228054399695655,10.336686449970138,0.055680693745810035,3.9219883591829228
25067,LC10a_R,R,TuBu06,R8,0.11118427052861839,8.525485184574165,0.055127028851798564,3.915175517556121
518681,LC10a_L,L,TuBu01,R3,0.12085810618059205,10.852426717885775,0.0540346493611485,3.9168404119855356
26976,LC10a_R,R,TuBu01,R8,0.08945013201253889,7.487514748470465,0.05276909321788018,3.9757180118667406
536318,LC10a_L,L,TuBu03,R3,0.10041206133894243,9.31821377329013,0.052313951533709414,3.9431595004488997
21173,LC10a_L,L,TuBu01,R3,0.1164890260654875,9.905661325804752,0.051661569024214156,3.929171990139946
37896,LC10a_L,L,TuBu07,R3,0.09310950812133804,8.942017151410408,0.05049681567246363,3.9591385572384943
25198,LC10a_R,R,TuBu03,R3,0.09822680965993512,8.617051946676009,0.04890951917261654,3.951669148736938
29186,LC10a_R,R,TuBu08,R3,0.08686876411155772,7.280387399725593,0.04845968234102152,3.964888468811214
68463,LC10a_L,L,TuBu07,R3,0.08885248748792117,9.431216714240982,0.048314529940109194,3.9631250088485728
25952,LC10a_R,R,TuBu08,R8,0.09080228045539812,7.629856768834222,0.04652129594250338,3.960806066456299
39108,LC10a_L,L,TuBu07,R3,0.0941666691264473,7.914182330635035,0.04559137966119239,3.960805336088602
52783,LC10a_R,R,TuBu08,R3,0.0978037437197101,3.0774650163057795,0.0450795732332169,3.951112433425721
36779,LC10a_R,R,TuBu09,R8,0.09118086696562032,6.524317961515449,0.043495644878100884,3.9599762401709366
15340,LC10a_L,L,TuBu01,L8,0.09484365752613928,7.8424597974524906,0.03721223682526481,3.9303691658536524
19537,LC10a_L,L,TuBu01,L8,0.09484365752613928,7.8424597974524906,0.03721223682526481,3.9303691658536524
22184,LC10a_L,L,TuBu01,L8,0.09484365752613928,7.8424597974524906,0.03721223682526481,3.9303691658536524
557990,LC10a_L,L,TuBu01,L8,0.09484365752613928,7.8424597974524906,0.03721223682526481,3.9303691658536524
34756,LC10a_R,R,TuBu08,R3,0.09210526315789473,6.841079885868312,0.03476248041291419,3.9472186088819714
37958,LC10a_R,R,TuBu07,L3,0.09186335454048015,7.930716245874309,0.025336684835724106,3.9491884414860214
45300,LC10a_R,R,TuBu07,L3,0.09186335454048015,7.930716245874309,0.025336684835724106,3.9491884414860214
24742,LC10a_L,L,TuBu01,R5,0.09201971182385707,13.172821299466621,0.023497957738043918,3.9310265737861605
32153,LC10a_L,L,TuBu01,R3,0.10129406148729819,11.16740243831161,0.013952792455901286,3.947373310421993
32286,LC10a_L,L,TuBu01,R3,0.10129406148729819,11.16740243831161,0.013952792455901286,3.947373310421993
