tubu_type,lc10a_input_weight,lc10a_input_edges,lc10a_source_neurons,peak_heading,peak_value,circular_phase_index,circular_vector_strength,entropy_bits,input_weight_norm,candidate_score
TuBu06,167.0,63,46,R3,0.12832582974162676,10.314002339123128,0.09072977300238208,3.9105163520391715,0.9881656804733728,0.365599953754566
TuBu01,169.0,47,41,L4,0.0876342216176814,7.770315755857936,0.06302505570967717,3.9594562173081314,1.0,0.34780891388297464
TuBu08,83.0,27,24,R8,0.09488058655210968,7.664431283432729,0.07422687214857238,3.960105772404866,0.4911242603550296,0.20239414577104012
TuBu02,13.0,10,9,L3,0.13482002214213135,14.180700768210329,0.14933807122305462,3.8002162167540527,0.07692307692307693,0.12543586557092282
TuBu10,2.0,2,2,L8,0.09323570020183523,7.56745897471287,0.08029499560058044,3.9717154140742306,0.011834319526627219,0.0616978984685827
TuBu03,12.0,9,5,R3,0.098630478076702,8.698813480587352,0.04381080727226458,3.960003576731668,0.07100591715976332,0.06019229085917981
TuBu07,7.0,7,7,R3,0.0907425546373967,8.285613351302521,0.04876212317808683,3.9597890095653527,0.04142011834319527,0.05285658644651584
TuBu05,1.0,1,1,L3,0.08811181995373879,6.197617091370558,0.06848366155188433,3.9607707989719065,0.005917159763313609,0.05265793477559128
TuBu09,2.0,1,1,R8,0.09118086696562032,6.524317961515449,0.043495644878100884,3.9599762401709366,0.011834319526627219,0.0411500305857867
TuBu04,5.0,5,5,R3,0.08733267159633518,9.061725614429225,0.03028232118539258,3.9700764490437424,0.029585798816568046,0.03863091703638661
