target_type,direct_total_weight,direct_edge_count,direct_source_neurons,two_hop_bottleneck_score,two_hop_path_count,two_hop_intermediate_types,direct_norm,two_hop_norm,candidate_score
DNa10,801.0,93,93,65969.0,5358,8,1.0,0.9561278914719694,0.9868383674415908
DNa13,0.0,0,0,68996.0,4052,10,0.0,1.0,0.3
DNa16,169.0,29,29,25478.0,1653,7,0.21098626716604243,0.3692677836396313,0.25847072210811906
DNa02,0.0,0,0,49559.0,2584,14,0.0,0.7182880166966201,0.21548640500898603
pIP1,22.0,7,7,40539.0,5154,11,0.02746566791510612,0.5875558003362513,0.1954927076414497
DNae002,0.0,0,0,42767.0,2609,11,0.0,0.6198475273928924,0.1859542582178677
DNde002,0.0,0,0,38438.0,1896,6,0.0,0.5571047596962143,0.1671314279088643
DNp11,184.0,49,49,0.0,0,0,0.22971285892634208,0.0,0.16079900124843943
DNge043,0.0,0,0,36329.0,1514,4,0.0,0.526537770305525,0.15796133109165747
DNp63,146.0,44,44,6754.0,1582,4,0.1822721598002497,0.09788973273812974,0.1569574316816137
DNa03,0.0,0,0,33555.0,1677,9,0.0,0.48633254101687057,0.14589976230506116
DNg04,0.0,0,0,27847.0,412,1,0.0,0.4036031074265175,0.12108093222795524
DNae010,0.0,0,0,24418.0,1331,5,0.0,0.35390457417821325,0.10617137225346397
DNa15,0.0,0,0,23937.0,1366,4,0.0,0.346933155545249,0.1040799466635747
DNg97,0.0,0,0,22572.0,947,7,0.0,0.32714939996521536,0.0981448199895646
DNa04,0.0,0,0,22558.0,1032,6,0.0,0.326946489651574,0.0980839468954722
MDN,0.0,0,0,21291.0,1793,2,0.0,0.30858310626702995,0.09257493188010898
DNb01,0.0,0,0,20627.0,1756,9,0.0,0.2989593599628964,0.08968780798886893
DNg75,0.0,0,0,19181.0,479,3,0.0,0.27800162328250916,0.08340048698475275
DNp57,0.0,0,0,18631.0,572,3,0.0,0.27003014667516956,0.08100904400255086
DNg111,0.0,0,0,18362.0,1702,8,0.0,0.26613136993448894,0.07983941098034668
DNde003,0.0,0,0,17460.0,2024,7,0.0,0.2530581482984521,0.07591744448953562
DNb02,0.0,0,0,16540.0,1302,4,0.0,0.23972404197344774,0.07191721259203432
DNae009,0.0,0,0,15664.0,1288,4,0.0,0.22702765377703055,0.06810829613310916
DNa06,0.0,0,0,15536.0,1044,4,0.0,0.22517247376659516,0.06755174212997854
DNp31,0.0,0,0,13216.0,358,1,0.0,0.19154733607745378,0.05746420082323613
DNbe004,0.0,0,0,13149.0,834,2,0.0,0.19057626529074148,0.05717287958722244
DNa11,0.0,0,0,13123.0,656,4,0.0,0.19019943185112181,0.05705982955533654
DNp09,65.0,16,16,0.0,0,0,0.08114856429463171,0.0,0.0568039950062422
DNg90,0.0,0,0,11489.0,639,3,0.0,0.16651689953040755,0.049955069859122264
DNg13,0.0,0,0,11427.0,1115,5,0.0,0.1656182967128529,0.049685489013855874
DNpe013,0.0,0,0,11255.0,811,3,0.0,0.16312539857383038,0.048937619572149114
DNp36,5.0,2,1,9874.0,2194,2,0.006242197253433208,0.1431097454924923,0.047302461725150936
DNpe025,0.0,0,0,10821.0,2366,1,0.0,0.1568351788509479,0.04705055365528436
aSP22,2.0,2,2,9711.0,1410,3,0.0024968789013732834,0.1407472896979535,0.04397200214034735
DNae007,0.0,0,0,9393.0,288,2,0.0,0.1361383268595281,0.04084149805785842
DNge041,0.0,0,0,9250.0,591,2,0.0,0.1340657429416198,0.04021972288248594
DNae001,0.0,0,0,8558.0,1080,5,0.0,0.12403617601020349,0.037210852803061044
DNd05,42.0,12,12,0.0,0,0,0.052434456928838954,0.0,0.03670411985018727
DNp18,0.0,0,0,8421.0,814,4,0.0,0.12205055365528436,0.03661516609658531
DNpe001,0.0,0,0,7963.0,820,2,0.0,0.11541248768044525,0.034623746304133576
DNb04,0.0,0,0,7903.0,358,1,0.0,0.11454287205055365,0.03436286161516609
DNg88,0.0,0,0,7874.0,296,2,0.0,0.11412255782943939,0.03423676734883182
DNpe020,0.0,0,0,7731.0,574,2,0.0,0.1120499739115311,0.03361499217345933
DNpe023,0.0,0,0,6957.0,532,3,0.0,0.10083193228592961,0.030249579685778884
DNa09,0.0,0,0,6871.0,882,5,0.0,0.09958548321641834,0.0298756449649255
DNp35,0.0,0,0,6807.0,402,1,0.0,0.09865789321120065,0.029597367963360193
DNb06,0.0,0,0,6598.0,179,1,0.0,0.09562873210041162,0.028688619630123483
DNg41,0.0,0,0,6437.0,206,1,0.0,0.09329526349353585,0.027988579048060756
DNp54,0.0,0,0,6205.0,544,2,0.0,0.08993274972462172,0.026979824917386513
DNbe003,0.0,0,0,6031.0,635,3,0.0,0.0874108643979361,0.02622325931938083
DNp13,0.0,0,0,5981.0,1240,3,0.0,0.08668618470635979,0.026005855411907936
DNpe045,0.0,0,0,5705.0,402,1,0.0,0.08268595280885849,0.024805785842657545
DNa01,0.0,0,0,5642.0,471,2,0.0,0.08177285639747232,0.024531856919241698
DNae003,0.0,0,0,5498.0,493,2,0.0,0.0796857788857325,0.02390573366571975
DNp102,0.0,0,0,5324.0,446,2,0.0,0.0771638935590469,0.02314916806771407
DNpe026,0.0,0,0,5253.0,402,1,0.0,0.07613484839700853,0.02284045451910256
DNp14,0.0,0,0,4986.0,402,1,0.0,0.07226505884399095,0.021679517653197287
DNg82,0.0,0,0,4414.0,490,2,0.0,0.06397472317235782,0.019192416951707345
DNpe017,0.0,0,0,4290.0,206,1,0.0,0.06217751753724854,0.01865325526117456
DNp53,0.0,0,0,4227.0,415,2,0.0,0.06126442112586237,0.01837932633775871
DNp27,21.0,19,18,0.0,0,0,0.026217228464419477,0.0,0.018352059925093634
DNp07,0.0,0,0,3961.0,327,1,0.0,0.05740912516667633,0.0172227375500029
DNp03,0.0,0,0,3947.0,206,1,0.0,0.05720621485303496,0.01716186445591049
DNpe042,0.0,0,0,3920.0,303,1,0.0,0.05681488781958374,0.01704446634587512
DNb09,0.0,0,0,3903.0,650,3,0.0,0.056568496724447796,0.016970549017334337
"DNp51,DNpe019",0.0,0,0,3680.0,895,2,0.0,0.05333642530001739,0.016000927590005216
pIP10,0.0,0,0,3616.0,300,1,0.0,0.0524088352947997,0.01572265058843991
DNp39,0.0,0,0,3599.0,335,2,0.0,0.052162444199663746,0.015648733259899125
DNge103,0.0,0,0,3559.0,1012,1,0.0,0.05158270044640269,0.015474810133920805
DNg71,0.0,0,0,3353.0,206,1,0.0,0.04859702011710824,0.014579106035132471
DNg101,0.0,0,0,3248.0,183,1,0.0,0.047075192764797956,0.014122557829439386
DNg01_d,0.0,0,0,2478.0,206,1,0.0,0.03591512551452258,0.010774537654356774
DNp10,2.0,1,1,1913.0,610,2,0.0024968789013732834,0.027726244999710128,0.010065688730874336
pMP2,0.0,0,0,2292.0,530,1,0.0,0.033219317061858655,0.009965795118557596
DNp15,0.0,0,0,2284.0,206,1,0.0,0.033103368311206444,0.009931010493361933
DNbe001,0.0,0,0,2241.0,124,1,0.0,0.03248014377645081,0.009744043132935242
DNpe043,0.0,0,0,2183.0,201,1,0.0,0.031639515334222275,0.009491854600266683
DNg01_b,0.0,0,0,2133.0,124,1,0.0,0.030914835642645952,0.009274450692793786
DNp68,0.0,0,0,1950.0,201,1,0.0,0.028262507971476607,0.008478752391442981
DNg01_c,0.0,0,0,1841.0,99,1,0.0,0.026682706243840223,0.008004811873152067
DNbe006,0.0,0,0,1835.0,279,2,0.0,0.026595744680851064,0.007978723404255319
DNge123,0.0,0,0,1185.0,90,1,0.0,0.017174908690358863,0.005152472607107658
DNpe002,0.0,0,0,1146.0,252,1,0.0,0.016609658530929328,0.004982897559278798
DNge124,0.0,0,0,1121.0,107,1,0.0,0.016247318685141166,0.004874195605542349
CB0429,0.0,0,0,1109.0,102,1,0.0,0.01607339555916285,0.0048220186677488544
DNae005,1.0,1,1,841.0,51,1,0.0012484394506866417,0.012189112412313758,0.004530641339174776
DNb08,0.0,0,0,993.0,165,1,0.0,0.01439213867470578,0.004317641602411734
DNpe012_b,0.0,0,0,965.0,214,1,0.0,0.013986318047423039,0.004195895414226911
DNge037,0.0,0,0,873.0,90,1,0.0,0.012652907414922605,0.0037958722244767814
DNg92_b,0.0,0,0,872.0,250,1,0.0,0.012638413821091078,0.003791524146327323
