lc10a_bodyId,lc10a_instance,lc10a_side,lc10a_predictedNt,aotu_bodyId,aotu_instance,aotu_side,aotu_predictedNt,weight
21199,LC10a_R,R,acetylcholine,10005,AOTU019_R,R,gaba,174
22339,LC10a_L,L,acetylcholine,10070,AOTU019_L,L,gaba,166
23741,LC10a_L,L,acetylcholine,10070,AOTU019_L,L,gaba,155
23599,LC10a_L,L,acetylcholine,10070,AOTU019_L,L,gaba,155
24164,LC10a_R,R,acetylcholine,10005,AOTU019_R,R,gaba,153
23989,LC10a_L,L,acetylcholine,10070,AOTU019_L,L,gaba,152
24784,LC10a_R,R,acetylcholine,10005,AOTU019_R,R,gaba,151
22989,LC10a_R,R,acetylcholine,10005,AOTU019_R,R,gaba,148
23852,LC10a_L,L,acetylcholine,10070,AOTU019_L,L,gaba,147
10573,LC10a_L,L,acetylcholine,10070,AOTU019_L,L,gaba,145
22392,LC10a_L,L,acetylcholine,10070,AOTU019_L,L,gaba,143
24482,LC10a_R,R,acetylcholine,10005,AOTU019_R,R,gaba,142
22148,LC10a_R,R,acetylcholine,10005,AOTU019_R,R,gaba,142
25167,LC10a_R,R,acetylcholine,10005,AOTU019_R,R,gaba,141
23677,LC10a_R,R,acetylcholine,10005,AOTU019_R,R,gaba,137
21983,LC10a_R,R,acetylcholine,10005,AOTU019_R,R,gaba,137
23210,LC10a_R,R,acetylcholine,10005,AOTU019_R,R,gaba,136
21632,LC10a_R,R,acetylcholine,10005,AOTU019_R,R,gaba,136
22783,LC10a_R,R,acetylcholine,10005,AOTU019_R,R,gaba,133
22750,LC10a_R,R,acetylcholine,10005,AOTU019_R,R,gaba,130
518681,LC10a_L,L,acetylcholine,10070,AOTU019_L,L,gaba,130
514646,LC10a_L,L,acetylcholine,10070,AOTU019_L,L,gaba,128
21065,LC10a_R,R,acetylcholine,10005,AOTU019_R,R,gaba,128
27689,LC10a_L,L,acetylcholine,10070,AOTU019_L,L,gaba,128
24035,LC10a_R,R,acetylcholine,10005,AOTU019_R,R,gaba,126
26740,LC10a_L,L,acetylcholine,10070,AOTU019_L,L,gaba,126
22831,LC10a_R,R,acetylcholine,10005,AOTU019_R,R,gaba,125
24719,LC10a_L,L,acetylcholine,10070,AOTU019_L,L,gaba,125
22184,LC10a_L,L,acetylcholine,10070,AOTU019_L,L,gaba,124
22070,LC10a_R,R,acetylcholine,10005,AOTU019_R,R,gaba,124
22505,LC10a_R,R,acetylcholine,10005,AOTU019_R,R,gaba,123
22259,LC10a_L,L,acetylcholine,10070,AOTU019_L,L,gaba,122
24505,LC10a_R,R,acetylcholine,10005,AOTU019_R,R,gaba,122
26963,LC10a_L,L,acetylcholine,10070,AOTU019_L,L,gaba,122
23002,LC10a_R,R,acetylcholine,10005,AOTU019_R,R,gaba,121
20378,LC10a_L,L,acetylcholine,10070,AOTU019_L,L,gaba,120
25198,LC10a_R,R,acetylcholine,10005,AOTU019_R,R,gaba,119
23463,LC10a_R,R,acetylcholine,10005,AOTU019_R,R,gaba,119
23719,LC10a_R,R,acetylcholine,10005,AOTU019_R,R,gaba,119
22959,LC10a_L,L,acetylcholine,10070,AOTU019_L,L,gaba,119
18078,LC10a_L,L,acetylcholine,10070,AOTU019_L,L,gaba,116
22397,LC10a_R,R,acetylcholine,10005,AOTU019_R,R,gaba,115
23148,LC10a_L,L,acetylcholine,10070,AOTU019_L,L,gaba,115
12130,LC10a_L,L,acetylcholine,10070,AOTU019_L,L,gaba,113
23377,LC10a_R,R,acetylcholine,10005,AOTU019_R,R,gaba,113
24283,LC10a_R,R,acetylcholine,10005,AOTU019_R,R,gaba,113
24742,LC10a_L,L,acetylcholine,10070,AOTU019_L,L,gaba,111
22248,LC10a_R,R,acetylcholine,10005,AOTU019_R,R,gaba,110
12458,LC10a_L,L,acetylcholine,10070,AOTU019_L,L,gaba,110
26450,LC10a_R,R,acetylcholine,10005,AOTU019_R,R,gaba,109
23930,LC10a_L,L,acetylcholine,10070,AOTU019_L,L,gaba,108
18917,LC10a_L,L,acetylcholine,10070,AOTU019_L,L,gaba,107
23868,LC10a_R,R,acetylcholine,10005,AOTU019_R,R,gaba,107
29803,LC10a_L,L,acetylcholine,10070,AOTU019_L,L,gaba,107
25400,LC10a_R,R,acetylcholine,10005,AOTU019_R,R,gaba,107
25369,LC10a_R,R,acetylcholine,10005,AOTU019_R,R,gaba,106
21238,LC10a_R,R,acetylcholine,10005,AOTU019_R,R,gaba,106
30707,LC10a_L,L,acetylcholine,10070,AOTU019_L,L,gaba,105
25202,LC10a_R,R,acetylcholine,10005,AOTU019_R,R,gaba,105
13697,LC10a_L,L,acetylcholine,10070,AOTU019_L,L,gaba,103
529578,LC10a_L,L,acetylcholine,10070,AOTU019_L,L,gaba,103
23499,LC10a_R,R,acetylcholine,10005,AOTU019_R,R,gaba,102
23867,LC10a_R,R,acetylcholine,10005,AOTU019_R,R,gaba,102
22997,LC10a_R,R,acetylcholine,10005,AOTU019_R,R,gaba,100
21984,LC10a_R,R,acetylcholine,10005,AOTU019_R,R,gaba,100
24592,LC10a_R,R,acetylcholine,10005,AOTU019_R,R,gaba,99
18518,LC10a_L,L,acetylcholine,10070,AOTU019_L,L,gaba,99
28543,LC10a_L,L,acetylcholine,10070,AOTU019_L,L,gaba,98
24492,LC10a_R,R,acetylcholine,10005,AOTU019_R,R,gaba,98
27967,LC10a_L,L,acetylcholine,10070,AOTU019_L,L,gaba,96
28082,LC10a_L,L,acetylcholine,10070,AOTU019_L,L,gaba,96
25450,LC10a_L,L,acetylcholine,10070,AOTU019_L,L,gaba,96
25394,LC10a_R,R,acetylcholine,10005,AOTU019_R,R,gaba,95
26380,LC10a_L,L,acetylcholine,10070,AOTU019_L,L,gaba,95
23154,LC10a_R,R,acetylcholine,10005,AOTU019_R,R,gaba,95
29359,LC10a_R,R,acetylcholine,10005,AOTU019_R,R,gaba,94
21744,LC10a_L,L,acetylcholine,10070,AOTU019_L,L,gaba,94
527684,LC10a_L,L,acetylcholine,10070,AOTU019_L,L,gaba,92
22510,LC10a_R,R,acetylcholine,10005,AOTU019_R,R,gaba,90
15508,LC10a_L,L,acetylcholine,10070,AOTU019_L,L,gaba,90
23890,LC10a_R,R,acetylcholine,10005,AOTU019_R,R,gaba,90
24909,LC10a_R,R,acetylcholine,10005,AOTU019_R,R,gaba,89
16775,LC10a_L,L,acetylcholine,10070,AOTU019_L,L,gaba,89
23686,LC10a_R,R,acetylcholine,10005,AOTU019_R,R,gaba,89
28599,LC10a_R,R,acetylcholine,10005,AOTU019_R,R,gaba,89
27334,LC10a_R,R,acetylcholine,10005,AOTU019_R,R,gaba,88
31801,LC10a_L,L,acetylcholine,10070,AOTU019_L,L,gaba,88
23328,LC10a_L,L,acetylcholine,10070,AOTU019_L,L,gaba,88
525482,LC10a_L,L,acetylcholine,10070,AOTU019_L,L,gaba,86
19667,LC10a_L,L,acetylcholine,10070,AOTU019_L,L,gaba,86
30499,LC10a_R,R,acetylcholine,10005,AOTU019_R,R,gaba,85
140676,LC10a_L,L,acetylcholine,10070,AOTU019_L,L,gaba,83
23001,LC10a_L,L,acetylcholine,10070,AOTU019_L,L,gaba,82
23128,LC10a_R,R,acetylcholine,10005,AOTU019_R,R,gaba,80
28259,LC10a_R,R,acetylcholine,10005,AOTU019_R,R,gaba,80
25711,LC10a_R,R,acetylcholine,10005,AOTU019_R,R,gaba,79
13974,LC10a_L,L,acetylcholine,10070,AOTU019_L,L,gaba,79
28204,LC10a_R,R,acetylcholine,10005,AOTU019_R,R,gaba,79
25304,LC10a_L,L,acetylcholine,10070,AOTU019_L,L,gaba,79
27915,LC10a_L,L,acetylcholine,10070,AOTU019_L,L,gaba,78
25817,LC10a_L,L,acetylcholine,10070,AOTU019_L,L,gaba,78
28533,LC10a_L,L,acetylcholine,10070,AOTU019_L,L,gaba,78
21426,LC10a_R,R,acetylcholine,10005,AOTU019_R,R,gaba,77
23830,LC10a_R,R,acetylcholine,10005,AOTU019_R,R,gaba,77
24545,LC10a_R,R,acetylcholine,10005,AOTU019_R,R,gaba,76
25088,LC10a_R,R,acetylcholine,10005,AOTU019_R,R,gaba,76
557990,LC10a_L,L,acetylcholine,10070,AOTU019_L,L,gaba,74
27579,LC10a_R,R,acetylcholine,10005,AOTU019_R,R,gaba,74
29092,LC10a_R,R,acetylcholine,10005,AOTU019_R,R,gaba,68
24071,LC10a_R,R,acetylcholine,10005,AOTU019_R,R,gaba,68
19120,LC10a_L,L,acetylcholine,10070,AOTU019_L,L,gaba,68
24211,LC10a_R,R,acetylcholine,10005,AOTU019_R,R,gaba,67
21835,LC10a_L,L,acetylcholine,10070,AOTU019_L,L,gaba,67
28904,LC10a_L,L,acetylcholine,10070,AOTU019_L,L,gaba,66
28390,LC10a_R,R,acetylcholine,10005,AOTU019_R,R,gaba,65
27300,LC10a_R,R,acetylcholine,10005,AOTU019_R,R,gaba,65
32657,LC10a_L,L,acetylcholine,10070,AOTU019_L,L,gaba,62
32946,LC10a_R,R,acetylcholine,10005,AOTU019_R,R,gaba,61
24854,LC10a_R,R,acetylcholine,10005,AOTU019_R,R,gaba,61
26142,LC10a_L,L,acetylcholine,10070,AOTU019_L,L,gaba,60
32153,LC10a_L,L,acetylcholine,10070,AOTU019_L,L,gaba,57
25446,LC10a_R,R,acetylcholine,10005,AOTU019_R,R,gaba,56
31976,LC10a_R,R,acetylcholine,10005,AOTU019_R,R,gaba,55
25641,LC10a_R,R,acetylcholine,10005,AOTU019_R,R,gaba,54
25472,LC10a_R,R,acetylcholine,10005,AOTU019_R,R,gaba,54
12424,LC10a_L,L,acetylcholine,10070,AOTU019_L,L,gaba,54
25003,LC10a_L,L,acetylcholine,10070,AOTU019_L,L,gaba,52
32090,LC10a_L,L,acetylcholine,10070,AOTU019_L,L,gaba,52
32286,LC10a_L,L,acetylcholine,10070,AOTU019_L,L,gaba,52
29186,LC10a_R,R,acetylcholine,10005,AOTU019_R,R,gaba,48
34351,LC10a_L,L,acetylcholine,10070,AOTU019_L,L,gaba,47
34774,LC10a_R,R,acetylcholine,10005,AOTU019_R,R,gaba,44
23421,LC10a_R,R,acetylcholine,10005,AOTU019_R,R,gaba,42
27704,LC10a_R,R,acetylcholine,10005,AOTU019_R,R,gaba,40
42379,LC10a_L,L,acetylcholine,10070,AOTU019_L,L,gaba,38
25412,LC10a_L,L,acetylcholine,10070,AOTU019_L,L,gaba,37
32493,LC10a_L,L,acetylcholine,10070,AOTU019_L,L,gaba,36
21173,LC10a_L,L,acetylcholine,10070,AOTU019_L,L,gaba,36
40220,LC10a_L,L,acetylcholine,10070,AOTU019_L,L,gaba,36
26811,LC10a_R,R,acetylcholine,10005,AOTU019_R,R,gaba,36
37896,LC10a_L,L,acetylcholine,10070,AOTU019_L,L,gaba,35
19537,LC10a_L,L,acetylcholine,10070,AOTU019_L,L,gaba,33
28143,LC10a_L,L,acetylcholine,10070,AOTU019_L,L,gaba,32
15340,LC10a_L,L,acetylcholine,10070,AOTU019_L,L,gaba,30
32614,LC10a_R,R,acetylcholine,10005,AOTU019_R,R,gaba,27
524616,LC10a_L,L,acetylcholine,10070,AOTU019_L,L,gaba,26
27709,LC10a_R,R,acetylcholine,10005,AOTU019_R,R,gaba,25
19540,LC10a_L,L,acetylcholine,10070,AOTU019_L,L,gaba,25
24208,LC10a_R,R,acetylcholine,10005,AOTU019_R,R,gaba,24
29744,LC10a_R,R,acetylcholine,10005,AOTU019_R,R,gaba,24
31623,LC10a_R,R,acetylcholine,10005,AOTU019_R,R,gaba,24
30993,LC10a_R,R,acetylcholine,10005,AOTU019_R,R,gaba,23
30025,LC10a_L,L,acetylcholine,10070,AOTU019_L,L,gaba,22
33048,LC10a_R,R,acetylcholine,10005,AOTU019_R,R,gaba,21
32238,LC10a_L,L,acetylcholine,10070,AOTU019_L,L,gaba,20
36783,LC10a_L,L,acetylcholine,10070,AOTU019_L,L,gaba,18
25296,LC10a_R,R,acetylcholine,10005,AOTU019_R,R,gaba,17
19659,LC10a_L,L,acetylcholine,10070,AOTU019_L,L,gaba,15
34838,LC10a_R,R,acetylcholine,10005,AOTU019_R,R,gaba,15
32336,LC10a_R,R,acetylcholine,10005,AOTU019_R,R,gaba,15
14980,LC10a_L,L,acetylcholine,10070,AOTU019_L,L,gaba,14
26976,LC10a_R,R,acetylcholine,10005,AOTU019_R,R,gaba,14
38810,LC10a_R,R,acetylcholine,10005,AOTU019_R,R,gaba,13
24769,LC10a_R,R,acetylcholine,10005,AOTU019_R,R,gaba,12
29686,LC10a_L,L,acetylcholine,10070,AOTU019_L,L,gaba,11
28823,LC10a_R,R,acetylcholine,10005,AOTU019_R,R,gaba,11
31033,LC10a_L,L,acetylcholine,10070,AOTU019_L,L,gaba,9
19350,LC10a_L,L,acetylcholine,10070,AOTU019_L,L,gaba,9
53572,LC10a_R,R,acetylcholine,10005,AOTU019_R,R,gaba,9
528991,LC10a_L,L,acetylcholine,10070,AOTU019_L,L,gaba,9
26560,LC10a_R,R,acetylcholine,10005,AOTU019_R,R,gaba,8
44666,LC10a_R,R,acetylcholine,10005,AOTU019_R,R,gaba,8
575597,LC10a_L,L,acetylcholine,10070,AOTU019_L,L,gaba,8
20112,LC10a_L,L,acetylcholine,10070,AOTU019_L,L,gaba,7
26373,LC10a_R,R,acetylcholine,10005,AOTU019_R,R,gaba,6
27067,LC10a_R,R,acetylcholine,10005,AOTU019_R,R,gaba,5
34643,LC10a_L,L,acetylcholine,10070,AOTU019_L,L,gaba,5
61545,LC10a_L,L,acetylcholine,10070,AOTU019_L,L,gaba,5
37042,LC10a_L,L,acetylcholine,10070,AOTU019_L,L,gaba,5
26788,LC10a_R,R,acetylcholine,10005,AOTU019_R,R,gaba,4
31634,LC10a_R,R,acetylcholine,10005,AOTU019_R,R,gaba,4
43865,LC10a_L,L,acetylcholine,10070,AOTU019_L,L,gaba,4
29979,LC10a_R,R,acetylcholine,10005,AOTU019_R,R,gaba,4
48790,LC10a_L,L,acetylcholine,10070,AOTU019_L,L,gaba,4
42452,LC10a_R,R,acetylcholine,10005,AOTU019_R,R,gaba,3
45579,LC10a_L,L,acetylcholine,10070,AOTU019_L,L,gaba,3
32767,LC10a_L,L,acetylcholine,10070,AOTU019_L,L,gaba,3
512978,LC10a_L,L,acetylcholine,10070,AOTU019_L,L,gaba,3
28654,LC10a_R,R,acetylcholine,10005,AOTU019_R,R,gaba,2
25952,LC10a_R,R,acetylcholine,10005,AOTU019_R,R,gaba,2
38020,LC10a_L,L,acetylcholine,10070,AOTU019_L,L,gaba,2
38374,LC10a_R,R,acetylcholine,10005,AOTU019_R,R,gaba,2
40815,LC10a_L,L,acetylcholine,10070,AOTU019_L,L,gaba,2
49807,LC10a_L,L,acetylcholine,10070,AOTU019_L,L,gaba,2
37871,LC10a_R,R,acetylcholine,10005,AOTU019_R,R,gaba,2
25067,LC10a_R,R,acetylcholine,10005,AOTU019_R,R,gaba,2
54562,LC10a_R,R,acetylcholine,10005,AOTU019_R,R,gaba,1
36152,LC10a_L,L,acetylcholine,10070,AOTU019_L,L,gaba,1
32111,LC10a_L,L,acetylcholine,10070,AOTU019_L,L,gaba,1
33219,LC10a_L,L,acetylcholine,10070,AOTU019_L,L,gaba,1
76185,LC10a_L,L,acetylcholine,10070,AOTU019_L,L,gaba,1
41089,LC10a_R,R,acetylcholine,10005,AOTU019_R,R,gaba,1
34756,LC10a_R,R,acetylcholine,10005,AOTU019_R,R,gaba,1
39108,LC10a_L,L,acetylcholine,10070,AOTU019_L,L,gaba,1
43910,LC10a_R,R,acetylcholine,10005,AOTU019_R,R,gaba,1
52329,LC10a_R,R,acetylcholine,10005,AOTU019_R,R,gaba,1
