trial,trial_id,category,start_x,start_y,start_heading_deg,target_distance_m,target_angle_deg,obstacle_x,obstacle_y,obstacle_path_fraction,obstacle_lateral_offset_m,expect_obstacle,source_trial,repeat
1,trial03_r1,near_center,-0.25,0.02732226433372606,-3.976155111161175,0.4200941476707111,3.198487163311201,-0.019247819102178796,0.0877716288880768,0.5472832260582007,0.06357566887639957,True,3,1
2,trial03_r2,near_center,-0.25,0.02732226433372606,-3.976155111161175,0.4200941476707111,3.198487163311201,-0.019247819102178796,0.0877716288880768,0.5472832260582007,0.06357566887639957,True,3,2
3,trial06_r1,right_conflict,-0.25,0.0400180128721629,2.197324286747879,0.44169495656661356,-5.352952457759523,-0.004862009023209026,-0.047472338201900284,0.5650562112706534,-0.0738632688128316,True,6,1
4,trial06_r2,right_conflict,-0.25,0.0400180128721629,2.197324286747879,0.44169495656661356,-5.352952457759523,-0.004862009023209026,-0.047472338201900284,0.5650562112706534,-0.0738632688128316,True,6,2
5,trial09_r1,near_center,-0.25,-0.026603954319602337,-5.854466837156735,0.4258696208511835,4.721070067001191,-0.006561880722298513,0.03238514300568454,0.5687742498885294,0.06379281465822129,True,9,1
6,trial09_r2,near_center,-0.25,-0.026603954319602337,-5.854466837156735,0.4258696208511835,4.721070067001191,-0.006561880722298513,0.03238514300568454,0.5687742498885294,0.06379281465822129,True,9,2
7,trial12_r1,near_center,-0.25,-0.029388940215284202,6.460871721778066,0.4690306859454089,-2.7369054591939856,0.0032386025359234633,-0.05803555786629526,0.5348121487124448,-0.04503390795740877,True,12,1
8,trial12_r2,near_center,-0.25,-0.029388940215284202,6.460871721778066,0.4690306859454089,-2.7369054591939856,0.0032386025359234633,-0.05803555786629526,0.5348121487124448,-0.04503390795740877,True,12,2
9,trial16_r1,near_center,-0.25,0.015287597761182867,0.26241343020497965,0.4675717593977907,0.6482121669918142,-0.015136980929261565,-0.030509973275874267,0.5006835904008932,-0.04952440517512783,True,16,1
10,trial16_r2,near_center,-0.25,0.015287597761182867,0.26241343020497965,0.4675717593977907,0.6482121669918142,-0.015136980929261565,-0.030509973275874267,0.5006835904008932,-0.04952440517512783,True,16,2
11,trial19_r1,near_center,-0.25,-0.005898925401306709,-2.2492734636183638,0.4786431977267822,-1.3526018551361685,0.020871643960649718,-0.07941271179575554,0.5744465926878164,-0.05635155310027248,True,19,1
12,trial19_r2,near_center,-0.25,-0.005898925401306709,-2.2492734636183638,0.4786431977267822,-1.3526018551361685,0.020871643960649718,-0.07941271179575554,0.5744465926878164,-0.05635155310027248,True,19,2
13,trial25_r1,near_center,-0.25,-0.043540079928412884,-5.324621669225515,0.437136501691579,-0.7697706309156374,-0.004849289491156811,-0.025742288637846215,0.553318396762861,0.04372405894587446,True,25,1
14,trial25_r2,near_center,-0.25,-0.043540079928412884,-5.324621669225515,0.437136501691579,-0.7697706309156374,-0.004849289491156811,-0.025742288637846215,0.553318396762861,0.04372405894587446,True,25,2
15,trial26_r1,near_center,-0.25,0.05481585314916937,-1.0442994041741418,0.4618593390926621,-4.003648104256338,0.01679669647350774,0.08235544933773283,0.5701708041084275,0.05090805461873014,True,26,1
16,trial26_r2,near_center,-0.25,0.05481585314916937,-1.0442994041741418,0.4618593390926621,-4.003648104256338,0.01679669647350774,0.08235544933773283,0.5701708041084275,0.05090805461873014,True,26,2
