trial,trial_id,category,start_x,start_y,start_heading_deg,target_distance_m,target_angle_deg,obstacle_x,obstacle_y,obstacle_path_fraction,obstacle_lateral_offset_m,expect_obstacle,success,strict_success,navigation_success,failure_reason,target_reached,obstacle_activated,obstacle_requirement,recovery_requirement,elapsed_s,path_length_m,net_displacement_m,target_progress_m,path_efficiency,final_target_distance_m,final_red_fraction,final_centroid,lost_frames,reacquired_count,max_proximity_raw,max_blend,max_abs_neural_steering,dna_left_max,dna_right_max,mode_counts
1,trial01,left_conflict,-0.25,0.015542063344924542,7.026792918249605,0.47784836784107154,5.3834704532334605,0.0026334280326480893,0.14920064420095158,0.5764484405119685,0.0762419679439204,True,True,True,True,,True,True,True,True,25.76,0.27824249851217003,0.2778668736862237,0.27745878267673274,0.9971833352574534,0.2003895851643217,0.15581854043392504,-0.0073219161082155315,0,0,402.8704971058564,0.474192547033737,0.7979380865341738,0,2,ARRIVED:8;BLEND:265;VISION:532
2,trial02,clear,-0.25,-0.03846663574586666,7.595555044883183,0.426035984713258,-7.986679354664281,0.0,0.35,nan,nan,False,True,True,True,,True,False,True,True,19.328,0.22527728628827798,0.22513366062420892,0.2251087302575994,0.999251784174713,0.20092725445120643,0.15581854043392504,0.0,0,0,80.99136535890446,0.0,0.0,0,0,ARRIVED:8;VISION:596
3,trial03,near_center,-0.25,0.02732226433372606,-3.976155111161175,0.4200941476707111,3.198487163311201,-0.019247819102178796,0.0877716288880768,0.5472832260582007,0.06357566887639957,True,True,True,True,,True,True,True,True,24.256,0.2186644407498492,0.21662622027480655,0.2152019059974811,0.9841650762213815,0.20489224167306772,0.15532544378698224,-0.47351384998443824,8,1,1387.085899208214,1.0,0.7979688608503904,0,5,ARRIVED:10;AVOID:6;BLEND:381;REACQUIRE_MEMORY:8;VISION:353
4,trial04,right_conflict,-0.25,0.0365822998705652,-7.248031707613471,0.45395755594254755,-10.062836303893324,-0.04105578875641075,-0.12971707214320452,0.5484286370741407,-0.09659414060427772,True,False,False,True,obstacle_requirement_failed,True,False,False,True,21.824,0.2543228136471038,0.2540750147737819,0.2540354234180878,0.9988699785721357,0.1999221325184785,0.15581854043392504,-0.0006205013651029434,0,0,211.00608942430566,0.0,0.0,0,0,ARRIVED:10;VISION:672
5,trial05,clear,-0.25,0.0484080628100422,3.3018664987720445,0.45403810430559194,-1.697733160912538,0.0,0.35,nan,nan,False,True,True,True,,True,False,True,True,20.672,0.2532313038750248,0.2532224165306945,0.25322065577882297,0.9999579511062066,0.2008174485260647,0.15631163708086784,0.0011752335003401004,0,0,78.1402460030871,0.0,0.0,0,0,ARRIVED:8;VISION:638
6,trial06,right_conflict,-0.25,0.0400180128721629,2.197324286747879,0.44169495656661356,-5.352952457759523,-0.004862009023209026,-0.047472338201900284,0.5650562112706534,-0.0738632688128316,True,True,True,True,,True,True,True,True,22.336,0.23975819226093786,0.23943390716398816,0.238978865368169,0.9967495296597804,0.20271609119528763,0.15532544378698224,0.35673825085589783,0,0,368.5224578314039,0.4011116124072424,0.7979483961015029,2,0,ARRIVED:8;BLEND:326;VISION:364
7,trial07,left_conflict,-0.25,-0.052430462253631314,6.6790598051271814,0.4692898104604975,6.843851945980716,-0.018456361258957842,0.0961461269600028,0.5537446499500857,0.09031470752351839,True,True,True,True,,True,True,True,True,22.496,0.2694675388418625,0.2693322069819518,0.2693053871019544,0.9993982513047583,0.19998442334964214,0.15631163708086784,0.0019174862373971813,0,0,258.72479331051136,0.16749956023513055,0.794628915159276,0,1,ARRIVED:8;BLEND:19;VISION:676
8,trial08,right_conflict,-0.25,0.05596659608869892,0.07441102468328431,0.4520231733654683,-10.526170717100726,-0.026404351784966577,-0.08470592432596549,0.5429031682110511,-0.09777652936056404,True,False,False,True,obstacle_requirement_failed,True,False,False,True,21.504,0.2520106912639171,0.251746284788196,0.25170452566106694,0.9987851086741016,0.20031864770066202,0.15581854043392504,-0.0007446016381236209,0,0,161.59217365149473,0.0,0.0,0,0,ARRIVED:8;VISION:664
9,trial09,near_center,-0.25,-0.026603954319602337,-5.854466837156735,0.4258696208511835,4.721070067001191,-0.006561880722298513,0.03238514300568454,0.5687742498885294,0.06379281465822129,True,True,True,True,,True,True,True,True,23.584,0.22318832030135327,0.2213360786715885,0.22006280138388667,0.9859960462391291,0.20580681946541224,0.15532544378698224,-0.4954248366013072,7,1,1200.6842677440786,1.0,1.0,0,5,ARRIVED:8;AVOID:5;BLEND:333;REACQUIRE_MEMORY:7;VISION:384
10,trial10,left_conflict,-0.25,0.030988305407682992,-5.457776095641712,0.47736612990804694,8.72125678786915,0.005196633576648577,0.11865606445877615,0.5441808477438985,0.07299783374924394,True,True,True,True,,True,True,True,True,25.536,0.27813314190611,0.2777129710894079,0.27721605027070806,0.9967026883990995,0.20015007963268694,0.15779092702169625,0.002818627450980271,0,0,361.41498913895697,0.38598933859352547,0.7979586541209954,0,2,ARRIVED:8;BLEND:245;VISION:545
11,trial11,right_conflict,-0.25,0.04320302912320392,-5.448207547902204,0.4401441617716227,-9.50144691379058,-0.03662771011855913,-0.09775460717648256,0.550985656538317,-0.08114293545877949,True,True,True,True,,True,True,True,True,22.08,0.23996764649562882,0.23965203998396792,0.23942920637211224,0.9977561970066394,0.20071495539588224,0.15631163708086784,0.020473804663821316,0,0,395.02873175431034,0.457507939902788,0.7979483961015029,2,0,ARRIVED:8;BLEND:174;VISION:508
12,trial12,near_center,-0.25,-0.029388940215284202,6.460871721778066,0.4690306859454089,-2.7369054591939856,0.0032386025359234633,-0.05803555786629526,0.5348121487124448,-0.04503390795740877,True,True,True,True,,True,True,True,True,40.32,0.2834728726835128,0.2741855842263102,0.26899309410756334,0.9489200555987042,0.20003759183605488,0.15581854043392504,0.00421940928270037,356,3,748.7552758385652,1.0,0.7979688608503904,4,0,ARRIVED:8;BLEND:441;LOST_AVOID:111;REACQUIRE_MEMORY:245;VISION:455
13,trial13,clear,-0.25,0.043659271233115735,-7.686317754017166,0.4211613146704084,-6.638079964500175,0.0,0.35,nan,nan,False,True,True,True,,True,False,True,True,19.104,0.22114155613098038,0.2210401817859687,0.22102273537122502,0.9994626936617693,0.20013857929703566,0.15581854043392504,-0.0011169024571854314,0,0,79.49398937350483,0.0,0.0,0,0,ARRIVED:9;VISION:588
14,trial14,clear,-0.25,-0.012203394235199998,-6.088767827207185,0.47538334359163525,-3.081142399607039,0.0,0.35,nan,nan,False,True,True,True,,True,False,True,True,22.368,0.27537785550162974,0.2753465453166961,0.27534108077556907,0.9998664572138756,0.20004226281394802,0.15680473372781065,-0.0007399186089529497,0,0,77.76121824962404,0.0,0.0,0,0,ARRIVED:8;VISION:691
15,trial15,left_conflict,-0.25,-0.05240417691243282,-3.2635650788723822,0.45347498594634167,4.093615540385933,-0.003979479921391031,0.035585246261205655,0.5452767614723443,0.08441618735021027,True,True,True,True,,True,True,True,True,20.96,0.25264826803984175,0.2526029396103713,0.25258780230648226,0.9997606722823449,0.2008871836371141,0.15680473372781065,-0.002096436058700246,0,0,257.31731032568285,0.16450491558655927,0.7972835545145471,0,1,ARRIVED:8;BLEND:165;VISION:482
16,trial16,near_center,-0.25,0.015287597761182867,0.26241343020497965,0.4675717593977907,0.6482121669918142,-0.015136980929261565,-0.030509973275874267,0.5006835904008932,-0.04952440517512783,True,True,True,True,,True,True,True,True,37.248,0.2791127385189305,0.2710150220310745,0.2674886665492321,0.958353488159015,0.2000830928422358,0.15729783037475345,-0.0017825311942959443,312,3,849.0460051703727,1.0,1.0,5,0,ARRIVED:9;AVOID:2;BLEND:323;LOST_AVOID:99;REACQUIRE_MEMORY:213;VISION:518
17,trial17,right_conflict,-0.25,-0.03868625301379581,-3.1210230513715587,0.43647088760548247,-9.278227174434544,-0.04555241624084631,-0.1734792206574407,0.5237965638878298,-0.087749427785748,True,True,True,True,,True,True,True,True,20.576,0.23651192553346978,0.23631542714484108,0.23626675002492137,0.9989633693607821,0.20020413757791788,0.15581854043392504,-0.0007446016381236209,0,0,260.36781021267706,0.17099534087803628,0.7977433979336775,1,0,ARRIVED:9;BLEND:42;VISION:592
18,trial18,left_conflict,-0.25,-0.05294364710068367,0.1614568669403873,0.47283028524689347,6.42351311558116,-0.008729103246510331,0.0729493074802391,0.5374363345809585,0.09739430703379207,True,False,False,True,obstacle_requirement_failed,True,False,False,True,22.592,0.27306167208712673,0.27293750720920823,0.272917913087638,0.999473529190714,0.19991237215509566,0.15729783037475345,0.0017825311942960553,0,0,153.35489319190117,0.0,0.0,0,0,ARRIVED:8;VISION:698
19,trial19,near_center,-0.25,-0.005898925401306709,-2.2492734636183638,0.4786431977267822,-1.3526018551361685,0.020871643960649718,-0.07941271179575554,0.5744465926878164,-0.05635155310027248,True,True,True,True,,True,True,True,True,32.576,0.28355724431826096,0.2786145405373784,0.2758553803919554,0.9728384159437623,0.20278781733162227,0.15631163708086784,0.3549823714974949,109,3,1979.6835135529327,1.0,0.7979688608503904,5,0,ARRIVED:8;AVOID:8;BLEND:414;LOST_AVOID:33;REACQUIRE_MEMORY:76;VISION:479
20,trial20,left_conflict,-0.25,0.025342037962725633,3.0156316276110005,0.42107248643986533,7.833906564090069,-0.03847200822683402,0.16363848515611068,0.5551977954529604,0.09600835367032115,True,False,False,True,obstacle_requirement_failed,True,False,False,True,19.008,0.22058337576262202,0.22044722548705825,0.22042427723636476,0.9992787374583093,0.2006482091955647,0.15581854043392504,0.0007446016381236209,0,0,188.19415416216273,0.0,0.0,0,0,ARRIVED:8;VISION:586
21,trial21,right_conflict,-0.25,0.04642688788281181,-0.7699093247122537,0.47735760424199186,-5.773543464971915,0.006351092196497392,-0.0660523926287564,0.5603742644770664,-0.0825336340882014,True,True,True,True,,True,True,True,True,23.552,0.2775522313775277,0.2774276243229011,0.277351075450117,0.9992752501883615,0.20000652879179115,0.15680473372781065,-0.0007399186089529497,0,0,286.9174827459362,0.2274840058424174,1.0,1,0,ARRIVED:8;BLEND:138;VISION:590
22,trial22,clear,-0.25,-0.018907618251321236,-2.7194573937631716,0.4264099951562469,-8.479705690723094,0.0,0.35,nan,nan,False,True,True,True,,True,False,True,True,19.456,0.22603235514024136,0.2258715046520964,0.22584451156517404,0.9991689527149741,0.20056548359008314,0.15581854043392504,-0.0007446016381236209,0,0,82.70291820395822,0.0,0.0,0,0,ARRIVED:8;VISION:600
23,trial23,left_conflict,-0.25,0.001305086749888107,-6.5832024096946355,0.42922298239881274,9.408079516626628,-0.03539841137312243,0.09385342253118925,0.5099957847245337,0.0818595708386845,True,True,True,True,,True,True,True,True,20.32,0.22931527173108782,0.22913949698177524,0.22905588699556959,0.9988688728249098,0.2001670954003765,0.15729783037475345,0.0028889298666174845,0,0,264.3023555391336,0.1793667139130502,0.7979173117185665,0,1,ARRIVED:8;BLEND:174;VISION:453
24,trial24,clear,-0.25,-0.003037396382367989,7.800143429840498,0.4391367748753722,6.1983201929961815,0.0,0.35,nan,nan,False,True,True,True,,True,False,True,True,20.224,0.23879791005996961,0.23869914583085802,0.23868226952843477,0.9995157389296003,0.20045450534538786,0.15532544378698224,-6.224712107072428e-05,0,0,77.29205096828589,0.0,0.0,0,0,ARRIVED:9;VISION:623
25,trial25,near_center,-0.25,-0.043540079928412884,-5.324621669225515,0.437136501691579,-0.7697706309156374,-0.004849289491156811,-0.025742288637846215,0.553318396762861,0.04372405894587446,True,True,True,True,,True,True,True,True,38.208,0.2490300225242105,0.23847511522488604,0.23184753177110917,0.9310023322532092,0.20528896992032875,0.15729783037475345,-0.5092507222324667,412,3,1188.9721373335815,1.0,1.0,0,5,ARRIVED:8;BLEND:433;LOST_AVOID:124;REACQUIRE_MEMORY:288;VISION:341
26,trial26,near_center,-0.25,0.05481585314916937,-1.0442994041741418,0.4618593390926621,-4.003648104256338,0.01679669647350774,0.08235544933773283,0.5701708041084275,0.05090805461873014,True,True,True,True,,True,True,True,True,37.28,0.27087377565378296,0.26184274971594096,0.25768114969884515,0.9512960384478121,0.20417818939162646,0.15532544378698224,-0.43429816370992835,315,2,781.1993222697251,1.0,0.7979688608503904,0,4,ARRIVED:8;AVOID:1;BLEND:451;LOST_AVOID:99;REACQUIRE_MEMORY:216;VISION:390
27,trial27,near_center,-0.25,0.03726753100640626,4.852547716128974,0.4544010896930534,0.9624755123460993,0.0019531155330317707,0.0025464031687846833,0.5438780168343091,-0.06006963222844233,True,True,True,True,,True,True,True,True,30.656,0.260560708820298,0.25586218080709716,0.2537821754682513,0.9739848214923238,0.20061891422449238,0.15631163708086784,0.09061668831570491,95,3,1194.387435601474,1.0,1.0,5,0,ARRIVED:17;AVOID:5;BLEND:479;LOST_AVOID:24;REACQUIRE_MEMORY:71;VISION:362
28,trial28,left_conflict,-0.25,-0.04167082279433962,4.956599741157264,0.46352891846866157,11.263847630436413,-0.017802924934424168,0.1045883839923786,0.5691325406959995,0.07557673207101166,True,True,True,True,,True,True,True,True,25.536,0.26401509063737905,0.26342928817707373,0.2628868345518679,0.9957265469834041,0.20064208391679383,0.15729783037475345,-0.01001905464380115,0,0,479.46847311595644,0.6371669640765031,1.0,0,2,ARRIVED:10;BLEND:240;VISION:548
29,trial29,right_conflict,-0.25,-0.050583830414038404,5.437942960533023,0.42671966560193075,-5.01100556905429,-0.029945363253976825,-0.142643058131859,0.5140671397856621,-0.09369638581686213,True,False,False,True,obstacle_requirement_failed,True,False,False,True,19.296,0.226732369563745,0.22667043196180625,0.22665921472096728,0.9996773515712887,0.20006045088071,0.15779092702169625,0.0,0,0,160.1163062591873,0.0,0.0,0,0,ARRIVED:8;VISION:595
30,trial30,right_conflict,-0.25,-0.024044999681489203,3.592565032025126,0.44562605148284595,-9.559650584489056,-0.03682804582397606,-0.1446411321451589,0.5039062870086364,-0.0977819719664298,True,False,False,True,obstacle_requirement_failed,True,False,False,True,21.024,0.24598931840040833,0.24577102219576002,0.24573650468610203,0.9989722573486106,0.19988954678967502,0.15729783037475345,-0.0017825311942959443,0,0,149.2054478068706,0.0,0.0,0,0,ARRIVED:8;VISION:649
