trial,trial_id,category,step,time_s,mode,x,y,target_visible,red_fraction,centroid_x_norm,last_seen_centroid,remembered_target_world_bearing_deg,reacquire_heading_error_deg,lost_streak,reacquire_steps,visual_raw,visual_smoothed,front_left_raw,front_right_raw,obstacle_left_input,obstacle_right_input,obstacle_raw,obstacle_smoothed,dna_left_spikes,dna_right_spikes,dna_left_membrane,dna_right_membrane,max_proximity_raw,obstacle_blend,visual_forward,obstacle_forward,final_forward,final_turn,left_wheel,right_wheel,arrival_hold
1,trial01,left_conflict,1,0.0320,VISION,-0.250000,0.015542,1,0.022189,-0.221786,-0.221786,12.683135,0.000000,0,0,-0.049213,-0.014764,67.961674,74.356303,0.000000,0.000000,0.000000,0.000000,0,0,0.039946,0.039946,74.356303,0.000000,0.628246,1.758400,0.628246,-0.010199,0.154512,0.159611,0
1,trial01,left_conflict,2,0.0640,VISION,-0.249900,0.015554,1,0.022189,-0.221786,-0.221786,12.686581,0.000000,0,0,-0.049213,-0.025099,70.807305,70.723747,0.000000,0.000000,0.000000,0.000000,0,0,0.047978,0.047978,70.807305,0.000000,0.628246,1.758400,0.628246,-0.017338,0.268611,0.281105,0
1,trial01,left_conflict,3,0.0960,VISION,-0.249726,0.015576,1,0.022189,-0.221786,-0.221786,12.694802,0.000000,0,0,-0.049213,-0.032333,68.579390,70.649419,0.000000,0.000000,0.000000,0.000000,0,0,0.049593,0.049593,70.649419,0.000000,0.628246,1.758400,0.628246,-0.022336,0.352936,0.373474,0
1,trial01,left_conflict,4,0.1280,VISION,-0.249495,0.015604,1,0.022682,-0.220801,-0.220801,12.683246,0.000000,0,0,-0.050083,-0.037658,72.266837,67.875060,0.000000,0.000000,0.000000,0.000000,0,0,0.049918,0.049918,72.266837,0.000000,0.628803,1.758400,0.628803,-0.026014,0.415399,0.443810,0
1,trial01,left_conflict,5,0.1600,VISION,-0.249222,0.015638,1,0.022682,-0.220801,-0.220801,12.701729,0.000000,0,0,-0.050083,-0.041386,65.906100,67.113998,0.000000,0.000000,0.000000,0.000000,0,0,0.049984,0.049984,67.113998,0.000000,0.628803,1.758400,0.628803,-0.028589,0.461603,0.497205,0
1,trial01,left_conflict,6,0.1920,VISION,-0.248918,0.015676,1,0.022682,-0.220801,-0.220801,12.724847,0.000000,0,0,-0.050083,-0.043995,72.085654,68.245698,0.000000,0.000000,0.000000,0.000000,0,0,0.049997,0.049997,72.085654,0.000000,0.628803,1.758400,0.628803,-0.030392,0.495805,0.537703,0
1,trial01,left_conflict,7,0.2240,VISION,-0.248589,0.015717,1,0.022682,-0.220801,-0.220801,12.752020,0.000000,0,0,-0.050083,-0.045821,71.981430,70.736157,0.000000,0.000000,0.000000,0.000000,0,0,0.049999,0.049999,71.981430,0.000000,0.628803,1.758400,0.628803,-0.031653,0.521141,0.568391,0
1,trial01,left_conflict,8,0.2560,VISION,-0.248243,0.015760,1,0.022682,-0.220801,-0.220801,12.782642,0.000000,0,0,-0.050083,-0.047100,73.226366,71.969853,0.000000,0.000000,0.000000,0.000000,0,0,0.050000,0.050000,73.226366,0.000000,0.628803,1.758400,0.628803,-0.032537,0.539922,0.591628,0
1,trial01,left_conflict,9,0.2880,VISION,-0.247884,0.015805,1,0.022682,-0.220801,-0.220801,12.816136,0.000000,0,0,-0.050083,-0.047995,66.522230,70.375202,0.000000,0.000000,0.000000,0.000000,0,0,0.050000,0.050000,70.375202,0.000000,0.628803,1.758400,0.628803,-0.033155,0.553854,0.609211,0
1,trial01,left_conflict,10,0.3200,VISION,-0.247515,0.015852,1,0.022682,-0.220801,-0.220801,12.851982,0.000000,0,0,-0.050083,-0.048621,67.662373,68.430719,0.000000,0.000000,0.000000,0.000000,0,0,0.050000,0.050000,68.430719,0.000000,0.628803,1.758400,0.628803,-0.033588,0.564194,0.622506,0
1,trial01,left_conflict,11,0.3520,VISION,-0.247138,0.015900,1,0.022682,-0.220801,-0.220801,12.889733,0.000000,0,0,-0.050083,-0.049060,65.473201,69.531560,0.000000,0.000000,0.000000,0.000000,0,0,0.050000,0.050000,69.531560,0.000000,0.628803,1.758400,0.628803,-0.033891,0.571874,0.632553,0
1,trial01,left_conflict,12,0.3840,VISION,-0.246756,0.015948,1,0.022682,-0.220801,-0.220801,12.929009,0.000000,0,0,-0.050083,-0.049367,70.351527,67.528191,0.000000,0.000000,0.000000,0.000000,0,0,0.050000,0.050000,70.351527,0.000000,0.628803,1.758400,0.628803,-0.034103,0.577581,0.640141,0
1,trial01,left_conflict,13,0.4160,VISION,-0.246369,0.015998,1,0.021696,-0.215686,-0.215686,12.839850,0.000000,0,0,-0.046796,-0.048596,65.923616,71.662508,0.000000,0.000000,0.000000,0.000000,0,0,0.050000,0.050000,71.662508,0.000000,0.631694,1.758400,0.631694,-0.033570,0.582716,0.646422,0
1,trial01,left_conflict,14,0.4480,VISION,-0.245979,0.016048,1,0.021696,-0.215686,-0.215686,12.881076,0.000000,0,0,-0.046796,-0.048056,69.339438,68.774755,0.000000,0.000000,0.000000,0.000000,0,0,0.050000,0.050000,69.339438,0.000000,0.631694,1.758400,0.631694,-0.033197,0.586662,0.651039,0
1,trial01,left_conflict,15,0.4800,VISION,-0.245587,0.016099,1,0.021696,-0.215686,-0.215686,12.922735,0.000000,0,0,-0.046796,-0.047678,68.009536,65.480255,0.000000,0.000000,0.000000,0.000000,0,0,0.050000,0.050000,68.009536,0.000000,0.631694,1.758400,0.631694,-0.032936,0.589686,0.654437,0
1,trial01,left_conflict,16,0.5120,VISION,-0.245192,0.016151,1,0.021696,-0.215686,-0.215686,12.964635,0.000000,0,0,-0.046796,-0.047413,66.339363,68.258683,0.000000,0.000000,0.000000,0.000000,0,0,0.050000,0.050000,68.258683,0.000000,0.631694,1.758400,0.631694,-0.032753,0.592000,0.656939,0
1,trial01,left_conflict,17,0.5440,VISION,-0.244796,0.016203,1,0.021696,-0.215686,-0.215686,13.006656,0.000000,0,0,-0.046796,-0.047228,67.073381,69.070127,0.000000,0.000000,0.000000,0.000000,0,0,0.050000,0.050000,69.070127,0.000000,0.631694,1.758400,0.631694,-0.032625,0.593767,0.658784,0
1,trial01,left_conflict,18,0.5760,VISION,-0.244398,0.016256,1,0.022189,-0.213072,-0.213072,12.982441,0.000000,0,0,-0.047279,-0.047243,67.684384,70.574825,0.000000,0.000000,0.000000,0.000000,0,0,0.050000,0.050000,70.574825,0.000000,0.633172,1.758400,0.633172,-0.032636,0.595459,0.660540,0
1,trial01,left_conflict,19,0.6080,VISION,-0.244000,0.016308,1,0.021203,-0.197446,-0.197446,12.628080,0.000000,0,0,-0.041865,-0.045630,69.361306,71.473441,0.000000,0.000000,0.000000,0.000000,0,0,0.050000,0.050000,71.473441,0.000000,0.642003,1.758400,0.642003,-0.031521,0.599215,0.663786,0
1,trial01,left_conflict,20,0.6400,VISION,-0.243599,0.016362,1,0.021696,-0.194296,-0.194296,12.589863,0.000000,0,0,-0.042155,-0.044587,66.796835,69.896347,0.000000,0.000000,0.000000,0.000000,0,0,0.050000,0.050000,69.896347,0.000000,0.643784,1.758400,0.643784,-0.030801,0.602657,0.666486,0
1,trial01,left_conflict,21,0.6720,VISION,-0.243197,0.016416,1,0.022189,-0.191285,-0.191285,12.554706,0.000000,0,0,-0.042445,-0.043945,68.603207,70.135180,0.000000,0.000000,0.000000,0.000000,0,0,0.050000,0.050000,70.135180,0.000000,0.645485,1.758400,0.645485,-0.030357,0.605775,0.668825,0
1,trial01,left_conflict,22,0.7040,VISION,-0.242792,0.016471,1,0.022189,-0.191285,-0.191285,12.595508,0.000000,0,0,-0.042445,-0.043495,67.830952,71.797983,0.000000,0.000000,0.000000,0.000000,0,0,0.050000,0.050000,71.797983,0.000000,0.645485,1.758400,0.645485,-0.030046,0.608191,0.670502,0
1,trial01,left_conflict,23,0.7360,VISION,-0.242387,0.016526,1,0.021696,-0.189840,-0.189840,12.599107,0.000000,0,0,-0.041188,-0.042803,70.111360,67.976063,0.000000,0.000000,0.000000,0.000000,0,0,0.050000,0.050000,70.111360,0.000000,0.646303,1.758400,0.646303,-0.029568,0.610327,0.671844,0
1,trial01,left_conflict,24,0.7680,VISION,-0.241980,0.016581,1,0.021696,-0.189840,-0.189840,12.638922,0.000000,0,0,-0.041188,-0.042318,69.323793,68.667147,0.000000,0.000000,0.000000,0.000000,0,0,0.050000,0.050000,69.323793,0.000000,0.646303,1.758400,0.646303,-0.029234,0.612012,0.672767,0
1,trial01,left_conflict,25,0.8000,VISION,-0.241573,0.016637,1,0.021696,-0.189840,-0.189840,12.678245,0.000000,0,0,-0.041188,-0.041979,65.917330,67.406818,0.000000,0.000000,0.000000,0.000000,0,0,0.050000,0.050000,67.406818,0.000000,0.646303,1.758400,0.646303,-0.028999,0.613335,0.673401,0
1,trial01,left_conflict,26,0.8320,VISION,-0.241165,0.016693,1,0.022189,-0.186928,-0.186928,12.643154,0.000000,0,0,-0.041478,-0.041829,70.577376,70.830133,0.000000,0.000000,0.000000,0.000000,0,0,0.050000,0.050000,70.830133,0.000000,0.647948,1.758400,0.647948,-0.028895,0.614765,0.674261,0
1,trial01,left_conflict,27,0.8640,VISION,-0.240757,0.016750,1,0.022189,-0.186928,-0.186928,12.681667,0.000000,0,0,-0.041478,-0.041724,68.085978,70.960919,0.000000,0.000000,0.000000,0.000000,0,0,0.050000,0.050000,70.960919,0.000000,0.647948,1.758400,0.647948,-0.028823,0.615855,0.674889,0
1,trial01,left_conflict,28,0.8960,VISION,-0.240348,0.016807,1,0.022682,-0.184143,-0.184143,12.649112,0.000000,0,0,-0.041768,-0.041737,68.325267,68.395783,0.000000,0.000000,0.000000,0.000000,0,0,0.050000,0.050000,68.395783,0.000000,0.649522,1.758400,0.649522,-0.028832,0.617064,0.675755,0
1,trial01,left_conflict,29,0.9280,VISION,-0.239938,0.016864,1,0.022682,-0.184143,-0.184143,12.687106,0.000000,0,0,-0.041768,-0.041746,66.963797,67.451276,0.000000,0.000000,0.000000,0.000000,0,0,0.050000,0.050000,67.451276,0.000000,0.649522,1.758400,0.649522,-0.028838,0.617969,0.676407,0
1,trial01,left_conflict,30,0.9600,VISION,-0.239528,0.016922,1,0.022682,-0.184143,-0.184143,12.724937,0.000000,0,0,-0.041768,-0.041753,70.816021,63.125582,0.000000,0.000000,0.000000,0.000000,0,0,0.050000,0.050000,70.816021,0.000000,0.649522,1.758400,0.649522,-0.028843,0.618646,0.676896,0
1,trial01,left_conflict,31,0.9920,VISION,-0.239117,0.016980,1,0.023176,-0.183146,-0.183146,12.737291,0.000000,0,0,-0.042445,-0.041961,68.766323,70.120114,0.000000,0.000000,0.000000,0.000000,0,0,0.050000,0.050000,70.120114,0.000000,0.650086,1.758400,0.650086,-0.028986,0.619260,0.677440,0
1,trial01,left_conflict,32,1.0240,VISION,-0.238706,0.017038,1,0.023176,-0.183146,-0.183146,12.774955,0.000000,0,0,-0.042445,-0.042106,66.349142,68.962143,0.000000,0.000000,0.000000,0.000000,0,0,0.050000,0.050000,68.962143,0.000000,0.650086,1.758400,0.650086,-0.029087,0.619695,0.677873,0
1,trial01,left_conflict,33,1.0560,VISION,-0.238295,0.017097,1,0.023176,-0.183146,-0.183146,12.812619,0.000000,0,0,-0.042445,-0.042208,72.369511,62.364181,0.000000,0.000000,0.000000,0.000000,0,0,0.050000,0.050000,72.369511,0.000000,0.650086,1.758400,0.650086,-0.029157,0.620003,0.678216,0
1,trial01,left_conflict,34,1.0880,VISION,-0.237884,0.017156,1,0.023176,-0.183146,-0.183146,12.850304,0.000000,0,0,-0.042445,-0.042279,66.730594,77.814035,0.000000,0.000000,0.000000,0.000000,0,0,0.050000,0.050000,77.814035,0.000000,0.650086,1.758400,0.650086,-0.029206,0.620222,0.678485,0
1,trial01,left_conflict,35,1.1200,VISION,-0.237473,0.017215,1,0.023176,-0.183146,-0.183146,12.888022,0.000000,0,0,-0.042445,-0.042329,69.659945,70.011401,0.000000,0.000000,0.000000,0.000000,0,0,0.050000,0.050000,70.011401,0.000000,0.650086,1.758400,0.650086,-0.029241,0.620378,0.678695,0
1,trial01,left_conflict,36,1.1520,VISION,-0.237061,0.017275,1,0.023176,-0.183146,-0.183146,12.925775,0.000000,0,0,-0.042445,-0.042364,69.588357,69.516512,0.000000,0.000000,0.000000,0.000000,0,0,0.050000,0.050000,69.588357,0.000000,0.650086,1.758400,0.650086,-0.029265,0.620489,0.678859,0
1,trial01,left_conflict,37,1.1840,VISION,-0.236650,0.017334,1,0.023176,-0.183146,-0.183146,12.963562,0.000000,0,0,-0.042445,-0.042388,67.487850,67.054096,0.000000,0.000000,0.000000,0.000000,0,0,0.050000,0.050000,67.487850,0.000000,0.650086,1.758400,0.650086,-0.029282,0.620568,0.678986,0
1,trial01,left_conflict,38,1.2160,VISION,-0.236238,0.017394,1,0.023669,-0.181373,-0.181373,12.956313,0.000000,0,0,-0.042928,-0.042550,67.428124,69.266753,0.000000,0.000000,0.000000,0.000000,0,0,0.050000,0.050000,69.266753,0.000000,0.651088,1.758400,0.651088,-0.029394,0.620850,0.679360,0
1,trial01,left_conflict,39,1.2480,VISION,-0.235827,0.017455,1,0.023669,-0.181373,-0.181373,12.994190,0.000000,0,0,-0.042928,-0.042664,70.306210,69.116169,0.000000,0.000000,0.000000,0.000000,0,0,0.050000,0.050000,70.306210,0.000000,0.651088,1.758400,0.651088,-0.029472,0.621041,0.679660,0
1,trial01,left_conflict,40,1.2800,VISION,-0.235415,0.017516,1,0.023669,-0.176471,-0.176471,12.907509,0.000000,0,0,-0.041768,-0.042395,65.950833,72.584425,0.000000,0.000000,0.000000,0.000000,0,0,0.050000,0.050000,72.584425,0.000000,0.653859,1.758400,0.653859,-0.029286,0.621924,0.680532,0
1,trial01,left_conflict,41,1.3120,VISION,-0.235003,0.017577,1,0.023669,-0.176471,-0.176471,12.945449,0.000000,0,0,-0.041768,-0.042207,65.818172,65.223769,0.000000,0.000000,0.000000,0.000000,0,0,0.050000,0.050000,65.818172,0.000000,0.653859,1.758400,0.653859,-0.029157,0.622619,0.681152,0
1,trial01,left_conflict,42,1.3440,VISION,-0.234590,0.017638,1,0.023669,-0.176471,-0.176471,12.983343,0.000000,0,0,-0.041768,-0.042075,71.214308,69.036924,0.000000,0.000000,0.000000,0.000000,0,0,0.050000,0.050000,71.214308,0.000000,0.653859,1.758400,0.653859,-0.029066,0.623162,0.681595,0
1,trial01,left_conflict,43,1.3760,VISION,-0.234177,0.017700,1,0.023669,-0.176471,-0.176471,13.021172,0.000000,0,0,-0.041768,-0.041983,64.538202,70.475819,0.000000,0.000000,0.000000,0.000000,0,0,0.050000,0.050000,70.475819,0.000000,0.653859,1.758400,0.653859,-0.029002,0.623586,0.681912,0
1,trial01,left_conflict,44,1.4080,VISION,-0.233764,0.017762,1,0.024162,-0.169268,-0.169268,12.875726,0.000000,0,0,-0.040898,-0.041658,67.776674,67.013138,0.000000,0.000000,0.000000,0.000000,0,0,0.050000,0.050000,67.776674,0.000000,0.657930,1.758400,0.657930,-0.028777,0.624978,0.683111,0
1,trial01,left_conflict,45,1.4400,VISION,-0.233350,0.017824,1,0.024162,-0.169268,-0.169268,12.913361,0.000000,0,0,-0.040898,-0.041430,70.791584,71.596334,0.000000,0.000000,0.000000,0.000000,0,0,0.050000,0.050000,71.596334,0.000000,0.657930,1.758400,0.657930,-0.028620,0.626061,0.683970,0
1,trial01,left_conflict,46,1.4720,VISION,-0.232935,0.017887,1,0.024655,-0.166275,-0.166275,12.874695,0.000000,0,0,-0.040995,-0.041299,66.117865,64.337948,0.000000,0.000000,0.000000,0.000000,0,0,0.050000,0.050000,66.117865,0.000000,0.659622,1.758400,0.659622,-0.028530,0.627319,0.685016,0
1,trial01,left_conflict,47,1.5040,VISION,-0.232520,0.017950,1,0.024162,-0.163665,-0.163665,12.845654,0.000000,0,0,-0.039544,-0.040773,68.150118,68.172289,0.000000,0.000000,0.000000,0.000000,0,0,0.050000,0.050000,68.172289,0.000000,0.661096,1.758400,0.661096,-0.028166,0.628722,0.686077,0
1,trial01,left_conflict,48,1.5360,VISION,-0.232104,0.018013,1,0.024162,-0.163665,-0.163665,12.882790,0.000000,0,0,-0.039544,-0.040404,65.681293,66.906945,0.000000,0.000000,0.000000,0.000000,0,0,0.050000,0.050000,66.906945,0.000000,0.661096,1.758400,0.661096,-0.027911,0.629837,0.686810,0
1,trial01,left_conflict,49,1.5680,VISION,-0.231688,0.018077,1,0.024162,-0.163665,-0.163665,12.919680,0.000000,0,0,-0.039544,-0.040146,68.935013,70.707000,0.000000,0.000000,0.000000,0.000000,0,0,0.050000,0.050000,70.707000,0.000000,0.661096,1.758400,0.661096,-0.027733,0.630719,0.687315,0
1,trial01,left_conflict,50,1.6000,VISION,-0.231271,0.018142,1,0.024162,-0.163665,-0.163665,12.956327,0.000000,0,0,-0.039544,-0.039966,72.681579,70.076646,0.000000,0.000000,0.000000,0.000000,0,0,0.050000,0.050000,72.681579,0.000000,0.661096,1.758400,0.661096,-0.027608,0.631411,0.687662,0
1,trial01,left_conflict,51,1.6320,VISION,-0.230854,0.018206,1,0.022682,-0.149190,-0.149190,12.624175,0.000000,0,0,-0.033840,-0.038128,71.471934,70.738033,0.000000,0.000000,0.000000,0.000000,0,0,0.050000,0.050000,71.471934,0.000000,0.669278,1.758400,0.669278,-0.026339,0.634293,0.689651,0
1,trial01,left_conflict,52,1.6640,VISION,-0.230435,0.018271,1,0.022682,-0.149190,-0.149190,12.660026,0.000000,0,0,-0.033840,-0.036842,66.700138,70.914150,0.000000,0.000000,0.000000,0.000000,0,0,0.050000,0.050000,70.914150,0.000000,0.669278,1.758400,0.669278,-0.025450,0.636677,0.690920,0
1,trial01,left_conflict,53,1.6960,VISION,-0.230016,0.018337,1,0.023669,-0.145425,-0.145425,12.599234,0.000000,0,0,-0.034420,-0.036115,70.879909,70.692495,0.000000,0.000000,0.000000,0.000000,0,0,0.050000,0.050000,70.879909,0.000000,0.671406,1.758400,0.671406,-0.024948,0.639122,0.692279,0
1,trial01,left_conflict,54,1.7280,VISION,-0.229595,0.018403,1,0.023669,-0.145425,-0.145425,12.633669,0.000000,0,0,-0.034420,-0.035607,71.647600,69.061479,0.000000,0.000000,0.000000,0.000000,0,0,0.050000,0.050000,71.647600,0.000000,0.671406,1.758400,0.671406,-0.024597,0.641044,0.693210,0
1,trial01,left_conflict,55,1.7600,VISION,-0.229173,0.018469,1,0.023669,-0.145425,-0.145425,12.667466,0.000000,0,0,-0.034420,-0.035251,68.583830,70.720780,0.000000,0.000000,0.000000,0.000000,0,0,0.050000,0.050000,70.720780,0.000000,0.671406,1.758400,0.671406,-0.024351,0.642546,0.693847,0
1,trial01,left_conflict,56,1.7920,VISION,-0.228750,0.018536,1,0.023669,-0.145425,-0.145425,12.700706,0.000000,0,0,-0.034420,-0.035001,66.198693,71.996251,0.000000,0.000000,0.000000,0.000000,0,0,0.050000,0.050000,71.996251,0.000000,0.671406,1.758400,0.671406,-0.024179,0.643717,0.694281,0
1,trial01,left_conflict,57,1.8240,VISION,-0.228328,0.018603,1,0.023669,-0.145425,-0.145425,12.733472,0.000000,0,0,-0.034420,-0.034827,67.313231,69.601645,0.000000,0.000000,0.000000,0.000000,0,0,0.050000,0.050000,69.601645,0.000000,0.671406,1.758400,0.671406,-0.024059,0.644624,0.694577,0
1,trial01,left_conflict,58,1.8560,VISION,-0.227904,0.018670,1,0.023669,-0.145425,-0.145425,12.765845,0.000000,0,0,-0.034420,-0.034705,72.684903,65.983012,0.000000,0.000000,0.000000,0.000000,0,0,0.050000,0.050000,72.684903,0.000000,0.671406,1.758400,0.671406,-0.023974,0.645326,0.694778,0
1,trial01,left_conflict,59,1.8880,VISION,-0.227481,0.018737,1,0.023669,-0.145425,-0.145425,12.797896,0.000000,0,0,-0.034420,-0.034620,73.224392,68.034052,0.000000,0.000000,0.000000,0.000000,0,0,0.050000,0.050000,73.224392,0.000000,0.671406,1.758400,0.671406,-0.023915,0.645867,0.694914,0
1,trial01,left_conflict,60,1.9200,VISION,-0.227057,0.018805,1,0.023669,-0.145425,-0.145425,12.829686,0.000000,0,0,-0.034420,-0.034560,66.753656,71.953050,0.000000,0.000000,0.000000,0.000000,0,0,0.050000,0.050000,71.953050,0.000000,0.671406,1.758400,0.671406,-0.023874,0.646283,0.695005,0
1,trial01,left_conflict,61,1.9520,VISION,-0.226633,0.018873,1,0.023669,-0.145425,-0.145425,12.861267,0.000000,0,0,-0.034420,-0.034518,64.925261,68.709999,0.000000,0.000000,0.000000,0.000000,0,0,0.050000,0.050000,68.709999,0.000000,0.671406,1.758400,0.671406,-0.023845,0.646603,0.695067,0
1,trial01,left_conflict,62,1.9840,VISION,-0.226210,0.018942,1,0.023669,-0.142157,-0.142157,12.809409,0.000000,0,0,-0.033647,-0.034256,66.534228,68.299263,0.000000,0.000000,0.000000,0.000000,0,0,0.050000,0.050000,68.299263,0.000000,0.673253,1.758400,0.673253,-0.023664,0.647349,0.695529,0
1,trial01,left_conflict,63,2.0160,VISION,-0.225785,0.019010,1,0.023669,-0.142157,-0.142157,12.840641,0.000000,0,0,-0.033647,-0.034073,74.256913,70.079768,0.000000,0.000000,0.000000,0.000000,0,0,0.050000,0.050000,74.256913,0.000000,0.673253,1.758400,0.673253,-0.023538,0.647941,0.695845,0
1,trial01,left_conflict,64,2.0480,VISION,-0.225361,0.019079,1,0.023669,-0.142157,-0.142157,12.871697,0.000000,0,0,-0.033647,-0.033945,64.196307,78.078626,0.000000,0.000000,0.000000,0.000000,0,0,0.050000,0.050000,78.078626,0.000000,0.673253,1.758400,0.673253,-0.023449,0.648406,0.696059,0
1,trial01,left_conflict,65,2.0800,VISION,-0.224936,0.019149,1,0.024162,-0.139656,-0.139656,12.838851,0.000000,0,0,-0.033743,-0.033885,71.719457,67.703405,0.000000,0.000000,0.000000,0.000000,0,0,0.050000,0.050000,71.719457,0.000000,0.674667,1.758400,0.674667,-0.023408,0.649120,0.696563,0
1,trial01,left_conflict,66,2.1120,VISION,-0.224511,0.019218,1,0.024162,-0.139656,-0.139656,12.869610,0.000000,0,0,-0.033743,-0.033842,65.159808,69.452851,0.000000,0.000000,0.000000,0.000000,0,0,0.050000,0.050000,69.452851,0.000000,0.674667,1.758400,0.674667,-0.023378,0.649662,0.696933,0
1,trial01,left_conflict,67,2.1440,VISION,-0.224086,0.019288,1,0.024162,-0.139656,-0.139656,12.900259,0.000000,0,0,-0.033743,-0.033813,68.559563,63.926480,0.000000,0.000000,0.000000,0.000000,0,0,0.050000,0.050000,68.559563,0.000000,0.674667,1.758400,0.674667,-0.023358,0.650073,0.697206,0
1,trial01,left_conflict,68,2.1760,VISION,-0.223661,0.019358,1,0.024162,-0.139656,-0.139656,12.930819,0.000000,0,0,-0.033743,-0.033792,68.106626,63.816190,0.000000,0.000000,0.000000,0.000000,0,0,0.050000,0.050000,68.106626,0.000000,0.674667,1.758400,0.674667,-0.023343,0.650386,0.697407,0
1,trial01,left_conflict,69,2.2080,VISION,-0.223235,0.019428,1,0.024162,-0.139656,-0.139656,12.961307,0.000000,0,0,-0.033743,-0.033777,70.533635,71.026038,0.000000,0.000000,0.000000,0.000000,0,0,0.050000,0.050000,71.026038,0.000000,0.674667,1.758400,0.674667,-0.023333,0.650623,0.697555,0
1,trial01,left_conflict,70,2.2400,VISION,-0.222810,0.019499,1,0.024162,-0.139656,-0.139656,12.991739,0.000000,0,0,-0.033743,-0.033767,70.324220,64.170804,0.000000,0.000000,0.000000,0.000000,0,0,0.050000,0.050000,70.324220,0.000000,0.674667,1.758400,0.674667,-0.023326,0.650802,0.697665,0
1,trial01,left_conflict,71,2.2720,VISION,-0.222384,0.019569,1,0.024655,-0.136471,-0.136471,12.940933,0.000000,0,0,-0.033647,-0.033731,71.749131,72.205793,0.000000,0.000000,0.000000,0.000000,0,0,0.050000,0.050000,72.205793,0.000000,0.676467,1.758400,0.676467,-0.023301,0.651393,0.698190,0
1,trial01,left_conflict,72,2.3040,VISION,-0.221958,0.019640,1,0.024162,-0.134054,-0.134054,12.909661,0.000000,0,0,-0.032390,-0.033329,68.614383,67.353682,0.000000,0.000000,0.000000,0.000000,0,0,0.050000,0.050000,68.614383,0.000000,0.677833,1.758400,0.677833,-0.023023,0.652247,0.698857,0
1,trial01,left_conflict,73,2.3360,VISION,-0.221531,0.019712,1,0.024655,-0.131765,-0.131765,12.881525,0.000000,0,0,-0.032486,-0.033076,71.155326,68.542393,0.000000,0.000000,0.000000,0.000000,0,0,0.050000,0.050000,71.155326,0.000000,0.679127,1.758400,0.679127,-0.022849,0.653255,0.699637,0
1,trial01,left_conflict,74,2.3680,VISION,-0.221104,0.019783,1,0.025148,-0.128797,-0.128797,12.835915,0.000000,0,0,-0.032390,-0.032870,71.664756,68.526560,0.000000,0.000000,0.000000,0.000000,0,0,0.050000,0.050000,71.664756,0.000000,0.680804,1.758400,0.680804,-0.022707,0.654465,0.700605,0
1,trial01,left_conflict,75,2.4000,VISION,-0.220677,0.019855,1,0.025148,-0.128797,-0.128797,12.865837,0.000000,0,0,-0.032390,-0.032726,70.666322,68.080648,0.000000,0.000000,0.000000,0.000000,0,0,0.050000,0.050000,70.666322,0.000000,0.680804,1.758400,0.680804,-0.022607,0.655398,0.701307,0
1,trial01,left_conflict,76,2.4320,VISION,-0.220249,0.019928,1,0.025148,-0.128797,-0.128797,12.895611,0.000000,0,0,-0.032390,-0.032625,67.834351,71.314278,0.000000,0.000000,0.000000,0.000000,0,0,0.050000,0.050000,71.314278,0.000000,0.680804,1.758400,0.680804,-0.022537,0.656115,0.701815,0
1,trial01,left_conflict,77,2.4640,VISION,-0.219820,0.020000,1,0.025148,-0.128797,-0.128797,12.925250,0.000000,0,0,-0.032390,-0.032554,69.375986,64.757017,0.000000,0.000000,0.000000,0.000000,0,0,0.050000,0.050000,69.375986,0.000000,0.680804,1.758400,0.680804,-0.022489,0.656665,0.702185,0
1,trial01,left_conflict,78,2.4960,VISION,-0.219392,0.020073,1,0.025148,-0.128797,-0.128797,12.954773,0.000000,0,0,-0.032390,-0.032505,74.411646,72.283910,0.000000,0.000000,0.000000,0.000000,0,0,0.050000,0.050000,74.411646,0.000000,0.680804,1.758400,0.680804,-0.022454,0.657087,0.702453,0
1,trial01,left_conflict,79,2.5280,VISION,-0.218963,0.020146,1,0.026134,-0.124676,-0.124676,12.879110,0.000000,0,0,-0.032583,-0.032528,72.313700,68.439421,0.000000,0.000000,0.000000,0.000000,0,0,0.050000,0.050000,72.313700,0.000000,0.683133,1.758400,0.683133,-0.022471,0.657980,0.703241,0
1,trial01,left_conflict,80,2.5600,VISION,-0.218533,0.020220,1,0.026134,-0.124676,-0.124676,12.908467,0.000000,0,0,-0.032583,-0.032545,66.052470,64.776865,0.000000,0.000000,0.000000,0.000000,0,0,0.050000,0.050000,66.052470,0.000000,0.683133,1.758400,0.683133,-0.022482,0.658648,0.703834,0
1,trial01,left_conflict,81,2.5920,VISION,-0.218104,0.020294,1,0.026134,-0.124676,-0.124676,12.937776,0.000000,0,0,-0.032583,-0.032556,71.192583,70.460506,0.000000,0.000000,0.000000,0.000000,0,0,0.050000,0.050000,71.192583,0.000000,0.683133,1.758400,0.683133,-0.022490,0.659147,0.704281,0
1,trial01,left_conflict,82,2.6240,VISION,-0.217674,0.020368,1,0.026627,-0.122004,-0.122004,12.898893,0.000000,0,0,-0.032486,-0.032535,67.958892,70.941194,0.000000,0.000000,0.000000,0.000000,0,0,0.050000,0.050000,70.941194,0.000000,0.684643,1.758400,0.684643,-0.022475,0.659902,0.704991,0
1,trial01,left_conflict,83,2.6560,VISION,-0.217243,0.020442,1,0.026627,-0.122004,-0.122004,12.928140,0.000000,0,0,-0.032486,-0.032521,66.917243,70.663256,0.000000,0.000000,0.000000,0.000000,0,0,0.050000,0.050000,70.663256,0.000000,0.684643,1.758400,0.684643,-0.022465,0.660471,0.705520,0
1,trial01,left_conflict,84,2.6880,VISION,-0.216813,0.020516,1,0.026627,-0.122004,-0.122004,12.957362,0.000000,0,0,-0.032486,-0.032510,73.001282,68.881963,0.000000,0.000000,0.000000,0.000000,0,0,0.050000,0.050000,73.001282,0.000000,0.684643,1.758400,0.684643,-0.022458,0.660900,0.705915,0
1,trial01,left_conflict,85,2.7200,VISION,-0.216382,0.020591,1,0.026134,-0.120237,-0.120237,12.941468,0.000000,0,0,-0.031423,-0.032184,73.129548,76.845718,0.000000,0.000000,0.000000,0.000000,0,0,0.050000,0.050000,76.845718,0.000000,0.685642,1.758400,0.685642,-0.022233,0.661527,0.706405,0
1,trial01,left_conflict,86,2.7520,VISION,-0.215951,0.020666,1,0.026134,-0.120237,-0.120237,12.970580,0.000000,0,0,-0.031423,-0.031956,63.587323,65.147163,0.000000,0.000000,0.000000,0.000000,0,0,0.050000,0.050000,65.147163,0.000000,0.685642,1.758400,0.685642,-0.022075,0.662037,0.706733,0
1,trial01,left_conflict,87,2.7840,VISION,-0.215519,0.020742,1,0.026134,-0.120237,-0.120237,12.999575,0.000000,0,0,-0.031423,-0.031796,65.739101,65.864532,0.000000,0.000000,0.000000,0.000000,0,0,0.050000,0.050000,65.864532,0.000000,0.685642,1.758400,0.685642,-0.021965,0.662447,0.706952,0
1,trial01,left_conflict,88,2.8160,VISION,-0.215087,0.020817,1,0.026134,-0.120237,-0.120237,13.028447,0.000000,0,0,-0.031423,-0.031684,67.440962,67.453525,0.000000,0.000000,0.000000,0.000000,0,0,0.050000,0.050000,67.453525,0.000000,0.685642,1.758400,0.685642,-0.021887,0.662774,0.707096,0
1,trial01,left_conflict,89,2.8480,VISION,-0.214656,0.020893,1,0.025641,-0.117647,-0.117647,12.991126,0.000000,0,0,-0.030166,-0.031229,68.867847,73.479592,0.000000,0.000000,0.000000,0.000000,0,0,0.050000,0.050000,73.479592,0.000000,0.687106,1.758400,0.687106,-0.021573,0.663464,0.707492,0
1,trial01,left_conflict,90,2.8800,VISION,-0.214224,0.020970,1,0.026134,-0.115797,-0.115797,12.972489,0.000000,0,0,-0.030263,-0.030939,66.142321,74.304475,0.000000,0.000000,0.000000,0.000000,0,0,0.050000,0.050000,74.304475,0.000000,0.688151,1.758400,0.688151,-0.021372,0.664293,0.708000,0
1,trial01,left_conflict,91,2.9120,VISION,-0.213791,0.021046,1,0.026134,-0.115797,-0.115797,13.000848,0.000000,0,0,-0.030263,-0.030736,69.752540,67.445171,0.000000,0.000000,0.000000,0.000000,0,0,0.050000,0.050000,69.752540,0.000000,0.688151,1.758400,0.688151,-0.021232,0.664949,0.708346,0
1,trial01,left_conflict,92,2.9440,VISION,-0.213359,0.021123,1,0.026627,-0.113290,-0.113290,12.965016,0.000000,0,0,-0.030166,-0.030565,65.065548,67.171880,0.000000,0.000000,0.000000,0.000000,0,0,0.050000,0.050000,67.171880,0.000000,0.689569,1.758400,0.689569,-0.021114,0.665826,0.708930,0
1,trial01,left_conflict,93,2.9760,VISION,-0.212925,0.021200,1,0.026627,-0.113290,-0.113290,12.992988,0.000000,0,0,-0.030166,-0.030445,70.124016,68.726960,0.000000,0.000000,0.000000,0.000000,0,0,0.050000,0.050000,70.124016,0.000000,0.689569,1.758400,0.689569,-0.021032,0.666503,0.709348,0
1,trial01,left_conflict,94,3.0080,VISION,-0.212492,0.021277,1,0.024655,-0.101961,-0.101961,12.731589,0.000000,0,0,-0.025138,-0.028853,67.830246,72.500573,0.000000,0.000000,0.000000,0.000000,0,0,0.050000,0.050000,72.500573,0.000000,0.695972,1.758400,0.695972,-0.019932,0.668888,0.710987,0
1,trial01,left_conflict,95,3.0400,VISION,-0.212057,0.021355,1,0.024655,-0.101961,-0.101961,12.758914,0.000000,0,0,-0.025138,-0.027739,68.752380,66.752865,0.000000,0.000000,0.000000,0.000000,0,0,0.050000,0.050000,68.752380,0.000000,0.695972,1.758400,0.695972,-0.019162,0.670868,0.712023,0
1,trial01,left_conflict,96,3.0720,VISION,-0.211622,0.021433,1,0.024655,-0.101961,-0.101961,12.785632,0.000000,0,0,-0.025138,-0.026959,69.333407,65.748627,0.000000,0.000000,0.000000,0.000000,0,0,0.050000,0.050000,69.333407,0.000000,0.695972,1.758400,0.695972,-0.018623,0.672488,0.712666,0
1,trial01,left_conflict,97,3.1040,VISION,-0.211185,0.021511,1,0.024655,-0.101961,-0.101961,12.811720,0.000000,0,0,-0.025138,-0.026412,68.500434,71.545039,0.000000,0.000000,0.000000,0.000000,0,0,0.050000,0.050000,71.545039,0.000000,0.695972,1.758400,0.695972,-0.018246,0.673798,0.713054,0
1,trial01,left_conflict,98,3.1360,VISION,-0.210749,0.021590,1,0.024655,-0.101961,-0.101961,12.837216,0.000000,0,0,-0.025138,-0.026030,67.435311,70.670925,0.000000,0.000000,0.000000,0.000000,0,0,0.050000,0.050000,70.670925,0.000000,0.695972,1.758400,0.695972,-0.017982,0.674846,0.713279,0
1,trial01,left_conflict,99,3.1680,VISION,-0.210312,0.021669,1,0.024655,-0.101961,-0.101961,12.862182,0.000000,0,0,-0.025138,-0.025763,70.049430,69.519885,0.000000,0.000000,0.000000,0.000000,0,0,0.050000,0.050000,70.049430,0.000000,0.695972,1.758400,0.695972,-0.017797,0.675678,0.713401,0
1,trial01,left_conflict,100,3.2000,VISION,-0.209874,0.021748,1,0.024655,-0.101961,-0.101961,12.886691,0.000000,0,0,-0.025138,-0.025575,66.674405,65.019207,0.000000,0.000000,0.000000,0.000000,0,0,0.050000,0.050000,66.674405,0.000000,0.695972,1.758400,0.695972,-0.017667,0.676335,0.713461,0
1,trial01,left_conflict,101,3.2320,VISION,-0.209437,0.021828,1,0.025148,-0.098808,-0.098808,12.830311,0.000000,0,0,-0.024848,-0.025357,64.214991,69.930901,0.000000,0.000000,0.000000,0.000000,0,0,0.050000,0.050000,69.930901,0.000000,0.697754,1.758400,0.697754,-0.017517,0.677310,0.713913,0
1,trial01,left_conflict,102,3.2640,VISION,-0.208999,0.021907,1,0.025148,-0.098808,-0.098808,12.854099,0.000000,0,0,-0.024848,-0.025204,62.691790,71.562059,0.000000,0.000000,0.000000,0.000000,0,0,0.050000,0.050000,71.562059,0.000000,0.697754,1.758400,0.697754,-0.017411,0.678068,0.714226,0
1,trial01,left_conflict,103,3.2960,VISION,-0.208560,0.021987,1,0.025641,-0.098793,-0.098793,12.877223,0.000000,0,0,-0.025332,-0.025243,68.684777,74.199236,0.000000,0.000000,0.000000,0.000000,0,0,0.050000,0.050000,74.199236,0.000000,0.697762,1.758400,0.697762,-0.017438,0.678632,0.714469,0
1,trial01,left_conflict,104,3.3280,VISION,-0.208122,0.022068,1,0.026134,-0.096559,-0.096559,12.843467,0.000000,0,0,-0.025235,-0.025240,70.094157,68.464583,0.000000,0.000000,0.000000,0.000000,0,0,0.050000,0.050000,70.094157,0.000000,0.699025,1.758400,0.699025,-0.017436,0.679371,0.714967,0
1,trial01,left_conflict,105,3.3600,VISION,-0.207683,0.022148,1,0.026627,-0.095134,-0.095134,12.830212,0.000000,0,0,-0.025332,-0.025268,67.346385,70.031918,0.000000,0.000000,0.000000,0.000000,0,0,0.050000,0.050000,70.031918,0.000000,0.699830,1.758400,0.699830,-0.017455,0.680122,0.715547,0
1,trial01,left_conflict,106,3.3920,VISION,-0.207244,0.022229,1,0.027120,-0.092335,-0.092335,12.781744,0.000000,0,0,-0.025042,-0.025200,66.149412,67.831772,0.000000,0.000000,0.000000,0.000000,0,0,0.050000,0.050000,67.831772,0.000000,0.701412,1.758400,0.701412,-0.017408,0.681093,0.716365,0
1,trial01,left_conflict,107,3.4240,VISION,-0.206804,0.022310,1,0.027120,-0.092335,-0.092335,12.804677,0.000000,0,0,-0.025042,-0.025152,68.067121,62.236839,0.000000,0.000000,0.000000,0.000000,0,0,0.050000,0.050000,68.067121,0.000000,0.701412,1.758400,0.701412,-0.017375,0.681829,0.716971,0
1,trial01,left_conflict,108,3.4560,VISION,-0.206364,0.022391,1,0.027120,-0.092335,-0.092335,12.827525,0.000000,0,0,-0.025042,-0.025119,65.601642,67.373341,0.000000,0.000000,0.000000,0.000000,0,0,0.050000,0.050000,67.373341,0.000000,0.701412,1.758400,0.701412,-0.017352,0.682387,0.717419,0
1,trial01,left_conflict,109,3.4880,VISION,-0.205923,0.022472,1,0.027120,-0.092335,-0.092335,12.850304,0.000000,0,0,-0.025042,-0.025096,70.063201,69.688685,0.000000,0.000000,0.000000,0.000000,0,0,0.050000,0.050000,70.063201,0.000000,0.701412,1.758400,0.701412,-0.017336,0.682809,0.717751,0
1,trial01,left_conflict,110,3.5200,VISION,-0.205483,0.022554,1,0.027120,-0.092335,-0.092335,12.873025,0.000000,0,0,-0.025042,-0.025080,68.693296,68.512605,0.000000,0.000000,0.000000,0.000000,0,0,0.050000,0.050000,68.693296,0.000000,0.701412,1.758400,0.701412,-0.017325,0.683128,0.717998,0
1,trial01,left_conflict,111,3.5520,VISION,-0.205042,0.022636,1,0.027120,-0.092335,-0.092335,12.895699,0.000000,0,0,-0.025042,-0.025068,68.748470,66.006552,0.000000,0.000000,0.000000,0.000000,0,0,0.050000,0.050000,68.748470,0.000000,0.701412,1.758400,0.701412,-0.017317,0.683370,0.718181,0
1,trial01,left_conflict,112,3.5840,VISION,-0.204601,0.022718,1,0.027613,-0.089636,-0.089636,12.849383,0.000000,0,0,-0.024752,-0.024973,69.063712,68.921656,0.000000,0.000000,0.000000,0.000000,0,0,0.050000,0.050000,69.063712,0.000000,0.702938,1.758400,0.702938,-0.017251,0.683949,0.718683,0
1,trial01,left_conflict,113,3.6160,VISION,-0.204160,0.022800,1,0.027613,-0.089636,-0.089636,12.871971,0.000000,0,0,-0.024752,-0.024907,71.440515,67.665992,0.000000,0.000000,0.000000,0.000000,0,0,0.050000,0.050000,71.440515,0.000000,0.702938,1.758400,0.702938,-0.017206,0.684395,0.719048,0
1,trial01,left_conflict,114,3.6480,VISION,-0.203718,0.022883,1,0.027613,-0.089636,-0.089636,12.894506,0.000000,0,0,-0.024752,-0.024860,70.040468,70.782839,0.000000,0.000000,0.000000,0.000000,0,0,0.050000,0.050000,70.782839,0.000000,0.702938,1.758400,0.702938,-0.017173,0.684737,0.719314,0
