trial,trial_id,category,start_x,start_y,start_heading_deg,target_distance_m,target_angle_deg,obstacle_x,obstacle_y,obstacle_path_fraction,obstacle_lateral_offset_m,expect_obstacle,requested_obstacle_lateral_offset_m,qualification_pass,qualification_adjusted,qualification_attempts,qualification_max_front_raw,qualification_probe_backoff_m,success,strict_success,navigation_success,failure_reason,target_reached,obstacle_activated,obstacle_requirement,recovery_requirement,elapsed_s,path_length_m,net_displacement_m,target_progress_m,path_efficiency,final_target_distance_m,final_red_fraction,final_centroid,lost_frames,reacquired_count,max_proximity_raw,max_blend,max_abs_neural_steering,dna_left_max,dna_right_max,mode_counts
1,trial01,left_conflict,-0.25,0.015542063344924542,7.026792918249605,0.47784836784107154,5.3834704532334605,0.005910464486932623,0.13430854766904038,0.5764484405119685,0.06099357435513632,True,0.0762419679439204,True,True,2,521.5123671840356,0.08,True,True,True,,True,True,True,True,29.792,0.2811493161478138,0.2793525647331979,0.2772376090844858,0.9860867274481598,0.2006107587565857,0.15680473372781065,-0.09532618078678012,0,0,1150.4240710276629,1.0,1.0,0,5,ARRIVED:10;AVOID:6;BLEND:401;VISION:514
2,trial02,clear,-0.25,-0.03846663574586666,7.595555044883183,0.426035984713258,-7.986679354664281,0.0,0.35,nan,nan,False,nan,True,False,0,0.0,nan,True,True,True,,True,False,True,True,19.328,0.22527728575300773,0.2251336600883332,0.22510872958740433,0.9992517835740075,0.20092725512275486,0.15581854043392504,0.0,0,0,79.68421619256527,0.0,0.0,0,0,ARRIVED:8;VISION:596
3,trial03,near_center,-0.25,0.02732226433372606,-3.976155111161175,0.4200941476707111,3.198487163311201,-0.019420394612501134,0.07505766630293045,0.5472832260582007,0.05086053510111965,True,0.06357566887639957,True,True,2,1274.7426908751918,0.08,False,False,False,timeout_after_visual_loss,False,True,True,True,44.992,0.22252531741423517,0.21686379857260174,0.2126593509651113,0.9556636226216085,0.20743479670543857,0.15680473372781065,-0.6370699223085461,234,4,1139.1928773933653,1.0,0.7979688608503904,0,5,AVOID:4;BLEND:850;LOST_AVOID:69;REACQUIRE_MEMORY:165;VISION:318
4,trial04,right_conflict,-0.25,0.0365822998705652,-7.248031707613471,0.45395755594254755,-10.062836303893324,-0.03070860999529771,-0.09651828661773379,0.5484286370741407,-0.061820249986737755,True,-0.09659414060427772,True,True,3,786.2390672705259,0.08,True,True,True,,True,True,True,True,28.608,0.2569315788178243,0.2553527249436622,0.2531674891937753,0.9853498365542761,0.2007900667487724,0.15581854043392504,0.0070737155621742875,0,0,1221.503240034174,1.0,1.0,4,0,ARRIVED:10;AVOID:7;BLEND:361;VISION:516
5,trial05,clear,-0.25,0.0484080628100422,3.3018664987720445,0.45403810430559194,-1.697733160912538,0.0,0.35,nan,nan,False,nan,True,False,0,0.0,nan,True,True,True,,True,False,True,True,20.672,0.2532313032873655,0.253222415969039,0.2532206552270521,0.9999579512478309,0.20081744907678678,0.15631163708086784,0.0011752335003401004,0,0,77.17753878916375,0.0,0.0,0,0,ARRIVED:8;VISION:638
6,trial06,right_conflict,-0.25,0.0400180128721629,2.197324286747879,0.44169495656661356,-5.352952457759523,-0.003398232994035031,-0.020921881160491575,0.5650562112706534,-0.047272492040212236,True,-0.0738632688128316,True,True,3,1684.651762512841,0.08,False,False,False,timeout_after_visual_loss,False,True,True,True,44.992,0.2523625040482454,0.2469679635587229,0.24165219336245997,0.9575598176671369,0.20004276320099607,0.15779092702169625,0.6900735294117646,224,2,1673.8722432485342,1.0,1.0,5,0,AVOID:6;BLEND:693;LOST_AVOID:77;REACQUIRE_MEMORY:147;VISION:483
7,trial07,left_conflict,-0.25,-0.052430462253631314,6.6790598051271814,0.4692898104604975,6.843851945980716,-0.010853641592960284,0.0645342148621898,0.5537446499500857,0.05780141281505178,True,0.09031470752351839,True,True,3,531.0503870182472,0.08,True,True,True,,True,True,True,True,31.744,0.27389450054077724,0.27159385322491864,0.26897305262489296,0.9820315927988063,0.2003167578356045,0.15581854043392504,-0.004591710101762181,0,0,1081.4180754569725,1.0,0.7979586541209954,0,4,ARRIVED:8;AVOID:12;BLEND:423;VISION:549
8,trial08,right_conflict,-0.25,0.05596659608869892,0.07441102468328431,0.4520231733654683,-10.526170717100726,-0.020018885535740168,-0.05009040495825828,0.5429031682110511,-0.06257697879076099,True,-0.09777652936056404,True,True,3,444.94939378214536,0.08,True,True,True,,True,True,True,True,29.184,0.25450262221829245,0.25319843991115415,0.2513121453030494,0.9874638740951498,0.20071102806112434,0.15631163708086784,0.020721222242840343,0,0,583.5360946193999,0.8585874353604254,0.7979586541209954,4,0,ARRIVED:8;AVOID:3;BLEND:420;VISION:481
9,trial09,near_center,-0.25,-0.026603954319602337,-5.854466837156735,0.4258696208511835,4.721070067001191,-0.006814247843824589,0.019629076256223732,0.5687742498885294,0.05103425172657703,True,0.06379281465822129,True,True,2,1261.2930036752557,0.08,False,False,False,timeout_after_visual_loss,False,True,True,True,44.992,0.22943789753649912,0.22399418226858886,0.21999199092891344,0.9588302250456117,0.205877629914705,0.15976331360946747,-0.6481481481481481,220,3,1254.1936351863505,1.0,1.0,0,5,AVOID:4;BLEND:861;LOST_AVOID:64;REACQUIRE_MEMORY:156;VISION:321
10,trial10,left_conflict,-0.25,0.030988305407682992,-5.457776095641712,0.47736612990804694,8.72125678786915,0.00669264887595966,0.09241946121250802,0.5441808477438985,0.04671861359951613,True,0.07299783374924394,True,True,3,1686.8388303858942,0.08,True,True,True,,True,True,True,True,37.44,0.28760050283728555,0.28202793064451515,0.2773633498247827,0.9644049544019934,0.20000278008318634,0.15631163708086784,-0.00030927197377372817,182,2,1769.7032678698367,1.0,1.0,0,5,ARRIVED:8;AVOID:7;BLEND:433;LOST_AVOID:66;REACQUIRE_MEMORY:116;VISION:540
11,trial11,right_conflict,-0.25,0.04320302912320392,-5.448207547902204,0.4401441617716227,-9.50144691379058,-0.03244121841159822,-0.08207531107677662,0.550985656538317,-0.06491434836702359,True,-0.08114293545877949,True,True,2,573.5882907050757,0.08,True,True,True,,True,True,True,True,26.432,0.24049680144282443,0.23943857791090223,0.23766575144499405,0.98822832577878,0.2024784103224925,0.15532544378698224,0.2953625894802365,0,0,552.1545688053608,0.7918182315007676,1.0,3,0,ARRIVED:12;AVOID:1;BLEND:394;VISION:419
12,trial12,near_center,-0.25,-0.029388940215284202,6.460871721778066,0.4690306859454089,-2.7369054591939856,0.0032386025359234633,-0.05803555786629526,0.5348121487124448,-0.04503390795740877,True,-0.04503390795740877,True,False,1,1035.9614254822102,0.08,True,True,True,,True,True,True,True,40.768,0.2833769513908723,0.274102094690457,0.2689072656257269,0.9489383815651724,0.20012342031934427,0.15581854043392504,0.00421940928270037,367,3,704.858908548962,1.0,0.7979688608503904,5,0,ARRIVED:8;BLEND:446;LOST_AVOID:108;REACQUIRE_MEMORY:259;VISION:453
13,trial13,clear,-0.25,0.043659271233115735,-7.686317754017166,0.4211613146704084,-6.638079964500175,0.0,0.35,nan,nan,False,nan,True,False,0,0.0,nan,True,True,True,,True,False,True,True,19.104,0.22114155660030738,0.2210401822720285,0.2210227357543214,0.9994626932729758,0.2001385789153789,0.15581854043392504,-0.0011169024571854314,0,0,79.19893982344266,0.0,0.0,0,0,ARRIVED:9;VISION:588
14,trial14,clear,-0.25,-0.012203394235199998,-6.088767827207185,0.47538334359163525,-3.081142399607039,0.0,0.35,nan,nan,False,nan,True,False,0,0.0,nan,True,True,True,,True,False,True,True,22.368,0.2753778551206962,0.2753465455087295,0.27534108045398054,0.9998664574291948,0.20004226313553755,0.15680473372781065,-0.0007399186089529497,0,0,78.41140200401912,0.0,0.0,0,0,ARRIVED:8;VISION:691
15,trial15,left_conflict,-0.25,-0.05240417691243282,-3.2635650788723822,0.45347498594634167,4.093615540385933,-0.00353923444150075,0.005198607814024772,0.5452767614723443,0.05402635990413458,True,0.08441618735021027,True,True,3,603.7155656229737,0.08,True,True,True,,True,True,True,True,33.6,0.2605620636173844,0.2558029366635899,0.2524233527566053,0.9687647896712619,0.20105163318699257,0.15581854043392504,-0.21556217423678325,161,3,1705.0375769068378,1.0,1.0,0,5,ARRIVED:8;AVOID:7;BLEND:452;LOST_AVOID:47;REACQUIRE_MEMORY:114;VISION:422
16,trial16,near_center,-0.25,0.015287597761182867,0.26241343020497965,0.4675717593977907,0.6482121669918142,-0.015136980929261565,-0.030509973275874267,0.5006835904008932,-0.04952440517512783,True,-0.04952440517512783,True,False,1,1265.4233411792034,0.08,True,True,True,,True,True,True,True,37.28,0.2792557159240371,0.2710555437437539,0.2675368242466366,0.958035266570557,0.20003493515003246,0.15729783037475345,-0.0017825311942959443,309,3,892.1538895503683,1.0,1.0,5,0,ARRIVED:9;BLEND:345;LOST_AVOID:94;REACQUIRE_MEMORY:215;VISION:502
17,trial17,right_conflict,-0.25,-0.03868625301379581,-3.1210230513715587,0.43647088760548247,-9.278227174434544,-0.04178406012520464,-0.15633868463155298,0.5237965638878298,-0.07019954222859841,True,-0.087749427785748,True,True,2,401.95031349745364,0.08,True,True,True,,True,True,True,True,25.632,0.2380203844130953,0.23739550863902942,0.23642602294742424,0.993301575957024,0.2000448646543471,0.15581854043392504,0.0012410027302058868,0,0,503.5159766084164,0.6883318651242902,1.0,3,0,ARRIVED:13;BLEND:324;VISION:464
18,trial18,left_conflict,-0.25,-0.05294364710068367,0.1614568669403873,0.47283028524689347,6.42351311558116,-0.0032787072464236164,0.025734436249562214,0.5374363345809585,0.04986588520130155,True,0.09739430703379207,True,True,4,888.766731346091,0.08,True,True,True,,True,True,True,True,35.904,0.281628355274851,0.2765115349654818,0.2726454892606285,0.9681038295825865,0.20018479598511457,0.15631163708086784,-0.0017937774478876678,172,2,1885.774058785783,1.0,1.0,0,5,ARRIVED:8;AVOID:12;BLEND:360;LOST_AVOID:64;REACQUIRE_MEMORY:108;VISION:570
19,trial19,near_center,-0.25,-0.005898925401306709,-2.2492734636183638,0.4786431977267822,-1.3526018551361685,0.020871643960649718,-0.07941271179575554,0.5744465926878164,-0.05635155310027248,True,-0.05635155310027248,True,False,1,1609.1200293144452,0.08,True,True,True,,True,True,True,True,33.152,0.28433725731802534,0.27947095773143593,0.2767124952018948,0.9731840906532963,0.20193070283069944,0.15680473372781065,0.3169318041682081,113,3,1861.6075430145688,1.0,0.7979688608503904,5,0,ARRIVED:12;AVOID:7;BLEND:424;LOST_AVOID:31;REACQUIRE_MEMORY:82;VISION:480
20,trial20,left_conflict,-0.25,0.025342037962725633,3.0156316276110005,0.42107248643986533,7.833906564090069,-0.03196619488587478,0.12969329598494958,0.5551977954529604,0.06144534634900555,True,0.09600835367032115,True,True,3,452.6943869691956,0.08,False,False,False,timeout_target_not_reached,False,True,True,True,44.992,0.2241299020269516,0.2226167755861361,0.22055948343204762,0.9840698694702743,0.20051300300029123,0.16124260355029585,-0.6772800863464652,0,0,715.6129384435598,1.0,1.0,0,4,AVOID:2;BLEND:810;VISION:594
21,trial21,right_conflict,-0.25,0.04642688788281181,-0.7699093247122537,0.47735760424199186,-5.773543464971915,0.006351092196497392,-0.0660523926287564,0.5603742644770664,-0.0825336340882014,True,-0.0825336340882014,True,False,1,978.6723839244037,0.08,True,True,True,,True,True,True,True,23.584,0.2776862097766963,0.2775595127928842,0.2774845527356138,0.9992737952624847,0.19987305150637794,0.15779092702169625,-0.0013480392156862697,0,0,272.9835205981365,0.19783727786837557,0.7978537229142908,1,0,ARRIVED:8;BLEND:127;VISION:602
22,trial22,clear,-0.25,-0.018907618251321236,-2.7194573937631716,0.4264099951562469,-8.479705690723094,0.0,0.35,nan,nan,False,nan,True,False,0,0.0,nan,True,True,True,,True,False,True,True,19.456,0.22603235494061324,0.22587150442714068,0.2258445114083765,0.9991689529037288,0.20056548374688019,0.15581854043392504,-0.0007446016381236209,0,0,78.15270177835833,0.0,0.0,0,0,ARRIVED:8;VISION:600
23,trial23,left_conflict,-0.25,0.001305086749888107,-6.5832024096946355,0.42922298239881274,9.408079516626628,-0.03394605589359121,0.06441978731988574,0.5099957847245337,0.05239012533675809,True,0.0818595708386845,True,True,3,770.1611776846307,0.08,True,True,True,,True,True,True,True,32.224,0.23810385495178685,0.23320349108920557,0.2293937420902973,0.9634188498827403,0.1998292403056486,0.15779092702169625,-0.03774509803921566,134,2,1917.6601142609293,1.0,0.7979586541209954,0,5,ARRIVED:8;AVOID:7;BLEND:478;LOST_AVOID:40;REACQUIRE_MEMORY:94;VISION:380
24,trial24,clear,-0.25,-0.003037396382367989,7.800143429840498,0.4391367748753722,6.1983201929961815,0.0,0.35,nan,nan,False,nan,True,False,0,0.0,nan,True,True,True,,True,False,True,True,20.224,0.23879791029869168,0.2386991460700679,0.23868226983572602,0.9995157392172276,0.20045450502973802,0.15532544378698224,-6.224712107072428e-05,0,0,78.76609939162145,0.0,0.0,0,0,ARRIVED:9;VISION:623
25,trial25,near_center,-0.25,-0.043540079928412884,-5.324621669225515,0.437136501691579,-0.7697706309156374,-0.004849289491156811,-0.025742288637846215,0.553318396762861,0.04372405894587446,True,0.04372405894587446,True,False,1,843.269603517196,0.08,True,True,True,,True,True,True,True,38.464,0.24895585791778108,0.23844677255146693,0.23182610214456065,0.9311936022856003,0.20531039954687721,0.15680473372781065,-0.5100505611049451,415,3,1184.80640210454,1.0,0.7979586541209954,0,5,ARRIVED:8;BLEND:411;LOST_AVOID:122;REACQUIRE_MEMORY:293;VISION:368
26,trial26,near_center,-0.25,0.05481585314916937,-1.0442994041741418,0.4618593390926621,-4.003648104256338,0.01679669647350774,0.08235544933773283,0.5701708041084275,0.05090805461873014,True,0.05090805461873014,True,False,1,825.2746511925086,0.08,True,True,True,,True,True,True,True,37.344,0.2714017195171684,0.2624433775948859,0.25827203842969304,0.9516227048567214,0.203587300660843,0.15680473372781065,-0.4321124676285608,307,2,680.3307649913428,1.0,1.0,0,4,ARRIVED:8;BLEND:460;LOST_AVOID:97;REACQUIRE_MEMORY:210;VISION:392
27,trial27,near_center,-0.25,0.03726753100640626,4.852547716128974,0.4544010896930534,0.9624755123460993,0.0007358986707042894,0.014498508077648152,0.5438780168343091,-0.048055705782753866,True,-0.06006963222844233,True,True,2,783.8580472485586,0.08,True,True,True,,True,True,True,True,38.528,0.26671929813195505,0.25717534322712854,0.2521985804155968,0.9455580536614401,0.2022025092739449,0.15581854043392504,0.26458178207992056,354,3,809.02764386644,1.0,0.7979688608503904,5,0,ARRIVED:8;BLEND:494;LOST_AVOID:101;REACQUIRE_MEMORY:253;VISION:348
28,trial28,left_conflict,-0.25,-0.04167082279433962,4.956599741157264,0.46352891846866157,11.263847630436413,-0.013580697902031553,0.09007471815261668,0.5691325406959995,0.060461385656809336,True,0.07557673207101166,True,True,2,1068.211989230295,0.08,True,True,True,,True,True,True,True,29.216,0.26673596493351337,0.26509602654339937,0.2626242012509049,0.9845848920911983,0.20090471721694406,0.15779092702169625,-0.16985294117647065,0,0,1279.1787992494324,1.0,1.0,0,4,ARRIVED:20;AVOID:8;BLEND:375;VISION:510
29,trial29,right_conflict,-0.25,-0.050583830414038404,5.437942960533023,0.42671966560193075,-5.01100556905429,-0.03028606958357529,-0.0969204912394391,0.5140671397856621,-0.04797254953823342,True,-0.09369638581686213,True,True,4,1329.2567074296603,0.08,True,True,True,,True,True,True,True,34.944,0.2372223820724606,0.2313063763749161,0.22610850065046825,0.9531499459498828,0.2006111649514624,0.15729783037475345,0.19429590017825316,268,2,1058.2167167847604,1.0,1.0,5,0,ARRIVED:11;AVOID:2;BLEND:467;LOST_AVOID:90;REACQUIRE_MEMORY:178;VISION:344
30,trial30,right_conflict,-0.25,-0.024044999681489203,3.592565032025126,0.44562605148284595,-9.559650584489056,-0.03186746095314275,-0.09718207432821052,0.5039062870086364,-0.050064369646812074,True,-0.0977819719664298,True,True,4,979.8911403084966,0.08,True,True,True,,True,True,True,True,34.912,0.2544305397780938,0.24918159182452493,0.24522395704003977,0.9638149463264758,0.20040209444280607,0.15631163708086784,0.0017937774478875568,156,3,2002.8973254159278,1.0,0.7979586541209954,5,0,ARRIVED:8;AVOID:10;BLEND:413;LOST_AVOID:46;REACQUIRE_MEMORY:110;VISION:504
