heading_column,C1,C2,C3,C4,C5,C6,C7,C8,C9
L1,0.018891152805045608,0.7640276555621855,0.40453477782208636,0.026296676051997883,-0.025556538788801708,0.08225522462013218,-0.0022484189439184953,-0.15179041402597193,-0.7560751311171191
L2,0.018891152805045608,0.7960256283909197,0.35084436006702113,0.0030544785247390797,-0.048791966509861485,0.059013027092873295,0.8583473323165951,-0.20485789707493257,-0.8229836657905291
L3,0.018891152805045608,0.020215704619025,0.35084436006702113,0.23385448406277887,0.6884532099779802,0.059013027092873295,0.8583473323165951,0.4410467841187404,0.07288486457796095
L4,0.018891152805045608,0.035690254591455806,0.2517711509797336,0.0030544785247390797,0.021493235178570824,0.29611344066364126,0.8583473323165951,0.08668930409663746,0.7908502250431978
L5,0.018891152805045608,0.8069464589829203,0.35084436006702113,0.0030544785247390797,-0.048791966509861485,0.08225522462013218,0.9080915595324026,0.28762164703475634,0.8017352353227231
L6,0.018891152805045608,0.8044536176397211,0.3508375902608222,0.0030544785247390797,-0.048791966509861485,0.059013027092873295,0.8583473323165951,0.4906981284313444,0.7713192912013324
L7,0.018891152805045608,0.8379061412262546,0.3508375902608222,0.0030544785247390797,-0.048791966509861485,0.059013027092873295,0.8583473323165951,0.28762164703475634,0.04601988753842623
L8,0.018891152805045608,0.8379061412262546,0.8223007820081029,-0.7520674866788859,-0.8038095608425849,-0.6983038092621615,0.4783244963404775,0.11125554358870876,-0.7906413583887577
R8,0.018891152805045608,0.020215704619025,0.8186269302721565,0.7656731052922954,-0.2163149237796852,0.3570184468425338,0.4783244963404775,0.11125554358870876,-0.7884783800980822
R7,-0.3776307841337203,-0.4912833482024903,0.0020269237639261696,0.0030544785247390797,0.11216408588481432,0.059013027092873295,0.4982410276864502,0.11125554358870876,-0.7906413583887577
R6,-0.8384207429674744,0.020215704619025,0.35084436006702113,0.0030544785247390797,-0.048791966509861485,0.059013027092873295,0.8583473323165951,0.22621136780424844,0.04601988753842623
R5,-0.794098317336749,-0.7499729580453546,-0.061019033850754446,-0.23080000553803975,-0.048791966509861485,0.059013027092873295,0.8726779574534697,0.22621136780424844,0.04601988753842623
R4,0.023857536059230883,0.8052080960015147,0.0020133841515282526,-0.23080000553803975,-0.048791966509861485,0.059013027092873295,0.7681977321320665,0.11125554358870876,0.04601988753842623
R3,0.019859471256038652,0.7966567914697004,0.3305328453132712,-0.23080000553803975,-0.2766986004011939,-0.11083078958023385,0.8583473323165951,0.25370491254735683,0.04601988753842623
R2,0.49221484980389185,0.6514819060307613,0.07874758066938488,0.026296676051997883,-0.048791966509861485,0.006274679995453003,0.103234033261232,0.11125554358870876,-0.7884783800980822
R1,0.7807321621295549,0.7640152025720424,0.35084436006702113,0.026296676051997883,-0.025556538788801708,0.029516877522711885,-0.05401280011745316,-0.15179041402597193,-0.7560751311171191
