trial,seed,scenario,success,timeout,start_x,start_y,goal_x,goal_y,obstacle_x,obstacle_y,initial_heading_deg,start_goal_distance_m,elapsed_s,final_distance_m,path_length_m,path_efficiency,expect_obstacle,obstacle_activated,max_proximity,max_obstacle_blend,blend_steps,avoid_steps,goal_fallback_count,mode_transitions,estimated_min_clearance_m
1,20260924,clear,True,False,0.316315,0.297826,0.094364,-0.255452,-0.017406,0.110543,125.02,0.596136,22.336,0.034992,0.607852,0.980726,False,False,78.15,0.0,0,0,0,GOAL,0.102197
2,20260924,direct,True,False,-0.168673,-0.334005,0.066917,0.203484,-0.023822,-0.016646,-88.1591,0.586853,29.024,0.03423,0.693332,0.846424,True,True,1610.099,1.0,253,36,160,GOAL->BLEND->AVOID->BLEND->GOAL->BLEND->GOAL,0.00588
3,20260924,direct,True,False,0.310476,0.340534,0.357569,-0.332105,0.32,-0.052869,-38.6829,0.674285,29.824,0.034901,0.748246,0.901155,True,True,1975.735,1.0,327,41,0,GOAL->BLEND->AVOID->BLEND->GOAL->BLEND->GOAL->BLEND->GOAL->BLEND->GOAL->BLEND->GOAL->BLEND->GOAL->BLEND->GOAL->BLEND->GOAL->BLEND->GOAL->BLEND->GOAL->BLEND->GOAL->BLEND->GOAL->BLEND->GOAL->BLEND->GOAL,0.004367
4,20260924,offset,True,False,0.053697,-0.281425,0.077734,0.35649,0.010553,0.037745,-46.3435,0.638368,22.688,0.034706,0.638234,1.000209,True,False,245.183,0.0,0,0,49,GOAL,0.025243
5,20260924,clear,True,False,0.310527,0.151337,0.010305,-0.264336,-0.034144,0.084022,-71.1356,0.512755,16.512,0.034077,0.485046,1.057126,False,False,79.016,0.0,0,0,0,GOAL,0.148814
6,20260924,direct,True,False,-0.17302,-0.223898,-0.302838,0.326961,-0.252947,0.103267,1.2106,0.56595,24.224,0.034053,0.60564,0.934466,True,True,2428.172,1.0,254,19,183,GOAL->BLEND->AVOID->BLEND->AVOID->BLEND->GOAL,0.001644
7,20260924,near_wall,True,False,-0.32,0.31,0.32,0.31,-0.007354,0.306698,140.0048,0.64,25.952,0.034477,0.675203,0.947863,True,True,1932.19,1.0,204,20,0,GOAL->BLEND->AVOID->BLEND->AVOID->BLEND->AVOID->BLEND->GOAL->BLEND->GOAL,0.001818
8,20260924,direct,True,False,-0.189345,0.355372,-0.115796,-0.27072,-0.140978,0.049933,-146.333,0.630396,24.448,0.034525,0.649322,0.970853,True,True,2222.727,1.0,167,20,0,GOAL->BLEND->AVOID->BLEND->AVOID->BLEND->AVOID->BLEND->GOAL->BLEND->GOAL->BLEND->AVOID->BLEND->GOAL->BLEND->GOAL,0.001799
9,20260924,direct,True,False,0.345362,0.068293,-0.176784,0.244729,0.094863,0.159671,-32.9445,0.551149,24.8,0.034334,0.607851,0.906718,True,True,2582.246,1.0,199,26,0,GOAL->BLEND->AVOID->BLEND->AVOID->BLEND->AVOID->BLEND->GOAL->BLEND->AVOID->GOAL->BLEND->GOAL,0.001708
10,20260924,direct,True,False,0.23623,-0.157797,-0.315605,-0.215846,-0.019852,-0.198487,144.84,0.55488,21.76,0.034915,0.576096,0.963172,True,True,2242.645,1.0,70,20,0,GOAL->BLEND->AVOID->BLEND->AVOID->BLEND->AVOID->BLEND->GOAL->BLEND->GOAL,0.001875
11,20260924,near_wall,True,False,-0.31,-0.32,-0.31,0.32,-0.319671,-0.065625,-99.2968,0.64,35.52,0.034137,0.800235,0.799766,True,True,2636.211,1.0,346,51,142,GOAL->BLEND->AVOID->BLEND->GOAL->BLEND->AVOID->BLEND->GOAL->BLEND->GOAL,0.001754
12,20260924,offset,True,False,0.352107,0.120894,-0.116784,0.120429,0.121877,0.154138,147.061,0.468892,28.352,0.034815,0.600553,0.780766,True,True,2684.505,1.0,354,68,158,GOAL->BLEND->AVOID->BLEND->GOAL->BLEND->AVOID->BLEND->GOAL,0.001644
13,20260924,clear,True,False,0.25533,0.127295,0.23851,-0.357846,-0.3,0.3,74.1006,0.485432,18.624,0.034795,0.496342,0.978021,False,False,78.642,0.0,0,0,0,GOAL,0.497143
14,20260924,near_wall,True,False,-0.31,0.32,-0.31,-0.32,-0.310668,0.024586,-40.2362,0.64,30.08,0.034233,0.728678,0.878303,True,True,1960.678,1.0,372,42,0,GOAL->BLEND->AVOID->BLEND->GOAL->BLEND->GOAL->BLEND->GOAL->BLEND->GOAL->BLEND->GOAL->BLEND->GOAL,0.004346
15,20260924,direct,True,False,0.313652,0.134344,0.16667,-0.349412,0.230639,-0.131349,-132.989,0.505593,25.376,0.03406,0.593544,0.85182,True,True,1787.806,1.0,362,42,0,GOAL->BLEND->AVOID->BLEND->AVOID->BLEND->GOAL->BLEND->GOAL,0.004748
16,20260924,direct,True,False,0.27582,0.013077,-0.35977,0.002104,-0.041255,0.013161,-147.3428,0.635685,32.8,0.034554,0.763647,0.832433,True,True,2674.627,1.0,315,56,154,GOAL->BLEND->AVOID->BLEND->GOAL->BLEND->GOAL,0.00176
17,20260924,direct,True,False,0.061386,-0.344678,-0.068328,0.255402,-0.001731,0.010963,-46.3888,0.61394,27.808,0.034175,0.683687,0.897984,True,True,2435.496,1.0,258,19,199,GOAL->BLEND->AVOID->BLEND->AVOID->BLEND->AVOID->BLEND->GOAL->BLEND->GOAL,0.001734
18,20260924,offset,True,False,0.168163,-0.314347,-0.306628,0.167154,-0.144257,-0.081936,47.4577,0.676218,23.68,0.0346,0.67143,1.007131,True,True,303.403,0.262559,17,0,44,GOAL->BLEND->GOAL,0.020605
19,20260924,direct,True,False,0.153981,0.291772,-0.252567,-0.148524,0.001171,0.119865,-101.3663,0.599284,25.12,0.034764,0.641309,0.93447,True,True,2178.646,1.0,259,31,0,GOAL->BLEND->AVOID->BLEND->AVOID->BLEND->AVOID->BLEND->AVOID->GOAL->BLEND->GOAL,0.001337
20,20260924,offset,True,False,0.168016,0.357021,-0.151681,0.078442,0.040894,0.187603,-88.0389,0.424043,18.496,0.03415,0.456455,0.928991,True,True,1669.024,1.0,134,36,0,GOAL->BLEND->AVOID->BLEND->AVOID->BLEND->GOAL->BLEND->AVOID->GOAL->BLEND->GOAL,0.003321
21,20260924,offset,True,False,0.08908,0.260631,-0.012282,-0.152782,-0.012504,0.065896,117.6007,0.425658,31.648,0.034944,0.621657,0.684715,True,True,2045.319,1.0,432,49,0,GOAL->BLEND->AVOID->BLEND->AVOID->BLEND->GOAL->BLEND->GOAL->BLEND->GOAL->BLEND->AVOID->BLEND->GOAL->BLEND->GOAL,0.001634
22,20260924,offset,True,False,0.087503,-0.129017,0.28005,0.334359,0.149951,0.142254,58.3341,0.501789,17.632,0.034677,0.490468,1.023081,True,True,1650.36,1.0,112,16,135,GOAL->BLEND->AVOID->BLEND->AVOID->GOAL->BLEND->GOAL,0.00407
23,20260924,direct,True,False,0.026867,0.205013,0.2434,-0.314823,0.143094,-0.073736,60.662,0.56313,29.088,0.034694,0.675526,0.833617,True,True,1894.586,1.0,383,44,0,GOAL->BLEND->AVOID->BLEND->GOAL,0.003722
24,20260924,offset,True,False,-0.23706,0.142653,0.203014,-0.239992,-0.007223,0.024978,31.7448,0.583167,22.08,0.034377,0.592456,0.984321,True,True,697.682,1.0,167,12,0,GOAL->BLEND->AVOID->BLEND->AVOID->BLEND->GOAL,0.010509
25,20260924,near_wall,True,False,-0.31,-0.32,-0.31,0.32,-0.310686,0.013116,-153.7135,0.64,34.144,0.034881,0.781233,0.819218,True,True,2131.299,1.0,360,52,147,GOAL->BLEND->AVOID->BLEND->GOAL->BLEND->GOAL->BLEND->AVOID->BLEND->GOAL,0.001496
26,20260924,direct,True,False,0.162619,0.224328,0.215063,-0.243228,0.18447,0.023541,-67.7361,0.470488,25.568,0.034265,0.568335,0.827836,True,True,2132.626,1.0,400,61,0,GOAL->BLEND->AVOID->BLEND->GOAL->BLEND->AVOID->BLEND->GOAL,0.002239
27,20260924,near_wall,True,False,-0.31,-0.32,-0.31,0.32,-0.32,0.07034,-118.343,0.64,34.496,0.03458,0.785825,0.81443,True,True,2122.539,1.0,349,50,147,GOAL->BLEND->AVOID->BLEND->GOAL->BLEND->GOAL->BLEND->GOAL,0.002443
28,20260924,direct,True,False,-0.089532,-0.280684,0.067476,0.182166,0.011524,-0.013347,-73.4216,0.488754,26.912,0.034673,0.606072,0.806429,True,True,1688.595,1.0,309,37,184,GOAL->BLEND->AVOID->BLEND->GOAL,0.005792
29,20260924,clear,True,False,0.183251,-0.215451,0.264631,0.348321,-0.3,0.3,174.4846,0.569615,19.2,0.03464,0.552292,1.031365,False,False,77.558,0.0,0,0,20,GOAL,0.477235
30,20260924,direct,True,False,0.006407,-0.103348,0.319164,0.323094,0.150807,0.073159,-12.5737,0.528839,25.248,0.034324,0.598768,0.883212,True,True,1979.128,1.0,304,38,122,GOAL->BLEND->AVOID->BLEND->AVOID->BLEND->AVOID->BLEND->GOAL->BLEND->AVOID->BLEND->AVOID->BLEND->AVOID->GOAL->BLEND->GOAL->BLEND->GOAL->BLEND->GOAL,0.001957
