trial,seed,scenario,success,timeout,start_x,start_y,goal_x,goal_y,obstacle_x,obstacle_y,initial_heading_deg,start_goal_distance_m,elapsed_s,final_distance_m,path_length_m,path_efficiency,expect_obstacle,obstacle_activated,neural_active_steps,max_proximity,max_obstacle_blend,max_abs_neural_steering,max_left_dna_spikes,max_right_dna_spikes,blend_steps,avoid_steps,goal_fallback_count,mode_transitions,estimated_min_clearance_m
1,20260924,clear,True,False,0.316315,0.297826,0.094364,-0.255452,-0.017406,0.110543,125.02,0.596136,22.336,0.034992,0.607852,0.980726,False,False,0,77.724,0.0,0.0,0,0,0,0,0,GOAL,0.102197
2,20260924,direct,True,False,-0.168673,-0.334005,0.066917,0.203484,-0.023822,-0.016646,-88.1591,0.586853,24.768,0.034411,0.632225,0.928234,True,True,123,2669.555,1.0,0.797886,0,5,113,34,148,GOAL->BLEND->AVOID->BLEND->GOAL->AVOID->GOAL->AVOID->GOAL->AVOID->GOAL->AVOID->GOAL->AVOID->GOAL->AVOID->GOAL->AVOID->GOAL->BLEND->AVOID->BLEND->GOAL,0.001796
3,20260924,direct,False,True,0.310476,0.340534,0.357569,-0.332105,0.32,-0.052869,-38.6829,0.674285,45.024,0.356399,0.321125,2.099759,True,True,1085,1852.764,1.0,0.46953,5,5,15,1071,0,GOAL->BLEND->AVOID,0.001772
4,20260924,offset,True,False,0.053697,-0.281425,0.077734,0.35649,0.010553,0.037745,-46.3435,0.638368,22.688,0.034695,0.638234,1.00021,True,False,0,129.338,0.0,0.0,0,0,0,0,49,GOAL,0.025236
5,20260924,clear,True,False,0.310527,0.151337,0.010305,-0.264336,-0.034144,0.084022,-71.1356,0.512755,16.512,0.034077,0.485046,1.057126,False,False,0,77.837,0.0,0.0,0,0,0,0,0,GOAL,0.148814
6,20260924,direct,True,False,-0.17302,-0.223898,-0.302838,0.326961,-0.252947,0.103267,1.2106,0.56595,21.344,0.034666,0.577004,0.980842,True,True,104,2333.923,1.0,0.797959,0,5,84,11,92,GOAL->BLEND->AVOID->BLEND->GOAL->BLEND->GOAL,0.00153
7,20260924,near_wall,True,False,-0.32,0.31,0.32,0.31,-0.007354,0.306698,140.0048,0.64,24.544,0.03471,0.658711,0.971594,True,True,144,1970.379,1.0,0.797907,5,0,124,11,0,GOAL->BLEND->AVOID->BLEND->AVOID->BLEND->GOAL->BLEND->GOAL,0.001786
8,20260924,direct,True,False,-0.189345,0.355372,-0.115796,-0.27072,-0.140978,0.049933,-146.333,0.630396,22.784,0.034997,0.629789,1.000964,True,True,140,2350.8,1.0,0.797698,0,5,108,14,0,GOAL->BLEND->AVOID->BLEND->AVOID->BLEND->GOAL->BLEND->GOAL->BLEND->GOAL->AVOID->GOAL,0.00177
9,20260924,direct,True,False,0.345362,0.068293,-0.176784,0.244729,0.094863,0.159671,-32.9445,0.551149,23.552,0.034911,0.58972,0.934594,True,True,173,2668.09,1.0,0.797686,5,0,129,19,0,GOAL->BLEND->AVOID->BLEND->AVOID->BLEND->GOAL->BLEND->GOAL->AVOID->GOAL->AVOID->GOAL->AVOID->GOAL->AVOID->GOAL,0.001484
10,20260924,direct,True,False,0.23623,-0.157797,-0.315605,-0.215846,-0.019852,-0.198487,144.84,0.55488,19.712,0.034429,0.551609,1.005929,True,True,113,2064.056,1.0,0.797864,0,5,95,11,0,GOAL->BLEND->AVOID->BLEND->AVOID->GOAL->BLEND->GOAL,0.001774
11,20260924,near_wall,True,False,-0.31,-0.32,-0.31,0.32,-0.319671,-0.065625,-99.2968,0.64,31.36,0.034646,0.743394,0.860916,True,True,289,2661.725,1.0,0.866545,2,5,200,58,133,GOAL->BLEND->AVOID->BLEND->GOAL->BLEND->GOAL->BLEND->GOAL->BLEND->GOAL->BLEND->GOAL->BLEND->GOAL->AVOID->GOAL->AVOID->GOAL->AVOID->GOAL->AVOID->GOAL->AVOID->GOAL->AVOID->GOAL->AVOID->GOAL->AVOID->GOAL->AVOID->GOAL->AVOID->GOAL->AVOID->GOAL->AVOID->GOAL->AVOID->GOAL->BLEND->AVOID->BLEND->GOAL,0.001789
12,20260924,offset,True,False,0.352107,0.120894,-0.116784,0.120429,0.121877,0.154138,147.061,0.468892,41.504,0.034194,0.542732,0.863947,True,True,810,2661.685,1.0,1.0,5,5,103,695,0,GOAL->BLEND->AVOID->GOAL->BLEND->GOAL,0.001769
13,20260924,clear,True,False,0.25533,0.127295,0.23851,-0.357846,-0.3,0.3,74.1006,0.485432,18.624,0.034795,0.496341,0.978021,False,False,0,80.11,0.0,0.0,0,0,0,0,0,GOAL,0.497143
14,20260924,near_wall,False,True,-0.31,0.32,-0.31,-0.32,-0.310668,0.024586,-40.2362,0.64,45.024,0.30021,0.427232,1.498014,True,True,1100,2669.223,1.0,0.797854,5,5,159,926,0,GOAL->BLEND->AVOID->GOAL->AVOID->GOAL->BLEND->GOAL->BLEND->GOAL,0.001773
15,20260924,direct,True,False,0.313652,0.134344,0.16667,-0.349412,0.230639,-0.131349,-132.989,0.505593,20.32,0.034136,0.528622,0.956435,True,True,188,2578.72,1.0,1.0,0,5,136,29,0,GOAL->BLEND->AVOID->BLEND->AVOID->BLEND->GOAL->AVOID->GOAL->AVOID->GOAL->AVOID->GOAL->AVOID->GOAL->BLEND->GOAL,0.001786
16,20260924,direct,True,False,0.27582,0.013077,-0.35977,0.002104,-0.041255,0.013161,-147.3428,0.635685,26.72,0.034927,0.682679,0.931163,True,True,169,2740.026,1.0,0.797896,2,5,122,38,0,GOAL->BLEND->AVOID->BLEND->GOAL->BLEND->GOAL,0.001638
17,20260924,direct,True,False,0.061386,-0.344678,-0.068328,0.255402,-0.001731,0.010963,-46.3888,0.61394,26.24,0.03448,0.654609,0.937872,True,True,167,2435.212,1.0,0.797959,0,5,152,12,129,GOAL->BLEND->AVOID->BLEND->AVOID->BLEND->GOAL->BLEND->GOAL,0.001756
18,20260924,offset,True,False,0.168163,-0.314347,-0.306628,0.167154,-0.144257,-0.081936,47.4577,0.676218,23.68,0.034514,0.67151,1.007012,True,False,0,147.058,0.0,0.0,0,0,0,0,44,GOAL,0.020601
19,20260924,direct,True,False,0.153981,0.291772,-0.252567,-0.148524,0.001171,0.119865,-101.3663,0.599284,23.904,0.034068,0.622262,0.963074,True,True,190,2532.971,1.0,0.797938,5,0,138,23,0,GOAL->BLEND->AVOID->BLEND->AVOID->BLEND->GOAL->BLEND->GOAL->BLEND->GOAL->BLEND->GOAL->AVOID->GOAL->AVOID->GOAL->AVOID->GOAL->AVOID->GOAL->AVOID->GOAL->AVOID->GOAL->BLEND->AVOID->BLEND->GOAL,0.001351
20,20260924,offset,True,False,0.168016,0.357021,-0.151681,0.078442,0.040894,0.187603,-88.0389,0.424043,16.384,0.034092,0.421433,1.006193,True,True,147,2185.869,1.0,1.0,0,5,94,15,0,GOAL->BLEND->AVOID->BLEND->GOAL->BLEND->GOAL->BLEND->GOAL->BLEND->GOAL->BLEND->GOAL->AVOID->GOAL->AVOID->GOAL->AVOID->GOAL->AVOID->GOAL,0.001671
21,20260924,offset,True,False,0.08908,0.260631,-0.012282,-0.152782,-0.012504,0.065896,117.6007,0.425658,25.792,0.034709,0.54533,0.780551,True,True,324,2516.47,1.0,1.0,1,5,211,40,0,GOAL->BLEND->AVOID->BLEND->GOAL->BLEND->GOAL->BLEND->GOAL->BLEND->GOAL->BLEND->GOAL->BLEND->GOAL->BLEND->GOAL->BLEND->GOAL->BLEND->GOAL->AVOID->GOAL->AVOID->GOAL->AVOID->GOAL->AVOID->GOAL->AVOID->GOAL->AVOID->GOAL->AVOID->GOAL->AVOID->GOAL->AVOID->GOAL->AVOID->GOAL->BLEND->GOAL->BLEND->GOAL->AVOID->GOAL->AVOID->GOAL,0.001775
22,20260924,offset,True,False,0.087503,-0.129017,0.28005,0.334359,0.149951,0.142254,58.3341,0.501789,16.544,0.034676,0.480094,1.045188,True,True,44,1313.794,1.0,0.797917,0,5,40,6,114,GOAL->BLEND->AVOID->GOAL->BLEND->GOAL->BLEND->GOAL,0.001535
23,20260924,direct,True,False,0.026867,0.205013,0.2434,-0.314823,0.143094,-0.073736,60.662,0.56313,24.192,0.034524,0.608455,0.925509,True,True,195,2668.805,1.0,1.0,5,0,117,36,0,GOAL->BLEND->AVOID->BLEND->GOAL->BLEND->GOAL->BLEND->GOAL->AVOID->GOAL->AVOID->GOAL->AVOID->GOAL->AVOID->GOAL->AVOID->GOAL->AVOID->GOAL->AVOID->GOAL->AVOID->GOAL->AVOID->GOAL->AVOID->GOAL->BLEND->AVOID->BLEND->GOAL->BLEND->GOAL,0.001789
24,20260924,offset,True,False,-0.23706,0.142653,0.203014,-0.239992,-0.007223,0.024978,31.7448,0.583167,20.64,0.034929,0.57468,1.014768,True,True,78,1823.213,1.0,0.797788,0,4,54,3,0,GOAL->BLEND->GOAL->BLEND->GOAL->BLEND->GOAL->AVOID->BLEND->AVOID->GOAL->AVOID->GOAL,0.001642
25,20260924,near_wall,True,False,-0.31,-0.32,-0.31,0.32,-0.310686,0.013116,-153.7135,0.64,28.96,0.034865,0.712548,0.898185,True,True,272,2682.879,1.0,0.797948,1,5,185,51,141,GOAL->BLEND->AVOID->BLEND->GOAL->BLEND->GOAL->BLEND->GOAL->BLEND->GOAL->BLEND->GOAL->BLEND->GOAL->AVOID->GOAL->AVOID->GOAL->AVOID->GOAL->AVOID->GOAL->AVOID->GOAL->AVOID->GOAL->AVOID->GOAL->AVOID->GOAL->AVOID->GOAL->AVOID->GOAL->AVOID->GOAL->AVOID->GOAL->AVOID->BLEND->GOAL->BLEND->GOAL,0.001783
26,20260924,direct,True,False,0.162619,0.224328,0.215063,-0.243228,0.18447,0.023541,-67.7361,0.470488,19.776,0.034121,0.49974,0.941466,True,True,243,2665.142,1.0,0.797907,5,1,148,43,0,GOAL->BLEND->AVOID->GOAL->AVOID->GOAL->AVOID->GOAL->AVOID->GOAL->AVOID->GOAL->AVOID->GOAL->BLEND->AVOID->GOAL->BLEND->AVOID->BLEND->GOAL->BLEND->GOAL,0.001789
27,20260924,near_wall,True,False,-0.31,-0.32,-0.31,0.32,-0.32,0.07034,-118.343,0.64,28.928,0.034367,0.71474,0.89543,True,True,228,2654.731,1.0,0.797843,1,5,159,46,142,GOAL->BLEND->AVOID->BLEND->GOAL->AVOID->GOAL->AVOID->GOAL->AVOID->GOAL->AVOID->GOAL->AVOID->GOAL->AVOID->GOAL->AVOID->GOAL->AVOID->GOAL->AVOID->GOAL->AVOID->GOAL->AVOID->BLEND->GOAL,0.001783
28,20260924,direct,True,False,-0.089532,-0.280684,0.067476,0.182166,0.011524,-0.013347,-73.4216,0.488754,22.08,0.034056,0.541946,0.901852,True,True,180,2656.588,1.0,1.0,0,5,131,40,165,GOAL->BLEND->AVOID->GOAL->AVOID->GOAL->AVOID->GOAL->AVOID->GOAL->AVOID->GOAL->AVOID->GOAL->AVOID->GOAL->AVOID->GOAL->AVOID->GOAL->AVOID->GOAL->BLEND->GOAL,0.001796
29,20260924,clear,True,False,0.183251,-0.215451,0.264631,0.348321,-0.3,0.3,174.4846,0.569615,19.2,0.03464,0.552292,1.031365,False,False,0,77.23,0.0,0.0,0,0,0,0,20,GOAL,0.477235
30,20260924,direct,True,False,0.006407,-0.103348,0.319164,0.323094,0.150807,0.073159,-12.5737,0.528839,22.048,0.034234,0.559065,0.945935,True,True,221,2657.443,1.0,1.0,0,5,143,32,120,GOAL->BLEND->AVOID->BLEND->GOAL->BLEND->GOAL->BLEND->GOAL->BLEND->GOAL->BLEND->GOAL->BLEND->GOAL->AVOID->GOAL->AVOID->GOAL->AVOID->GOAL->AVOID->GOAL->AVOID->GOAL->AVOID->GOAL->AVOID->GOAL->AVOID->GOAL->AVOID->GOAL->AVOID->GOAL->AVOID->GOAL->AVOID->GOAL->AVOID->GOAL->AVOID->GOAL->AVOID->GOAL->AVOID->GOAL->BLEND->GOAL,0.001798
