heading_column,column_a,column_b,alpha,drive_a,drive_b,Delta7_spikes,PFL2_spikes,PFL3_spikes,DNa03_spikes,DNa03_L_spikes,DNa03_R_spikes,DNa02_spikes,DNa02_L_spikes,DNa02_R_spikes,DNa02_L_v,DNa02_R_v,left_activity,right_activity,activity_difference,steering
L1,1,2,0.0,1.35,0.03,11,11,10,4,2,2,0,0,0,0.1195693831532578,0.1384605359583034,0.1195693831532578,0.1384605359583034,0.018891152805045608,0.008540173746338375
L1,1,2,0.1,1.2180000000000002,0.162,11,5,8,0,0,0,0,0,0,0.13643191778545102,0.15964841861886897,0.13643191778545102,0.15964841861886897,0.023216500833417947,0.010495415124422954
L1,1,2,0.2,1.086,0.29400000000000004,11,3,4,0,0,0,0,0,0,0.03269746766145139,0.0332858810012153,0.03269746766145139,0.0332858810012153,0.0005884133397639144,0.00026601204616892213
L1,1,2,0.30000000000000004,0.954,0.42600000000000005,11,0,0,0,0,0,0,0,0,0.029999991161806773,0.029999991161806773,0.029999991161806773,0.029999991161806773,0.0,0.0
L1,1,2,0.4,0.8220000000000001,0.558,11,0,0,0,0,0,0,0,0,0.029999991161806773,0.029999991161806773,0.029999991161806773,0.029999991161806773,0.0,0.0
L1,1,2,0.5,0.6900000000000001,0.6900000000000001,11,0,0,0,0,0,0,0,0,0.029999991161806773,0.029999991161806773,0.029999991161806773,0.029999991161806773,0.0,0.0
L1,1,2,0.6000000000000001,0.5579999999999999,0.8220000000000002,11,0,0,0,0,0,0,0,0,0.029999991161806773,0.029999991161806773,0.029999991161806773,0.029999991161806773,0.0,0.0
L1,1,2,0.7000000000000001,0.42599999999999993,0.9540000000000002,11,0,0,0,0,0,0,0,0,0.029999991161806773,0.029999991161806773,0.029999991161806773,0.029999991161806773,0.0,0.0
L1,1,2,0.8,0.29399999999999993,1.086,11,5,10,0,0,0,0,0,0,0.06863146677684835,0.06995539320091082,0.06863146677684835,0.06995539320091082,0.0013239264240624687,0.0005985254233633287
L1,1,2,0.9,0.16199999999999998,1.2180000000000002,11,8,18,6,2,4,2,0,2,0.16450715673413208,0.021214306719702897,0.16450715673413208,0.42121430671970295,0.25670714998557087,0.11553488432188586
L1,1,2,1.0,0.03,1.35,11,12,30,12,5,7,7,0,7,0.5369853027887578,0.35712358059968535,0.5369853027887578,1.7571235805996852,1.2201382778109275,0.5017218378191038
L1,2,3,0.0,1.35,0.03,11,12,30,12,5,7,7,0,7,0.5369853027887578,0.35712358059968535,0.5369853027887578,1.7571235805996852,1.2201382778109275,0.5017218378191038
L1,2,3,0.1,1.2180000000000002,0.162,11,8,18,6,2,4,2,0,2,0.16450715673413208,0.021214306719702897,0.16450715673413208,0.42121430671970295,0.25670714998557087,0.11553488432188586
L1,2,3,0.2,1.086,0.29400000000000004,11,5,10,0,0,0,0,0,0,0.06863146677684835,0.06995539320091082,0.06863146677684835,0.06995539320091082,0.0013239264240624687,0.0005985254233633287
L1,2,3,0.30000000000000004,0.954,0.42600000000000005,11,0,0,0,0,0,0,0,0,0.029999991161806773,0.029999991161806773,0.029999991161806773,0.029999991161806773,0.0,0.0
L1,2,3,0.4,0.8220000000000001,0.558,11,0,0,0,0,0,0,0,0,0.029999991161806773,0.029999991161806773,0.029999991161806773,0.029999991161806773,0.0,0.0
L1,2,3,0.5,0.6900000000000001,0.6900000000000001,11,0,0,0,0,0,0,0,0,0.029999991161806773,0.029999991161806773,0.029999991161806773,0.029999991161806773,0.0,0.0
L1,2,3,0.6000000000000001,0.5579999999999999,0.8220000000000002,11,0,0,0,0,0,0,0,0,0.029999991161806773,0.029999991161806773,0.029999991161806773,0.029999991161806773,0.0,0.0
L1,2,3,0.7000000000000001,0.42599999999999993,0.9540000000000002,11,0,0,0,0,0,0,0,0,0.029999991161806773,0.029999991161806773,0.029999991161806773,0.029999991161806773,0.0,0.0
L1,2,3,0.8,0.29399999999999993,1.086,11,6,10,5,2,3,2,0,2,0.034455919059675336,0.11851800357391647,0.034455919059675336,0.5185180035739165,0.4840620845142412,0.2154088806506626
L1,2,3,0.9,0.16199999999999998,1.2180000000000002,11,12,25,8,4,4,6,2,4,0.021214306719702897,0.021214306719702897,0.42121430671970295,0.821214306719703,0.4,0.17888777819798268
L1,2,3,1.0,0.03,1.35,11,15,37,10,5,5,7,2,5,0.24214986265030883,0.5505380374750264,0.6421498626503088,1.5505380374750264,0.9083881748247176,0.3890392533567139
L1,3,4,0.0,1.35,0.03,11,15,37,10,5,5,7,2,5,0.24214986265030883,0.5505380374750264,0.6421498626503088,1.5505380374750264,0.9083881748247176,0.3890392533567139
L1,3,4,0.1,1.2180000000000002,0.162,11,12,25,8,4,4,6,2,4,0.021214306719702897,0.021214306719702897,0.42121430671970295,0.821214306719703,0.4,0.17888777819798268
L1,3,4,0.2,1.086,0.29400000000000004,11,6,10,5,2,3,2,0,2,0.034455919059675336,0.11851800357391647,0.034455919059675336,0.5185180035739165,0.4840620845142412,0.2154088806506626
L1,3,4,0.30000000000000004,0.954,0.42600000000000005,11,0,0,0,0,0,0,0,0,0.029999991161806773,0.029999991161806773,0.029999991161806773,0.029999991161806773,0.0,0.0
L1,3,4,0.4,0.8220000000000001,0.558,11,0,0,0,0,0,0,0,0,0.029999991161806773,0.029999991161806773,0.029999991161806773,0.029999991161806773,0.0,0.0
L1,3,4,0.5,0.6900000000000001,0.6900000000000001,11,0,0,0,0,0,0,0,0,0.029999991161806773,0.029999991161806773,0.029999991161806773,0.029999991161806773,0.0,0.0
L1,3,4,0.6000000000000001,0.5579999999999999,0.8220000000000002,11,0,0,0,0,0,0,0,0,0.029999991161806773,0.029999991161806773,0.029999991161806773,0.029999991161806773,0.0,0.0
L1,3,4,0.7000000000000001,0.42599999999999993,0.9540000000000002,11,0,0,0,0,0,0,0,0,0.029999991161806773,0.029999991161806773,0.029999991161806773,0.029999991161806773,0.0,0.0
L1,3,4,0.8,0.29399999999999993,1.086,11,10,12,10,5,5,2,2,0,0.09260977565941995,0.11396956342233096,0.49260977565942,0.11396956342233096,-0.37864021223708905,-0.16952449730669797
L1,3,4,0.9,0.16199999999999998,1.2180000000000002,11,16,23,16,8,8,8,4,4,0.021214306719702897,0.021214306719702897,0.821214306719703,0.821214306719703,0.0,0.0
L1,3,4,1.0,0.03,1.35,11,22,32,22,11,11,10,5,5,0.5934851490557708,0.7249685293157602,1.5934851490557707,1.7249685293157602,0.1314833802599895,0.05937157772132227
L1,4,5,0.0,1.35,0.03,11,22,32,22,11,11,10,5,5,0.5934851490557708,0.7249685293157602,1.5934851490557707,1.7249685293157602,0.1314833802599895,0.05937157772132227
L1,4,5,0.1,1.2180000000000002,0.162,11,16,23,16,8,8,8,4,4,0.021214306719702897,0.021214306719702897,0.821214306719703,0.821214306719703,0.0,0.0
L1,4,5,0.2,1.086,0.29400000000000004,11,10,12,10,5,5,2,2,0,0.09260977565941995,0.11396956342233096,0.49260977565942,0.11396956342233096,-0.37864021223708905,-0.16952449730669797
L1,4,5,0.30000000000000004,0.954,0.42600000000000005,11,0,0,0,0,0,0,0,0,0.029999991161806773,0.029999991161806773,0.029999991161806773,0.029999991161806773,0.0,0.0
L1,4,5,0.4,0.8220000000000001,0.558,11,0,0,0,0,0,0,0,0,0.029999991161806773,0.029999991161806773,0.029999991161806773,0.029999991161806773,0.0,0.0
L1,4,5,0.5,0.6900000000000001,0.6900000000000001,11,0,0,0,0,0,0,0,0,0.029999991161806773,0.029999991161806773,0.029999991161806773,0.029999991161806773,0.0,0.0
L1,4,5,0.6000000000000001,0.5579999999999999,0.8220000000000002,11,0,0,0,0,0,0,0,0,0.029999991161806773,0.029999991161806773,0.029999991161806773,0.029999991161806773,0.0,0.0
L1,4,5,0.7000000000000001,0.42599999999999993,0.9540000000000002,11,0,0,0,0,0,0,0,0,0.029999991161806773,0.029999991161806773,0.029999991161806773,0.029999991161806773,0.0,0.0
L1,4,5,0.8,0.29399999999999993,1.086,11,9,6,8,4,4,0,0,0,0.06421757237024127,0.08905424781313145,0.06421757237024127,0.08905424781313145,0.024836675442890185,0.011227783137695232
L1,4,5,0.9,0.16199999999999998,1.2180000000000002,11,14,15,15,7,8,6,2,4,0.15241859675847866,0.021258235186104382,0.5524185967584787,0.8212582351861044,0.2688396384276257,0.12094308848705913
L1,4,5,1.0,0.03,1.35,11,22,26,22,11,11,10,5,5,0.6232243999130034,0.49544170596899484,1.6232243999130034,1.4954417059689948,-0.12778269394400854,-0.05770429124361521
L1,5,6,0.0,1.35,0.03,11,22,26,22,11,11,10,5,5,0.6232243999130034,0.49544170596899484,1.6232243999130034,1.4954417059689948,-0.12778269394400854,-0.05770429124361521
L1,5,6,0.1,1.2180000000000002,0.162,11,14,15,15,7,8,6,2,4,0.15241859675847866,0.021258235186104382,0.5524185967584787,0.8212582351861044,0.2688396384276257,0.12094308848705913
L1,5,6,0.2,1.086,0.29400000000000004,11,9,6,8,4,4,0,0,0,0.06421757237024127,0.08905424781313145,0.06421757237024127,0.08905424781313145,0.024836675442890185,0.011227783137695232
L1,5,6,0.30000000000000004,0.954,0.42600000000000005,11,0,0,0,0,0,0,0,0,0.029999991161806773,0.029999991161806773,0.029999991161806773,0.029999991161806773,0.0,0.0
L1,5,6,0.4,0.8220000000000001,0.558,11,0,0,0,0,0,0,0,0,0.029999991161806773,0.029999991161806773,0.029999991161806773,0.029999991161806773,0.0,0.0
L1,5,6,0.5,0.6900000000000001,0.6900000000000001,11,0,0,0,0,0,0,0,0,0.029999991161806773,0.029999991161806773,0.029999991161806773,0.029999991161806773,0.0,0.0
L1,5,6,0.6000000000000001,0.5579999999999999,0.8220000000000002,11,0,0,0,0,0,0,0,0,0.029999991161806773,0.029999991161806773,0.029999991161806773,0.029999991161806773,0.0,0.0
L1,5,6,0.7000000000000001,0.42599999999999993,0.9540000000000002,11,0,0,0,0,0,0,0,0,0.029999991161806773,0.029999991161806773,0.029999991161806773,0.029999991161806773,0.0,0.0
L1,5,6,0.8,0.29399999999999993,1.086,11,10,6,10,5,5,0,0,0,0.06330292594694843,0.07768564071484921,0.06330292594694843,0.07768564071484921,0.014382714767900776,0.006502098607687357
L1,5,6,0.9,0.16199999999999998,1.2180000000000002,11,16,17,16,8,8,6,4,2,0.021214306719702897,0.2531592556562058,0.821214306719703,0.6531592556562058,-0.16805505106349716,-0.07582909756717811
L1,5,6,1.0,0.03,1.35,11,22,26,22,11,11,10,5,5,0.28219036605145864,0.6934664891521195,1.2821903660514586,1.6934664891521196,0.411276123100661,0.1838178582588432
L1,6,7,0.0,1.35,0.03,11,22,26,22,11,11,10,5,5,0.28219036605145864,0.6934664891521195,1.2821903660514586,1.6934664891521196,0.411276123100661,0.1838178582588432
L1,6,7,0.1,1.2180000000000002,0.162,11,16,17,16,8,8,6,4,2,0.021214306719702897,0.2531592556562058,0.821214306719703,0.6531592556562058,-0.16805505106349716,-0.07582909756717811
L1,6,7,0.2,1.086,0.29400000000000004,11,10,6,10,5,5,0,0,0,0.06330292594694843,0.07768564071484921,0.06330292594694843,0.07768564071484921,0.014382714767900776,0.006502098607687357
L1,6,7,0.30000000000000004,0.954,0.42600000000000005,11,0,0,0,0,0,0,0,0,0.029999991161806773,0.029999991161806773,0.029999991161806773,0.029999991161806773,0.0,0.0
L1,6,7,0.4,0.8220000000000001,0.558,11,0,0,0,0,0,0,0,0,0.029999991161806773,0.029999991161806773,0.029999991161806773,0.029999991161806773,0.0,0.0
L1,6,7,0.5,0.6900000000000001,0.6900000000000001,11,0,0,0,0,0,0,0,0,0.029999991161806773,0.029999991161806773,0.029999991161806773,0.029999991161806773,0.0,0.0
L1,6,7,0.6000000000000001,0.5579999999999999,0.8220000000000002,11,0,0,0,0,0,0,0,0,0.029999991161806773,0.029999991161806773,0.029999991161806773,0.029999991161806773,0.0,0.0
L1,6,7,0.7000000000000001,0.42599999999999993,0.9540000000000002,11,0,0,0,0,0,0,0,0,0.029999991161806773,0.029999991161806773,0.029999991161806773,0.029999991161806773,0.0,0.0
L1,6,7,0.8,0.29399999999999993,1.086,11,10,7,7,4,3,0,0,0,0.09311057670731575,0.08723713651029134,0.09311057670731575,0.08723713651029134,-0.005873440197024404,-0.0026552800628446786
L1,6,7,0.9,0.16199999999999998,1.2180000000000002,11,18,18,14,7,7,3,2,1,0.021214306719702897,0.22977857681008707,0.42121430671970295,0.4297785768100871,0.00856427009038413,0.003871747165975151
L1,6,7,1.0,0.03,1.35,11,27,32,22,11,11,10,5,5,0.5506424548267846,0.5394003601071922,1.5506424548267845,1.5394003601071922,-0.011242094719592366,-0.00508232349498853
L1,7,8,0.0,1.35,0.03,11,27,32,22,11,11,10,5,5,0.5506424548267846,0.5394003601071922,1.5506424548267845,1.5394003601071922,-0.011242094719592366,-0.00508232349498853
L1,7,8,0.1,1.2180000000000002,0.162,11,18,18,14,7,7,3,2,1,0.021214306719702897,0.22977857681008707,0.42121430671970295,0.4297785768100871,0.00856427009038413,0.003871747165975151
L1,7,8,0.2,1.086,0.29400000000000004,11,10,7,7,4,3,0,0,0,0.09311057670731575,0.08723713651029134,0.09311057670731575,0.08723713651029134,-0.005873440197024404,-0.0026552800628446786
L1,7,8,0.30000000000000004,0.954,0.42600000000000005,11,0,0,0,0,0,0,0,0,0.029999991161806773,0.029999991161806773,0.029999991161806773,0.029999991161806773,0.0,0.0
L1,7,8,0.4,0.8220000000000001,0.558,11,0,0,0,0,0,0,0,0,0.029999991161806773,0.029999991161806773,0.029999991161806773,0.029999991161806773,0.0,0.0
L1,7,8,0.5,0.6900000000000001,0.6900000000000001,11,0,0,0,0,0,0,0,0,0.029999991161806773,0.029999991161806773,0.029999991161806773,0.029999991161806773,0.0,0.0
L1,7,8,0.6000000000000001,0.5579999999999999,0.8220000000000002,11,0,0,0,0,0,0,0,0,0.029999991161806773,0.029999991161806773,0.029999991161806773,0.029999991161806773,0.0,0.0
L1,7,8,0.7000000000000001,0.42599999999999993,0.9540000000000002,11,0,0,0,0,0,0,0,0,0.029999991161806773,0.029999991161806773,0.029999991161806773,0.029999991161806773,0.0,0.0
L1,7,8,0.8,0.29399999999999993,1.086,11,5,8,0,0,0,0,0,0,0.06771796032040762,0.04482389553972037,0.06771796032040762,0.04482389553972037,-0.022894064780687257,-0.010349662890609498
L1,7,8,0.9,0.16199999999999998,1.2180000000000002,11,8,19,4,4,0,4,4,0,0.021258235186104382,0.18771753545650005,0.8212582351861044,0.18771753545650005,-0.6335406997296044,-0.27883037127486454
L1,7,8,1.0,0.03,1.35,11,11,32,8,5,3,8,5,3,0.3384599818744356,0.5795079117445759,1.3384599818744356,1.179507911744576,-0.15895207012985968,-0.07173619780311442
L1,8,9,0.0,1.35,0.03,11,11,32,8,5,3,8,5,3,0.3384599818744356,0.5795079117445759,1.3384599818744356,1.179507911744576,-0.15895207012985968,-0.07173619780311442
L1,8,9,0.1,1.2180000000000002,0.162,11,8,19,4,4,0,4,4,0,0.021258235186104382,0.18771753545650005,0.8212582351861044,0.18771753545650005,-0.6335406997296044,-0.27883037127486454
L1,8,9,0.2,1.086,0.29400000000000004,11,5,8,0,0,0,0,0,0,0.06771796032040762,0.04482389553972037,0.06771796032040762,0.04482389553972037,-0.022894064780687257,-0.010349662890609498
L1,8,9,0.30000000000000004,0.954,0.42600000000000005,11,0,0,0,0,0,0,0,0,0.029999991161806773,0.029999991161806773,0.029999991161806773,0.029999991161806773,0.0,0.0
L1,8,9,0.4,0.8220000000000001,0.558,11,0,0,0,0,0,0,0,0,0.029999991161806773,0.029999991161806773,0.029999991161806773,0.029999991161806773,0.0,0.0
L1,8,9,0.5,0.6900000000000001,0.6900000000000001,11,0,0,0,0,0,0,0,0,0.029999991161806773,0.029999991161806773,0.029999991161806773,0.029999991161806773,0.0,0.0
L1,8,9,0.6000000000000001,0.5579999999999999,0.8220000000000002,11,0,0,0,0,0,0,0,0,0.029999991161806773,0.029999991161806773,0.029999991161806773,0.029999991161806773,0.0,0.0
L1,8,9,0.7000000000000001,0.42599999999999993,0.9540000000000002,11,0,0,0,0,0,0,0,0,0.029999991161806773,0.029999991161806773,0.029999991161806773,0.029999991161806773,0.0,0.0
L1,8,9,0.8,0.29399999999999993,1.086,11,3,10,0,0,0,0,0,0,0.06268174407697868,0.06629574083128263,0.06268174407697868,0.06629574083128263,0.003613996754303947,0.001633827402859431
L1,8,9,0.9,0.16199999999999998,1.2180000000000002,11,5,19,3,3,0,2,2,0,0.17784279009443066,0.15376658690108794,0.5778427900944307,0.15376658690108794,-0.4240762031933428,-0.1894030348676455
L1,8,9,1.0,0.03,1.35,11,11,27,10,5,5,5,5,0,0.2963402267493631,0.5159645711637679,1.2963402267493631,0.5159645711637679,-0.7803756555855952,-0.3388520281849866
L5,1,2,0.0,1.35,0.03,69,11,10,4,2,2,0,0,0,0.1195693831532578,0.1384605359583034,0.1195693831532578,0.1384605359583034,0.018891152805045608,0.008540173746338375
L5,1,2,0.1,1.2180000000000002,0.162,69,8,4,0,0,0,0,0,0,0.033294391824047836,0.034117249810682745,0.033294391824047836,0.034117249810682745,0.0008228579866349089,0.0003720006277986176
L5,1,2,0.2,1.086,0.29400000000000004,69,5,1,0,0,0,0,0,0,0.03001678704281076,0.029999991161806773,0.03001678704281076,0.029999991161806773,-1.6795881003988516e-05,-7.59314324888368e-06
L5,1,2,0.30000000000000004,0.954,0.42600000000000005,69,0,0,0,0,0,0,0,0,0.029999991161806773,0.029999991161806773,0.029999991161806773,0.029999991161806773,0.0,0.0
L5,1,2,0.4,0.8220000000000001,0.558,69,0,0,0,0,0,0,0,0,0.029999991161806773,0.029999991161806773,0.029999991161806773,0.029999991161806773,0.0,0.0
L5,1,2,0.5,0.6900000000000001,0.6900000000000001,69,0,0,0,0,0,0,0,0,0.029999991161806773,0.029999991161806773,0.029999991161806773,0.029999991161806773,0.0,0.0
L5,1,2,0.6000000000000001,0.5579999999999999,0.8220000000000002,69,0,0,0,0,0,0,0,0,0.029999991161806773,0.029999991161806773,0.029999991161806773,0.029999991161806773,0.0,0.0
L5,1,2,0.7000000000000001,0.42599999999999993,0.9540000000000002,69,0,0,0,0,0,0,0,0,0.029999991161806773,0.029999991161806773,0.029999991161806773,0.029999991161806773,0.0,0.0
L5,1,2,0.8,0.29399999999999993,1.086,69,5,7,0,0,0,0,0,0,0.06863146677684835,0.030231962140909285,0.06863146677684835,0.030231962140909285,-0.038399504635939066,-0.017358044699234083
L5,1,2,0.9,0.16199999999999998,1.2180000000000002,69,8,11,2,2,0,0,0,0,0.16450715673413208,0.033579730026378735,0.16450715673413208,0.033579730026378735,-0.13092742670775334,-0.05912112243689472
L5,1,2,1.0,0.03,1.35,69,14,23,14,7,7,1,0,1,0.7463878669654325,0.7811201618800339,0.7463878669654325,0.9811201618800338,0.23473229491460135,0.10572207986816923
L5,2,3,0.0,1.35,0.03,69,14,23,14,7,7,1,0,1,0.7463878669654325,0.7811201618800339,0.7463878669654325,0.9811201618800338,0.23473229491460135,0.10572207986816923
L5,2,3,0.1,1.2180000000000002,0.162,69,8,11,2,2,0,0,0,0,0.16450715673413208,0.033579730026378735,0.16450715673413208,0.033579730026378735,-0.13092742670775334,-0.05912112243689472
L5,2,3,0.2,1.086,0.29400000000000004,69,5,7,0,0,0,0,0,0,0.06863146677684835,0.030231962140909285,0.06863146677684835,0.030231962140909285,-0.038399504635939066,-0.017358044699234083
L5,2,3,0.30000000000000004,0.954,0.42600000000000005,69,0,0,0,0,0,0,0,0,0.029999991161806773,0.029999991161806773,0.029999991161806773,0.029999991161806773,0.0,0.0
L5,2,3,0.4,0.8220000000000001,0.558,69,0,0,0,0,0,0,0,0,0.029999991161806773,0.029999991161806773,0.029999991161806773,0.029999991161806773,0.0,0.0
L5,2,3,0.5,0.6900000000000001,0.6900000000000001,69,0,0,0,0,0,0,0,0,0.029999991161806773,0.029999991161806773,0.029999991161806773,0.029999991161806773,0.0,0.0
L5,2,3,0.6000000000000001,0.5579999999999999,0.8220000000000002,69,0,0,0,0,0,0,0,0,0.029999991161806773,0.029999991161806773,0.029999991161806773,0.029999991161806773,0.0,0.0
L5,2,3,0.7000000000000001,0.42599999999999993,0.9540000000000002,69,0,0,0,0,0,0,0,0,0.029999991161806773,0.029999991161806773,0.029999991161806773,0.029999991161806773,0.0,0.0
L5,2,3,0.8,0.29399999999999993,1.086,69,2,4,1,0,1,0,0,0,0.03218302100919464,0.03045172309535016,0.03218302100919464,0.03045172309535016,-0.001731297913844479,-0.0007826913264632096
L5,2,3,0.9,0.16199999999999998,1.2180000000000002,69,7,11,4,3,1,1,1,0,0.22784260893150637,0.03701325295781047,0.4278426089315064,0.03701325295781047,-0.3908293559736959,-0.17487159656361984
L5,2,3,1.0,0.03,1.35,69,14,31,10,5,5,7,2,5,0.24214986265030883,0.2820859486997002,0.6421498626503088,1.2820859486997003,0.6399360860493915,0.28149468140279543
L5,3,4,0.0,1.35,0.03,69,14,31,10,5,5,7,2,5,0.24214986265030883,0.2820859486997002,0.6421498626503088,1.2820859486997003,0.6399360860493915,0.28149468140279543
L5,3,4,0.1,1.2180000000000002,0.162,69,7,11,4,3,1,1,1,0,0.22784260893150637,0.03701325295781047,0.4278426089315064,0.03701325295781047,-0.3908293559736959,-0.17487159656361984
L5,3,4,0.2,1.086,0.29400000000000004,69,2,4,1,0,1,0,0,0,0.03218302100919464,0.03045172309535016,0.03218302100919464,0.03045172309535016,-0.001731297913844479,-0.0007826913264632096
L5,3,4,0.30000000000000004,0.954,0.42600000000000005,69,0,0,0,0,0,0,0,0,0.029999991161806773,0.029999991161806773,0.029999991161806773,0.029999991161806773,0.0,0.0
L5,3,4,0.4,0.8220000000000001,0.558,69,0,0,0,0,0,0,0,0,0.029999991161806773,0.029999991161806773,0.029999991161806773,0.029999991161806773,0.0,0.0
L5,3,4,0.5,0.6900000000000001,0.6900000000000001,69,0,0,0,0,0,0,0,0,0.029999991161806773,0.029999991161806773,0.029999991161806773,0.029999991161806773,0.0,0.0
L5,3,4,0.6000000000000001,0.5579999999999999,0.8220000000000002,69,0,0,0,0,0,0,0,0,0.029999991161806773,0.029999991161806773,0.029999991161806773,0.029999991161806773,0.0,0.0
L5,3,4,0.7000000000000001,0.42599999999999993,0.9540000000000002,69,0,0,0,0,0,0,0,0,0.029999991161806773,0.029999991161806773,0.029999991161806773,0.029999991161806773,0.0,0.0
L5,3,4,0.8,0.29399999999999993,1.086,69,3,12,2,1,1,0,0,0,0.07024550991922421,0.06908032383198219,0.07024550991922421,0.06908032383198219,-0.0011651860872420178,-0.0005267615346752467
L5,3,4,0.9,0.16199999999999998,1.2180000000000002,69,5,18,4,2,2,3,1,2,0.26705544459358954,0.029720709868520708,0.46705544459358955,0.42972070986852073,-0.03733473472506882,-0.016876820680123927
L5,3,4,1.0,0.03,1.35,69,16,32,10,5,5,10,5,5,0.3345249768053443,0.3497973694290397,1.3345249768053442,1.3497973694290397,0.015272392623695508,0.006904289345431059
L5,4,5,0.0,1.35,0.03,69,16,32,10,5,5,10,5,5,0.3345249768053443,0.3497973694290397,1.3345249768053442,1.3497973694290397,0.015272392623695508,0.006904289345431059
L5,4,5,0.1,1.2180000000000002,0.162,69,5,18,4,2,2,3,1,2,0.26705544459358954,0.029720709868520708,0.46705544459358955,0.42972070986852073,-0.03733473472506882,-0.016876820680123927
L5,4,5,0.2,1.086,0.29400000000000004,69,3,12,2,1,1,0,0,0,0.07024550991922421,0.06908032383198219,0.07024550991922421,0.06908032383198219,-0.0011651860872420178,-0.0005267615346752467
L5,4,5,0.30000000000000004,0.954,0.42600000000000005,69,0,0,0,0,0,0,0,0,0.029999991161806773,0.029999991161806773,0.029999991161806773,0.029999991161806773,0.0,0.0
L5,4,5,0.4,0.8220000000000001,0.558,69,0,0,0,0,0,0,0,0,0.029999991161806773,0.029999991161806773,0.029999991161806773,0.029999991161806773,0.0,0.0
L5,4,5,0.5,0.6900000000000001,0.6900000000000001,69,0,0,0,0,0,0,0,0,0.029999991161806773,0.029999991161806773,0.029999991161806773,0.029999991161806773,0.0,0.0
L5,4,5,0.6000000000000001,0.5579999999999999,0.8220000000000002,69,0,0,0,0,0,0,0,0,0.029999991161806773,0.029999991161806773,0.029999991161806773,0.029999991161806773,0.0,0.0
L5,4,5,0.7000000000000001,0.42599999999999993,0.9540000000000002,69,0,0,0,0,0,0,0,0,0.029999991161806773,0.029999991161806773,0.029999991161806773,0.029999991161806773,0.0,0.0
L5,4,5,0.8,0.29399999999999993,1.086,69,3,5,0,0,0,0,0,0,0.07080987979902136,0.04076061451967656,0.07080987979902136,0.04076061451967656,-0.030049265279344796,-0.013583946022248064
L5,4,5,0.9,0.16199999999999998,1.2180000000000002,69,5,17,4,2,2,1,0,1,0.19157248214748024,0.14755471764188122,0.19157248214748024,0.34755471764188123,0.155982235494401,0.07040036545420965
L5,4,5,1.0,0.03,1.35,69,16,26,10,5,5,10,5,5,0.36426422766257677,0.12030439511326933,1.3642642276625767,1.1203043951132694,-0.2439598325493073,-0.10984522959138093
L5,5,6,0.0,1.35,0.03,69,16,26,10,5,5,10,5,5,0.36426422766257677,0.12030439511326933,1.3642642276625767,1.1203043951132694,-0.2439598325493073,-0.10984522959138093
L5,5,6,0.1,1.2180000000000002,0.162,69,5,17,4,2,2,1,0,1,0.19157248214748024,0.14755471764188122,0.19157248214748024,0.34755471764188123,0.155982235494401,0.07040036545420965
L5,5,6,0.2,1.086,0.29400000000000004,69,3,5,0,0,0,0,0,0,0.07080987979902136,0.04076061451967656,0.07080987979902136,0.04076061451967656,-0.030049265279344796,-0.013583946022248064
L5,5,6,0.30000000000000004,0.954,0.42600000000000005,69,0,0,0,0,0,0,0,0,0.029999991161806773,0.029999991161806773,0.029999991161806773,0.029999991161806773,0.0,0.0
L5,5,6,0.4,0.8220000000000001,0.558,69,0,0,0,0,0,0,0,0,0.029999991161806773,0.029999991161806773,0.029999991161806773,0.029999991161806773,0.0,0.0
L5,5,6,0.5,0.6900000000000001,0.6900000000000001,69,0,0,0,0,0,0,0,0,0.029999991161806773,0.029999991161806773,0.029999991161806773,0.029999991161806773,0.0,0.0
L5,5,6,0.6000000000000001,0.5579999999999999,0.8220000000000002,69,0,0,0,0,0,0,0,0,0.029999991161806773,0.029999991161806773,0.029999991161806773,0.029999991161806773,0.0,0.0
L5,5,6,0.7000000000000001,0.42599999999999993,0.9540000000000002,69,0,0,0,0,0,0,0,0,0.029999991161806773,0.029999991161806773,0.029999991161806773,0.029999991161806773,0.0,0.0
L5,5,6,0.8,0.29399999999999993,1.086,69,4,7,3,2,1,1,1,0,0.029981909203946232,0.06531062748711489,0.22998190920394623,0.06531062748711489,-0.16467128171683135,-0.07430797161885823
L5,5,6,0.9,0.16199999999999998,1.2180000000000002,69,6,17,6,3,3,3,1,2,0.13921819199031166,0.14629522743341253,0.33921819199031167,0.5462952274334125,0.20707703544310085,0.09334361468154904
L5,5,6,1.0,0.03,1.35,69,22,26,22,11,11,10,5,5,0.28219036605145864,0.6934664891521195,1.2821903660514586,1.6934664891521196,0.411276123100661,0.1838178582588432
L5,6,7,0.0,1.35,0.03,69,22,26,22,11,11,10,5,5,0.28219036605145864,0.6934664891521195,1.2821903660514586,1.6934664891521196,0.411276123100661,0.1838178582588432
L5,6,7,0.1,1.2180000000000002,0.162,69,6,17,6,3,3,3,1,2,0.13921819199031166,0.14629522743341253,0.33921819199031167,0.5462952274334125,0.20707703544310085,0.09334361468154904
L5,6,7,0.2,1.086,0.29400000000000004,69,4,7,3,2,1,1,1,0,0.029981909203946232,0.06531062748711489,0.22998190920394623,0.06531062748711489,-0.16467128171683135,-0.07430797161885823
L5,6,7,0.30000000000000004,0.954,0.42600000000000005,69,0,0,0,0,0,0,0,0,0.029999991161806773,0.029999991161806773,0.029999991161806773,0.029999991161806773,0.0,0.0
L5,6,7,0.4,0.8220000000000001,0.558,69,0,0,0,0,0,0,0,0,0.029999991161806773,0.029999991161806773,0.029999991161806773,0.029999991161806773,0.0,0.0
L5,6,7,0.5,0.6900000000000001,0.6900000000000001,69,0,0,0,0,0,0,0,0,0.029999991161806773,0.029999991161806773,0.029999991161806773,0.029999991161806773,0.0,0.0
L5,6,7,0.6000000000000001,0.5579999999999999,0.8220000000000002,69,0,0,0,0,0,0,0,0,0.029999991161806773,0.029999991161806773,0.029999991161806773,0.029999991161806773,0.0,0.0
L5,6,7,0.7000000000000001,0.42599999999999993,0.9540000000000002,69,0,0,0,0,0,0,0,0,0.029999991161806773,0.029999991161806773,0.029999991161806773,0.029999991161806773,0.0,0.0
L5,6,7,0.8,0.29399999999999993,1.086,69,7,9,3,0,3,0,0,0,0.029999991161806773,0.11907656847470775,0.029999991161806773,0.11907656847470775,0.08907657731290097,0.040248310268894666
L5,6,7,0.9,0.16199999999999998,1.2180000000000002,69,8,16,5,2,3,0,0,0,0.0356534723249035,0.22896509756487254,0.0356534723249035,0.22896509756487254,0.19331162523996903,0.08717121415612378
L5,6,7,1.0,0.03,1.35,69,22,32,16,5,11,5,0,5,0.2476636985242167,0.7881214961862294,0.2476636985242167,1.7881214961862293,1.5404577976620126,0.602087807635967
L5,7,8,0.0,1.35,0.03,69,22,32,16,5,11,5,0,5,0.2476636985242167,0.7881214961862294,0.2476636985242167,1.7881214961862293,1.5404577976620126,0.602087807635967
L5,7,8,0.1,1.2180000000000002,0.162,69,8,16,5,2,3,0,0,0,0.0356534723249035,0.22896509756487254,0.0356534723249035,0.22896509756487254,0.19331162523996903,0.08717121415612378
L5,7,8,0.2,1.086,0.29400000000000004,69,7,9,3,0,3,0,0,0,0.029999991161806773,0.11907656847470775,0.029999991161806773,0.11907656847470775,0.08907657731290097,0.040248310268894666
L5,7,8,0.30000000000000004,0.954,0.42600000000000005,69,0,0,0,0,0,0,0,0,0.029999991161806773,0.029999991161806773,0.029999991161806773,0.029999991161806773,0.0,0.0
L5,7,8,0.4,0.8220000000000001,0.558,69,0,0,0,0,0,0,0,0,0.029999991161806773,0.029999991161806773,0.029999991161806773,0.029999991161806773,0.0,0.0
L5,7,8,0.5,0.6900000000000001,0.6900000000000001,69,0,0,0,0,0,0,0,0,0.029999991161806773,0.029999991161806773,0.029999991161806773,0.029999991161806773,0.0,0.0
L5,7,8,0.6000000000000001,0.5579999999999999,0.8220000000000002,69,0,0,0,0,0,0,0,0,0.029999991161806773,0.029999991161806773,0.029999991161806773,0.029999991161806773,0.0,0.0
L5,7,8,0.7000000000000001,0.42599999999999993,0.9540000000000002,69,0,0,0,0,0,0,0,0,0.029999991161806773,0.029999991161806773,0.029999991161806773,0.029999991161806773,0.0,0.0
L5,7,8,0.8,0.29399999999999993,1.086,69,5,5,0,0,0,0,0,0,0.029999991161806773,0.0824222280596099,0.029999991161806773,0.0824222280596099,0.05242223689780313,0.023694800458988082
L5,7,8,0.9,0.16199999999999998,1.2180000000000002,69,8,12,2,0,2,2,0,2,0.033378665560834075,0.17513660844837525,0.033378665560834075,0.5751366084483753,0.5417579428875412,0.24013739476103876
L5,7,8,1.0,0.03,1.35,69,14,27,14,7,7,8,3,5,0.023230193801032206,0.4613384289748139,0.6232301938010322,1.461338428974814,0.8381082351737817,0.3617474820766832
L5,8,9,0.0,1.35,0.03,69,14,27,14,7,7,8,3,5,0.023230193801032206,0.4613384289748139,0.6232301938010322,1.461338428974814,0.8381082351737817,0.3617474820766832
L5,8,9,0.1,1.2180000000000002,0.162,69,8,12,2,0,2,2,0,2,0.033378665560834075,0.17513660844837525,0.033378665560834075,0.5751366084483753,0.5417579428875412,0.24013739476103876
L5,8,9,0.2,1.086,0.29400000000000004,69,5,5,0,0,0,0,0,0,0.029999991161806773,0.0824222280596099,0.029999991161806773,0.0824222280596099,0.05242223689780313,0.023694800458988082
L5,8,9,0.30000000000000004,0.954,0.42600000000000005,69,0,0,0,0,0,0,0,0,0.029999991161806773,0.029999991161806773,0.029999991161806773,0.029999991161806773,0.0,0.0
L5,8,9,0.4,0.8220000000000001,0.558,69,0,0,0,0,0,0,0,0,0.029999991161806773,0.029999991161806773,0.029999991161806773,0.029999991161806773,0.0,0.0
L5,8,9,0.5,0.6900000000000001,0.6900000000000001,69,0,0,0,0,0,0,0,0,0.029999991161806773,0.029999991161806773,0.029999991161806773,0.029999991161806773,0.0,0.0
L5,8,9,0.6000000000000001,0.5579999999999999,0.8220000000000002,69,0,0,0,0,0,0,0,0,0.029999991161806773,0.029999991161806773,0.029999991161806773,0.029999991161806773,0.0,0.0
L5,8,9,0.7000000000000001,0.42599999999999993,0.9540000000000002,69,0,0,0,0,0,0,0,0,0.029999991161806773,0.029999991161806773,0.029999991161806773,0.029999991161806773,0.0,0.0
L5,8,9,0.8,0.29399999999999993,1.086,69,5,5,0,0,0,0,0,0,0.030189733170036336,0.03285630468719116,0.030189733170036336,0.03285630468719116,0.0026665715171548254,0.0012055128099769173
L5,8,9,0.9,0.16199999999999998,1.2180000000000002,69,8,9,2,2,0,0,0,0,0.035703926648285214,0.051490463636334444,0.035703926648285214,0.051490463636334444,0.01578653698804923,0.007136714150888942
L5,8,9,1.0,0.03,1.35,69,14,22,14,7,7,3,0,3,0.6793472478020163,0.6880234244156312,0.6793472478020163,1.2880234244156312,0.608676176613615,0.26843130605858406
R5,1,2,0.0,1.35,0.03,101,11,12,4,2,2,2,2,0,0.10895212264204802,0.1384605359583034,0.508952122642048,0.1384605359583034,-0.3704915866837446,-0.16594428605792094
R5,1,2,0.1,1.2180000000000002,0.162,101,8,2,0,0,0,0,0,0,0.033294391824047836,0.029999991161806773,0.033294391824047836,0.029999991161806773,-0.0032944006622410635,-0.0014893435864794973
R5,1,2,0.2,1.086,0.29400000000000004,101,5,0,0,0,0,0,0,0,0.029999991161806773,0.029999991161806773,0.029999991161806773,0.029999991161806773,0.0,0.0
R5,1,2,0.30000000000000004,0.954,0.42600000000000005,101,0,0,0,0,0,0,0,0,0.029999991161806773,0.029999991161806773,0.029999991161806773,0.029999991161806773,0.0,0.0
R5,1,2,0.4,0.8220000000000001,0.558,101,0,0,0,0,0,0,0,0,0.029999991161806773,0.029999991161806773,0.029999991161806773,0.029999991161806773,0.0,0.0
R5,1,2,0.5,0.6900000000000001,0.6900000000000001,101,0,0,0,0,0,0,0,0,0.029999991161806773,0.029999991161806773,0.029999991161806773,0.029999991161806773,0.0,0.0
R5,1,2,0.6000000000000001,0.5579999999999999,0.8220000000000002,101,0,0,0,0,0,0,0,0,0.029999991161806773,0.029999991161806773,0.029999991161806773,0.029999991161806773,0.0,0.0
R5,1,2,0.7000000000000001,0.42599999999999993,0.9540000000000002,101,0,0,0,0,0,0,0,0,0.029999991161806773,0.029999991161806773,0.029999991161806773,0.029999991161806773,0.0,0.0
R5,1,2,0.8,0.29399999999999993,1.086,101,6,5,2,1,1,0,0,0,0.07089021259089806,0.032425655060703974,0.07089021259089806,0.032425655060703974,-0.038464557530194086,-0.01738744517323876
R5,1,2,0.9,0.16199999999999998,1.2180000000000002,101,12,12,7,4,3,2,2,0,0.1364952704544711,0.036640513046349424,0.5364952704544711,0.036640513046349424,-0.4998547574081217,-0.22220663499507282
R5,1,2,1.0,0.03,1.35,101,22,30,22,11,11,5,5,0,0.6050540095996468,0.855189219372874,1.6050540095996468,0.855189219372874,-0.7498647902267729,-0.32658578598765525
R5,2,3,0.0,1.35,0.03,101,22,30,22,11,11,5,5,0,0.6050540095996468,0.855189219372874,1.6050540095996468,0.855189219372874,-0.7498647902267729,-0.32658578598765525
R5,2,3,0.1,1.2180000000000002,0.162,101,12,12,7,4,3,2,2,0,0.1364952704544711,0.036640513046349424,0.5364952704544711,0.036640513046349424,-0.4998547574081217,-0.22220663499507282
R5,2,3,0.2,1.086,0.29400000000000004,101,6,5,2,1,1,0,0,0,0.07089021259089806,0.032425655060703974,0.07089021259089806,0.032425655060703974,-0.038464557530194086,-0.01738744517323876
R5,2,3,0.30000000000000004,0.954,0.42600000000000005,101,0,0,0,0,0,0,0,0,0.029999991161806773,0.029999991161806773,0.029999991161806773,0.029999991161806773,0.0,0.0
R5,2,3,0.4,0.8220000000000001,0.558,101,0,0,0,0,0,0,0,0,0.029999991161806773,0.029999991161806773,0.029999991161806773,0.029999991161806773,0.0,0.0
R5,2,3,0.5,0.6900000000000001,0.6900000000000001,101,0,0,0,0,0,0,0,0,0.029999991161806773,0.029999991161806773,0.029999991161806773,0.029999991161806773,0.0,0.0
R5,2,3,0.6000000000000001,0.5579999999999999,0.8220000000000002,101,0,0,0,0,0,0,0,0,0.029999991161806773,0.029999991161806773,0.029999991161806773,0.029999991161806773,0.0,0.0
R5,2,3,0.7000000000000001,0.42599999999999993,0.9540000000000002,101,0,0,0,0,0,0,0,0,0.029999991161806773,0.029999991161806773,0.029999991161806773,0.029999991161806773,0.0,0.0
R5,2,3,0.8,0.29399999999999993,1.086,101,0,9,0,0,0,0,0,0,0.09746424006187354,0.029999991161806773,0.09746424006187354,0.029999991161806773,-0.06746424890006678,-0.030490030583118083
R5,2,3,0.9,0.16199999999999998,1.2180000000000002,101,4,18,4,2,2,1,1,0,0.2547102612956037,0.03699608356122062,0.4547102612956037,0.03699608356122062,-0.4177141777343831,-0.18662854161599055
R5,2,3,1.0,0.03,1.35,101,15,43,10,5,5,10,5,5,0.5871472689224776,0.28205209966870537,1.5871472689224775,1.2820520996687055,-0.305095169253772,-0.13706048008158103
R5,3,4,0.0,1.35,0.03,101,15,43,10,5,5,10,5,5,0.5871472689224776,0.28205209966870537,1.5871472689224775,1.2820520996687055,-0.305095169253772,-0.13706048008158103
R5,3,4,0.1,1.2180000000000002,0.162,101,4,18,4,2,2,1,1,0,0.2547102612956037,0.03699608356122062,0.4547102612956037,0.03699608356122062,-0.4177141777343831,-0.18662854161599055
R5,3,4,0.2,1.086,0.29400000000000004,101,0,9,0,0,0,0,0,0,0.09746424006187354,0.029999991161806773,0.09746424006187354,0.029999991161806773,-0.06746424890006678,-0.030490030583118083
R5,3,4,0.30000000000000004,0.954,0.42600000000000005,101,0,0,0,0,0,0,0,0,0.029999991161806773,0.029999991161806773,0.029999991161806773,0.029999991161806773,0.0,0.0
R5,3,4,0.4,0.8220000000000001,0.558,101,0,0,0,0,0,0,0,0,0.029999991161806773,0.029999991161806773,0.029999991161806773,0.029999991161806773,0.0,0.0
R5,3,4,0.5,0.6900000000000001,0.6900000000000001,101,0,0,0,0,0,0,0,0,0.029999991161806773,0.029999991161806773,0.029999991161806773,0.029999991161806773,0.0,0.0
R5,3,4,0.6000000000000001,0.5579999999999999,0.8220000000000002,101,0,0,0,0,0,0,0,0,0.029999991161806773,0.029999991161806773,0.029999991161806773,0.029999991161806773,0.0,0.0
R5,3,4,0.7000000000000001,0.42599999999999993,0.9540000000000002,101,0,0,0,0,0,0,0,0,0.029999991161806773,0.029999991161806773,0.029999991161806773,0.029999991161806773,0.0,0.0
R5,3,4,0.8,0.29399999999999993,1.086,101,0,14,0,0,0,0,0,0,0.10805954127682671,0.06907870104610929,0.10805954127682671,0.06907870104610929,-0.03898084023071742,-0.01762077662845481
R5,3,4,0.9,0.16199999999999998,1.2180000000000002,101,2,19,4,2,2,4,2,2,0.26705544459358954,0.029720709868520708,0.6670554445935896,0.42972070986852073,-0.23733473472506883,-0.10688530498662759
R5,3,4,1.0,0.03,1.35,101,16,38,16,11,5,16,11,5,0.0037973971192383875,0.3497973694290397,2.2037973971192386,1.3497973694290397,-0.8540000276901989,-0.3679754463383868
R5,4,5,0.0,1.35,0.03,101,16,38,16,11,5,16,11,5,0.0037973971192383875,0.3497973694290397,2.2037973971192386,1.3497973694290397,-0.8540000276901989,-0.3679754463383868
R5,4,5,0.1,1.2180000000000002,0.162,101,2,19,4,2,2,4,2,2,0.26705544459358954,0.029720709868520708,0.6670554445935896,0.42972070986852073,-0.23733473472506883,-0.10688530498662759
R5,4,5,0.2,1.086,0.29400000000000004,101,0,14,0,0,0,0,0,0,0.10805954127682671,0.06907870104610929,0.10805954127682671,0.06907870104610929,-0.03898084023071742,-0.01762077662845481
R5,4,5,0.30000000000000004,0.954,0.42600000000000005,101,0,0,0,0,0,0,0,0,0.029999991161806773,0.029999991161806773,0.029999991161806773,0.029999991161806773,0.0,0.0
R5,4,5,0.4,0.8220000000000001,0.558,101,0,0,0,0,0,0,0,0,0.029999991161806773,0.029999991161806773,0.029999991161806773,0.029999991161806773,0.0,0.0
R5,4,5,0.5,0.6900000000000001,0.6900000000000001,101,0,0,0,0,0,0,0,0,0.029999991161806773,0.029999991161806773,0.029999991161806773,0.029999991161806773,0.0,0.0
R5,4,5,0.6000000000000001,0.5579999999999999,0.8220000000000002,101,0,0,0,0,0,0,0,0,0.029999991161806773,0.029999991161806773,0.029999991161806773,0.029999991161806773,0.0,0.0
R5,4,5,0.7000000000000001,0.42599999999999993,0.9540000000000002,101,0,0,0,0,0,0,0,0,0.029999991161806773,0.029999991161806773,0.029999991161806773,0.029999991161806773,0.0,0.0
R5,4,5,0.8,0.29399999999999993,1.086,101,0,5,0,0,0,0,0,0,0.07080987979902136,0.029999991161806773,0.07080987979902136,0.029999991161806773,-0.04080988863721458,-0.018447390541847575
R5,4,5,0.9,0.16199999999999998,1.2180000000000002,101,2,16,2,1,1,2,1,1,0.16913305777327522,0.14755332119122375,0.3691330577732752,0.34755332119122373,-0.02157973658205148,-0.009755536659434301
R5,4,5,1.0,0.03,1.35,101,16,26,10,5,5,10,5,5,0.36426422766257677,0.12030439511326933,1.3642642276625767,1.1203043951132694,-0.2439598325493073,-0.10984522959138093
R5,5,6,0.0,1.35,0.03,101,16,26,10,5,5,10,5,5,0.36426422766257677,0.12030439511326933,1.3642642276625767,1.1203043951132694,-0.2439598325493073,-0.10984522959138093
R5,5,6,0.1,1.2180000000000002,0.162,101,2,16,2,1,1,2,1,1,0.16913305777327522,0.14755332119122375,0.3691330577732752,0.34755332119122373,-0.02157973658205148,-0.009755536659434301
R5,5,6,0.2,1.086,0.29400000000000004,101,0,5,0,0,0,0,0,0,0.07080987979902136,0.029999991161806773,0.07080987979902136,0.029999991161806773,-0.04080988863721458,-0.018447390541847575
R5,5,6,0.30000000000000004,0.954,0.42600000000000005,101,0,0,0,0,0,0,0,0,0.029999991161806773,0.029999991161806773,0.029999991161806773,0.029999991161806773,0.0,0.0
R5,5,6,0.4,0.8220000000000001,0.558,101,0,0,0,0,0,0,0,0,0.029999991161806773,0.029999991161806773,0.029999991161806773,0.029999991161806773,0.0,0.0
R5,5,6,0.5,0.6900000000000001,0.6900000000000001,101,0,0,0,0,0,0,0,0,0.029999991161806773,0.029999991161806773,0.029999991161806773,0.029999991161806773,0.0,0.0
R5,5,6,0.6000000000000001,0.5579999999999999,0.8220000000000002,101,0,0,0,0,0,0,0,0,0.029999991161806773,0.029999991161806773,0.029999991161806773,0.029999991161806773,0.0,0.0
R5,5,6,0.7000000000000001,0.42599999999999993,0.9540000000000002,101,0,0,0,0,0,0,0,0,0.029999991161806773,0.029999991161806773,0.029999991161806773,0.029999991161806773,0.0,0.0
R5,5,6,0.8,0.29399999999999993,1.086,101,2,5,0,0,0,0,0,0,0.029999991161806773,0.06530900470124189,0.029999991161806773,0.06530900470124189,0.035309013539435115,0.01596127219426072
R5,5,6,0.9,0.16199999999999998,1.2180000000000002,101,4,14,4,2,2,4,2,2,0.029720709868520708,0.14629522743341253,0.42972070986852073,0.5462952274334125,0.11657451756489179,0.052652696248325415
R5,5,6,1.0,0.03,1.35,101,16,26,10,5,5,10,5,5,0.023230193801032206,0.31829532926539866,1.0232301938010322,1.3182953292653987,0.2950651354643665,0.13260851100427187
R5,6,7,0.0,1.35,0.03,101,16,26,10,5,5,10,5,5,0.023230193801032206,0.31829532926539866,1.0232301938010322,1.3182953292653987,0.2950651354643665,0.13260851100427187
R5,6,7,0.1,1.2180000000000002,0.162,101,4,14,4,2,2,4,2,2,0.029720709868520708,0.14629522743341253,0.42972070986852073,0.5462952274334125,0.11657451756489179,0.052652696248325415
R5,6,7,0.2,1.086,0.29400000000000004,101,2,5,0,0,0,0,0,0,0.029999991161806773,0.06530900470124189,0.029999991161806773,0.06530900470124189,0.035309013539435115,0.01596127219426072
R5,6,7,0.30000000000000004,0.954,0.42600000000000005,101,0,0,0,0,0,0,0,0,0.029999991161806773,0.029999991161806773,0.029999991161806773,0.029999991161806773,0.0,0.0
R5,6,7,0.4,0.8220000000000001,0.558,101,0,0,0,0,0,0,0,0,0.029999991161806773,0.029999991161806773,0.029999991161806773,0.029999991161806773,0.0,0.0
R5,6,7,0.5,0.6900000000000001,0.6900000000000001,101,0,0,0,0,0,0,0,0,0.029999991161806773,0.029999991161806773,0.029999991161806773,0.029999991161806773,0.0,0.0
R5,6,7,0.6000000000000001,0.5579999999999999,0.8220000000000002,101,0,0,0,0,0,0,0,0,0.029999991161806773,0.029999991161806773,0.029999991161806773,0.029999991161806773,0.0,0.0
R5,6,7,0.7000000000000001,0.42599999999999993,0.9540000000000002,101,0,0,0,0,0,0,0,0,0.029999991161806773,0.029999991161806773,0.029999991161806773,0.029999991161806773,0.0,0.0
R5,6,7,0.8,0.29399999999999993,1.086,101,5,3,2,0,2,0,0,0,0.029999991161806773,0.056592691013146935,0.029999991161806773,0.056592691013146935,0.026592699851340162,0.012021545748416806
R5,6,7,0.9,0.16199999999999998,1.2180000000000002,101,8,9,2,0,2,0,0,0,0.029999991161806773,0.20194742142798516,0.029999991161806773,0.20194742142798516,0.1719474302661784,0.07757842509363834
R5,6,7,1.0,0.03,1.35,101,22,21,16,5,11,5,0,5,0.1760105728398442,0.5394003601071922,0.1760105728398442,1.5394003601071922,1.363389787267348,0.5485929260233354
R5,7,8,0.0,1.35,0.03,101,22,21,16,5,11,5,0,5,0.1760105728398442,0.5394003601071922,0.1760105728398442,1.5394003601071922,1.363389787267348,0.5485929260233354
R5,7,8,0.1,1.2180000000000002,0.162,101,8,9,2,0,2,0,0,0,0.029999991161806773,0.20194742142798516,0.029999991161806773,0.20194742142798516,0.1719474302661784,0.07757842509363834
R5,7,8,0.2,1.086,0.29400000000000004,101,5,3,2,0,2,0,0,0,0.029999991161806773,0.056592691013146935,0.029999991161806773,0.056592691013146935,0.026592699851340162,0.012021545748416806
R5,7,8,0.30000000000000004,0.954,0.42600000000000005,101,0,0,0,0,0,0,0,0,0.029999991161806773,0.029999991161806773,0.029999991161806773,0.029999991161806773,0.0,0.0
R5,7,8,0.4,0.8220000000000001,0.558,101,0,0,0,0,0,0,0,0,0.029999991161806773,0.029999991161806773,0.029999991161806773,0.029999991161806773,0.0,0.0
R5,7,8,0.5,0.6900000000000001,0.6900000000000001,101,0,0,0,0,0,0,0,0,0.029999991161806773,0.029999991161806773,0.029999991161806773,0.029999991161806773,0.0,0.0
R5,7,8,0.6000000000000001,0.5579999999999999,0.8220000000000002,101,0,0,0,0,0,0,0,0,0.029999991161806773,0.029999991161806773,0.029999991161806773,0.029999991161806773,0.0,0.0
R5,7,8,0.7000000000000001,0.42599999999999993,0.9540000000000002,101,0,0,0,0,0,0,0,0,0.029999991161806773,0.029999991161806773,0.029999991161806773,0.029999991161806773,0.0,0.0
R5,7,8,0.8,0.29399999999999993,1.086,101,5,5,0,0,0,0,0,0,0.029999991161806773,0.0824222280596099,0.029999991161806773,0.0824222280596099,0.05242223689780313,0.023694800458988082
R5,7,8,0.9,0.16199999999999998,1.2180000000000002,101,8,6,0,0,0,0,0,0,0.030019033097697063,0.09375707824605325,0.030019033097697063,0.09375707824605325,0.0637380451483562,0.028806955956598993
R5,7,8,1.0,0.03,1.35,101,11,21,8,5,3,5,2,3,0.24845107272333394,0.5795079117445759,0.6484510727233339,1.179507911744576,0.531056839021242,0.23557331005952098
R5,8,9,0.0,1.35,0.03,101,11,21,8,5,3,5,2,3,0.24845107272333394,0.5795079117445759,0.6484510727233339,1.179507911744576,0.531056839021242,0.23557331005952098
R5,8,9,0.1,1.2180000000000002,0.162,101,8,6,0,0,0,0,0,0,0.030019033097697063,0.09375707824605325,0.030019033097697063,0.09375707824605325,0.0637380451483562,0.028806955956598993
R5,8,9,0.2,1.086,0.29400000000000004,101,5,5,0,0,0,0,0,0,0.029999991161806773,0.0824222280596099,0.029999991161806773,0.0824222280596099,0.05242223689780313,0.023694800458988082
R5,8,9,0.30000000000000004,0.954,0.42600000000000005,101,0,0,0,0,0,0,0,0,0.029999991161806773,0.029999991161806773,0.029999991161806773,0.029999991161806773,0.0,0.0
R5,8,9,0.4,0.8220000000000001,0.558,101,0,0,0,0,0,0,0,0,0.029999991161806773,0.029999991161806773,0.029999991161806773,0.029999991161806773,0.0,0.0
R5,8,9,0.5,0.6900000000000001,0.6900000000000001,101,0,0,0,0,0,0,0,0,0.029999991161806773,0.029999991161806773,0.029999991161806773,0.029999991161806773,0.0,0.0
R5,8,9,0.6000000000000001,0.5579999999999999,0.8220000000000002,101,0,0,0,0,0,0,0,0,0.029999991161806773,0.029999991161806773,0.029999991161806773,0.029999991161806773,0.0,0.0
R5,8,9,0.7000000000000001,0.42599999999999993,0.9540000000000002,101,0,0,0,0,0,0,0,0,0.029999991161806773,0.029999991161806773,0.029999991161806773,0.029999991161806773,0.0,0.0
R5,8,9,0.8,0.29399999999999993,1.086,101,5,6,0,0,0,0,0,0,0.030189733170036336,0.0636501512670749,0.030189733170036336,0.0636501512670749,0.03346041809703857,0.015125754371945537
R5,8,9,0.9,0.16199999999999998,1.2180000000000002,101,8,6,2,2,0,0,0,0,0.035703926648285214,0.03325184946080311,0.035703926648285214,0.03325184946080311,-0.002452077187482103,-0.0011085435596410022
R5,8,9,1.0,0.03,1.35,101,11,22,10,5,5,0,0,0,0.4699446836253417,0.5159645711637679,0.4699446836253417,0.5159645711637679,0.04601988753842623,0.02080183768305622
R1,1,2,0.0,1.35,0.03,5,11,15,7,2,5,5,0,5,0.1195693831532578,0.023230193801032206,0.1195693831532578,1.0232301938010322,0.9036608106477744,0.3872240458885805
R1,1,2,0.1,1.2180000000000002,0.162,5,8,8,0,0,0,0,0,0,0.13643191778545102,0.15964841861886897,0.13643191778545102,0.15964841861886897,0.023216500833417947,0.010495415124422954
R1,1,2,0.2,1.086,0.29400000000000004,5,4,4,0,0,0,0,0,0,0.03269746766145139,0.0332858810012153,0.03269746766145139,0.0332858810012153,0.0005884133397639144,0.00026601204616892213
R1,1,2,0.30000000000000004,0.954,0.42600000000000005,5,0,0,0,0,0,0,0,0,0.029999991161806773,0.029999991161806773,0.029999991161806773,0.029999991161806773,0.0,0.0
R1,1,2,0.4,0.8220000000000001,0.558,5,0,0,0,0,0,0,0,0,0.029999991161806773,0.029999991161806773,0.029999991161806773,0.029999991161806773,0.0,0.0
R1,1,2,0.5,0.6900000000000001,0.6900000000000001,5,0,0,0,0,0,0,0,0,0.029999991161806773,0.029999991161806773,0.029999991161806773,0.029999991161806773,0.0,0.0
R1,1,2,0.6000000000000001,0.5579999999999999,0.8220000000000002,5,0,0,0,0,0,0,0,0,0.029999991161806773,0.029999991161806773,0.029999991161806773,0.029999991161806773,0.0,0.0
R1,1,2,0.7000000000000001,0.42599999999999993,0.9540000000000002,5,0,0,0,0,0,0,0,0,0.029999991161806773,0.029999991161806773,0.029999991161806773,0.029999991161806773,0.0,0.0
R1,1,2,0.8,0.29399999999999993,1.086,5,5,10,0,0,0,0,0,0,0.06863146677684835,0.06995539320091082,0.06863146677684835,0.06995539320091082,0.0013239264240624687,0.0005985254233633287
R1,1,2,0.9,0.16199999999999998,1.2180000000000002,5,8,18,6,2,4,2,0,2,0.16450715673413208,0.021214306719702897,0.16450715673413208,0.42121430671970295,0.25670714998557087,0.11553488432188586
R1,1,2,1.0,0.03,1.35,5,14,27,12,6,6,5,0,5,0.5370475677394737,0.35712358059968535,0.5370475677394737,1.3571235805996853,0.8200760128602116,0.3546414011510802
R1,2,3,0.0,1.35,0.03,5,14,27,12,6,6,5,0,5,0.5370475677394737,0.35712358059968535,0.5370475677394737,1.3571235805996853,0.8200760128602116,0.3546414011510802
R1,2,3,0.1,1.2180000000000002,0.162,5,8,18,6,2,4,2,0,2,0.16450715673413208,0.021214306719702897,0.16450715673413208,0.42121430671970295,0.25670714998557087,0.11553488432188586
R1,2,3,0.2,1.086,0.29400000000000004,5,5,10,0,0,0,0,0,0,0.06863146677684835,0.06995539320091082,0.06863146677684835,0.06995539320091082,0.0013239264240624687,0.0005985254233633287
R1,2,3,0.30000000000000004,0.954,0.42600000000000005,5,0,0,0,0,0,0,0,0,0.029999991161806773,0.029999991161806773,0.029999991161806773,0.029999991161806773,0.0,0.0
R1,2,3,0.4,0.8220000000000001,0.558,5,0,0,0,0,0,0,0,0,0.029999991161806773,0.029999991161806773,0.029999991161806773,0.029999991161806773,0.0,0.0
R1,2,3,0.5,0.6900000000000001,0.6900000000000001,5,0,0,0,0,0,0,0,0,0.029999991161806773,0.029999991161806773,0.029999991161806773,0.029999991161806773,0.0,0.0
R1,2,3,0.6000000000000001,0.5579999999999999,0.8220000000000002,5,0,0,0,0,0,0,0,0,0.029999991161806773,0.029999991161806773,0.029999991161806773,0.029999991161806773,0.0,0.0
R1,2,3,0.7000000000000001,0.42599999999999993,0.9540000000000002,5,0,0,0,0,0,0,0,0,0.029999991161806773,0.029999991161806773,0.029999991161806773,0.029999991161806773,0.0,0.0
R1,2,3,0.8,0.29399999999999993,1.086,5,6,7,4,2,2,0,0,0,0.034455919059675336,0.06442871428726914,0.034455919059675336,0.06442871428726914,0.0299727952275938,0.01354938152478584
R1,2,3,0.9,0.16199999999999998,1.2180000000000002,5,12,22,8,4,4,6,2,4,0.021214306719702897,0.021258235186104382,0.42121430671970295,0.8212582351861044,0.40004392846640147,0.1789070019557152
R1,2,3,1.0,0.03,1.35,5,21,31,10,5,5,7,2,5,0.24214986265030883,0.2820859486997002,0.6421498626503088,1.2820859486997003,0.6399360860493915,0.28149468140279543
R1,3,4,0.0,1.35,0.03,5,21,31,10,5,5,7,2,5,0.24214986265030883,0.2820859486997002,0.6421498626503088,1.2820859486997003,0.6399360860493915,0.28149468140279543
R1,3,4,0.1,1.2180000000000002,0.162,5,12,22,8,4,4,6,2,4,0.021214306719702897,0.021258235186104382,0.42121430671970295,0.8212582351861044,0.40004392846640147,0.1789070019557152
R1,3,4,0.2,1.086,0.29400000000000004,5,6,7,4,2,2,0,0,0,0.034455919059675336,0.06442871428726914,0.034455919059675336,0.06442871428726914,0.0299727952275938,0.01354938152478584
R1,3,4,0.30000000000000004,0.954,0.42600000000000005,5,0,0,0,0,0,0,0,0,0.029999991161806773,0.029999991161806773,0.029999991161806773,0.029999991161806773,0.0,0.0
R1,3,4,0.4,0.8220000000000001,0.558,5,0,0,0,0,0,0,0,0,0.029999991161806773,0.029999991161806773,0.029999991161806773,0.029999991161806773,0.0,0.0
R1,3,4,0.5,0.6900000000000001,0.6900000000000001,5,0,0,0,0,0,0,0,0,0.029999991161806773,0.029999991161806773,0.029999991161806773,0.029999991161806773,0.0,0.0
R1,3,4,0.6000000000000001,0.5579999999999999,0.8220000000000002,5,0,0,0,0,0,0,0,0,0.029999991161806773,0.029999991161806773,0.029999991161806773,0.029999991161806773,0.0,0.0
R1,3,4,0.7000000000000001,0.42599999999999993,0.9540000000000002,5,0,0,0,0,0,0,0,0,0.029999991161806773,0.029999991161806773,0.029999991161806773,0.029999991161806773,0.0,0.0
R1,3,4,0.8,0.29399999999999993,1.086,5,10,12,10,5,5,2,2,0,0.09260977565941995,0.11396956342233096,0.49260977565942,0.11396956342233096,-0.37864021223708905,-0.16952449730669797
R1,3,4,0.9,0.16199999999999998,1.2180000000000002,5,16,24,16,8,8,8,4,4,0.021214306719702897,0.021214306719702897,0.821214306719703,0.821214306719703,0.0,0.0
R1,3,4,1.0,0.03,1.35,5,22,32,22,11,11,10,5,5,0.5934851490557708,0.7249685293157602,1.5934851490557707,1.7249685293157602,0.1314833802599895,0.05937157772132227
R1,4,5,0.0,1.35,0.03,5,22,32,22,11,11,10,5,5,0.5934851490557708,0.7249685293157602,1.5934851490557707,1.7249685293157602,0.1314833802599895,0.05937157772132227
R1,4,5,0.1,1.2180000000000002,0.162,5,16,24,16,8,8,8,4,4,0.021214306719702897,0.021214306719702897,0.821214306719703,0.821214306719703,0.0,0.0
R1,4,5,0.2,1.086,0.29400000000000004,5,10,12,10,5,5,2,2,0,0.09260977565941995,0.11396956342233096,0.49260977565942,0.11396956342233096,-0.37864021223708905,-0.16952449730669797
R1,4,5,0.30000000000000004,0.954,0.42600000000000005,5,0,0,0,0,0,0,0,0,0.029999991161806773,0.029999991161806773,0.029999991161806773,0.029999991161806773,0.0,0.0
R1,4,5,0.4,0.8220000000000001,0.558,5,0,0,0,0,0,0,0,0,0.029999991161806773,0.029999991161806773,0.029999991161806773,0.029999991161806773,0.0,0.0
R1,4,5,0.5,0.6900000000000001,0.6900000000000001,5,0,0,0,0,0,0,0,0,0.029999991161806773,0.029999991161806773,0.029999991161806773,0.029999991161806773,0.0,0.0
R1,4,5,0.6000000000000001,0.5579999999999999,0.8220000000000002,5,0,0,0,0,0,0,0,0,0.029999991161806773,0.029999991161806773,0.029999991161806773,0.029999991161806773,0.0,0.0
R1,4,5,0.7000000000000001,0.42599999999999993,0.9540000000000002,5,0,0,0,0,0,0,0,0,0.029999991161806773,0.029999991161806773,0.029999991161806773,0.029999991161806773,0.0,0.0
R1,4,5,0.8,0.29399999999999993,1.086,5,10,7,10,5,5,0,0,0,0.10179838751876517,0.08905587059900422,0.10179838751876517,0.08905587059900422,-0.012742516919760957,-0.0057606198817969695
R1,4,5,0.9,0.16199999999999998,1.2180000000000002,5,16,18,15,8,7,6,2,4,0.2685716865343864,0.021258235186104382,0.6685716865343865,0.8212582351861044,0.15268654865171793,0.06891766926956794
R1,4,5,1.0,0.03,1.35,5,22,26,22,11,11,10,5,5,0.6232243999130034,0.49544170596899484,1.6232243999130034,1.4954417059689948,-0.12778269394400854,-0.05770429124361521
R1,5,6,0.0,1.35,0.03,5,22,26,22,11,11,10,5,5,0.6232243999130034,0.49544170596899484,1.6232243999130034,1.4954417059689948,-0.12778269394400854,-0.05770429124361521
R1,5,6,0.1,1.2180000000000002,0.162,5,16,18,15,8,7,6,2,4,0.2685716865343864,0.021258235186104382,0.6685716865343865,0.8212582351861044,0.15268654865171793,0.06891766926956794
R1,5,6,0.2,1.086,0.29400000000000004,5,10,7,10,5,5,0,0,0,0.10179838751876517,0.08905587059900422,0.10179838751876517,0.08905587059900422,-0.012742516919760957,-0.0057606198817969695
R1,5,6,0.30000000000000004,0.954,0.42600000000000005,5,0,0,0,0,0,0,0,0,0.029999991161806773,0.029999991161806773,0.029999991161806773,0.029999991161806773,0.0,0.0
R1,5,6,0.4,0.8220000000000001,0.558,5,0,0,0,0,0,0,0,0,0.029999991161806773,0.029999991161806773,0.029999991161806773,0.029999991161806773,0.0,0.0
R1,5,6,0.5,0.6900000000000001,0.6900000000000001,5,0,0,0,0,0,0,0,0,0.029999991161806773,0.029999991161806773,0.029999991161806773,0.029999991161806773,0.0,0.0
R1,5,6,0.6000000000000001,0.5579999999999999,0.8220000000000002,5,0,0,0,0,0,0,0,0,0.029999991161806773,0.029999991161806773,0.029999991161806773,0.029999991161806773,0.0,0.0
R1,5,6,0.7000000000000001,0.42599999999999993,0.9540000000000002,5,0,0,0,0,0,0,0,0,0.029999991161806773,0.029999991161806773,0.029999991161806773,0.029999991161806773,0.0,0.0
R1,5,6,0.8,0.29399999999999993,1.086,5,10,10,10,5,5,0,0,0,0.09254320982324905,0.11019986707746351,0.09254320982324905,0.11019986707746351,0.01765665725421446,0.007982116589962769
R1,5,6,0.9,0.16199999999999998,1.2180000000000002,5,16,21,16,8,8,5,4,1,0.021214306719702897,0.2945061063929865,0.821214306719703,0.49450610639298653,-0.32670820032671644,-0.14663469967735743
R1,5,6,1.0,0.03,1.35,5,22,32,22,11,11,10,5,5,0.5458821015385601,0.6934664891521195,1.54588210153856,1.6934664891521196,0.14758438761355963,0.06662166030011248
R1,6,7,0.0,1.35,0.03,5,22,32,22,11,11,10,5,5,0.5458821015385601,0.6934664891521195,1.54588210153856,1.6934664891521196,0.14758438761355963,0.06662166030011248
R1,6,7,0.1,1.2180000000000002,0.162,5,16,21,16,8,8,5,4,1,0.021214306719702897,0.2945061063929865,0.821214306719703,0.49450610639298653,-0.32670820032671644,-0.14663469967735743
R1,6,7,0.2,1.086,0.29400000000000004,5,10,10,10,5,5,0,0,0,0.09254320982324905,0.11019986707746351,0.09254320982324905,0.11019986707746351,0.01765665725421446,0.007982116589962769
R1,6,7,0.30000000000000004,0.954,0.42600000000000005,5,0,0,0,0,0,0,0,0,0.029999991161806773,0.029999991161806773,0.029999991161806773,0.029999991161806773,0.0,0.0
R1,6,7,0.4,0.8220000000000001,0.558,5,0,0,0,0,0,0,0,0,0.029999991161806773,0.029999991161806773,0.029999991161806773,0.029999991161806773,0.0,0.0
R1,6,7,0.5,0.6900000000000001,0.6900000000000001,5,0,0,0,0,0,0,0,0,0.029999991161806773,0.029999991161806773,0.029999991161806773,0.029999991161806773,0.0,0.0
R1,6,7,0.6000000000000001,0.5579999999999999,0.8220000000000002,5,0,0,0,0,0,0,0,0,0.029999991161806773,0.029999991161806773,0.029999991161806773,0.029999991161806773,0.0,0.0
R1,6,7,0.7000000000000001,0.42599999999999993,0.9540000000000002,5,0,0,0,0,0,0,0,0,0.029999991161806773,0.029999991161806773,0.029999991161806773,0.029999991161806773,0.0,0.0
R1,6,7,0.8,0.29399999999999993,1.086,5,10,12,10,5,5,0,0,0,0.12181201615598111,0.09176757126602293,0.12181201615598111,0.09176757126602293,-0.03004444488995818,-0.013581767205055446
R1,6,7,0.9,0.16199999999999998,1.2180000000000002,5,18,24,16,8,8,8,4,4,0.021214306719702897,0.021214306719702897,0.821214306719703,0.821214306719703,0.0,0.0
R1,6,7,1.0,0.03,1.35,5,27,38,22,11,11,10,5,5,0.8094643606944579,0.5394003601071922,1.809464360694458,1.5394003601071922,-0.2700640005872659,-0.1214884696612543
R1,7,8,0.0,1.35,0.03,5,27,38,22,11,11,10,5,5,0.8094643606944579,0.5394003601071922,1.809464360694458,1.5394003601071922,-0.2700640005872659,-0.1214884696612543
R1,7,8,0.1,1.2180000000000002,0.162,5,18,24,16,8,8,8,4,4,0.021214306719702897,0.021214306719702897,0.821214306719703,0.821214306719703,0.0,0.0
R1,7,8,0.2,1.086,0.29400000000000004,5,10,12,10,5,5,0,0,0,0.12181201615598111,0.09176757126602293,0.12181201615598111,0.09176757126602293,-0.03004444488995818,-0.013581767205055446
R1,7,8,0.30000000000000004,0.954,0.42600000000000005,5,0,0,0,0,0,0,0,0,0.029999991161806773,0.029999991161806773,0.029999991161806773,0.029999991161806773,0.0,0.0
R1,7,8,0.4,0.8220000000000001,0.558,5,0,0,0,0,0,0,0,0,0.029999991161806773,0.029999991161806773,0.029999991161806773,0.029999991161806773,0.0,0.0
R1,7,8,0.5,0.6900000000000001,0.6900000000000001,5,0,0,0,0,0,0,0,0,0.029999991161806773,0.029999991161806773,0.029999991161806773,0.029999991161806773,0.0,0.0
R1,7,8,0.6000000000000001,0.5579999999999999,0.8220000000000002,5,0,0,0,0,0,0,0,0,0.029999991161806773,0.029999991161806773,0.029999991161806773,0.029999991161806773,0.0,0.0
R1,7,8,0.7000000000000001,0.42599999999999993,0.9540000000000002,5,0,0,0,0,0,0,0,0,0.029999991161806773,0.029999991161806773,0.029999991161806773,0.029999991161806773,0.0,0.0
R1,7,8,0.8,0.29399999999999993,1.086,5,5,9,1,1,0,1,1,0,0.027112646466977596,0.0824222280596099,0.2271126464669776,0.0824222280596099,-0.14469041840736768,-0.06531903822210254
R1,7,8,0.9,0.16199999999999998,1.2180000000000002,5,8,21,4,4,0,3,3,0,0.021258235186104382,0.20875705944012468,0.6212582351861043,0.20875705944012468,-0.41250117574597966,-0.18435291677038218
R1,7,8,1.0,0.03,1.35,5,11,32,8,5,3,8,5,3,0.3384599818744356,0.5795079117445759,1.3384599818744356,1.179507911744576,-0.15895207012985968,-0.07173619780311442
R1,8,9,0.0,1.35,0.03,5,11,32,8,5,3,8,5,3,0.3384599818744356,0.5795079117445759,1.3384599818744356,1.179507911744576,-0.15895207012985968,-0.07173619780311442
R1,8,9,0.1,1.2180000000000002,0.162,5,8,21,4,4,0,3,3,0,0.021258235186104382,0.20875705944012468,0.6212582351861043,0.20875705944012468,-0.41250117574597966,-0.18435291677038218
R1,8,9,0.2,1.086,0.29400000000000004,5,5,9,1,1,0,1,1,0,0.027112646466977596,0.0824222280596099,0.2271126464669776,0.0824222280596099,-0.14469041840736768,-0.06531903822210254
R1,8,9,0.30000000000000004,0.954,0.42600000000000005,5,0,0,0,0,0,0,0,0,0.029999991161806773,0.029999991161806773,0.029999991161806773,0.029999991161806773,0.0,0.0
R1,8,9,0.4,0.8220000000000001,0.558,5,0,0,0,0,0,0,0,0,0.029999991161806773,0.029999991161806773,0.029999991161806773,0.029999991161806773,0.0,0.0
R1,8,9,0.5,0.6900000000000001,0.6900000000000001,5,0,0,0,0,0,0,0,0,0.029999991161806773,0.029999991161806773,0.029999991161806773,0.029999991161806773,0.0,0.0
R1,8,9,0.6000000000000001,0.5579999999999999,0.8220000000000002,5,0,0,0,0,0,0,0,0,0.029999991161806773,0.029999991161806773,0.029999991161806773,0.029999991161806773,0.0,0.0
R1,8,9,0.7000000000000001,0.42599999999999993,0.9540000000000002,5,0,0,0,0,0,0,0,0,0.029999991161806773,0.029999991161806773,0.029999991161806773,0.029999991161806773,0.0,0.0
R1,8,9,0.8,0.29399999999999993,1.086,5,4,10,0,0,0,0,0,0,0.06268174407697868,0.06629574083128263,0.06268174407697868,0.06629574083128263,0.003613996754303947,0.001633827402859431
R1,8,9,0.9,0.16199999999999998,1.2180000000000002,5,7,16,3,3,0,0,0,0,0.1570147733128987,0.15376658690108794,0.1570147733128987,0.15376658690108794,-0.003248186411810766,-0.001468450924994441
R1,8,9,1.0,0.03,1.35,5,11,27,10,5,5,5,5,0,0.2963402267493631,0.5159645711637679,1.2963402267493631,0.5159645711637679,-0.7803756555855952,-0.3388520281849866
