hypothesis,heading_error_deg,target,DNa02_L_spikes,DNa02_R_spikes,DNa02_L_v,DNa02_R_v,steering,expected,predicted,correct
EXCITATORY,-150,0.49999999999999994,0,0,0.6995394027989958,0.8820545737305375,0.02737727563973125,RIGHT,RIGHT,True
EXCITATORY,-120,0.8660254037844387,0,0,0.18560633101707927,0.27625908687805123,0.013597913379145794,RIGHT,RIGHT,True
EXCITATORY,-90,1.0,0,0,0.1476358849579136,0.1441158693590452,-0.0005280023398302622,RIGHT,LEFT,False
EXCITATORY,-60,0.8660254037844386,0,0,0.2851745009432318,0.32248315196272,0.005596297652923223,RIGHT,RIGHT,True
EXCITATORY,-30,0.49999999999999994,0,0,0.42687653290340166,0.5121566056390309,0.012792010910344381,RIGHT,RIGHT,True
EXCITATORY,0,-0.0,0,0,0.23078424757888827,0.3072180263246686,0.01146506681186705,STRAIGHT,RIGHT,False
EXCITATORY,30,-0.49999999999999994,0,0,0.06159149611826163,0.11886614129369823,0.008591196776315488,LEFT,RIGHT,False
EXCITATORY,60,-0.8660254037844386,0,0,0.23504635859250123,0.2528544670063437,0.0026712162620763672,LEFT,RIGHT,False
EXCITATORY,90,-1.0,0,0,0.28071040824402776,0.3637048512521247,0.01244916645121454,LEFT,RIGHT,False
EXCITATORY,120,-0.8660254037844387,0,0,0.14539022886838376,0.18461430547766453,0.005883611491392114,LEFT,RIGHT,False
EXCITATORY,150,-0.49999999999999994,0,0,0.11075363581814462,0.0524305467533724,-0.008748463359715833,LEFT,LEFT,True
INHIBITORY,-150,0.49999999999999994,0,0,0.6995009236159494,0.8820545737305375,0.02738304751718822,RIGHT,RIGHT,True
INHIBITORY,-120,0.8660254037844387,0,0,0.21806626223126988,0.27625908687805123,0.008728923697017202,RIGHT,RIGHT,True
INHIBITORY,-90,1.0,0,0,0.0741748357236651,0.1441158693590452,0.010491155045307014,RIGHT,RIGHT,True
INHIBITORY,-60,0.8660254037844386,0,0,0.17451527891436638,0.32248315196272,0.02219518095725304,RIGHT,RIGHT,True
INHIBITORY,-30,0.49999999999999994,0,0,0.42683437764822063,0.5121566056390309,0.012798334198621536,RIGHT,RIGHT,True
INHIBITORY,0,-0.0,0,0,0.23078424757888827,0.3071990167502404,0.011462215375702823,STRAIGHT,RIGHT,False
INHIBITORY,30,-0.49999999999999994,0,0,0.06159149611826163,0.0630590359852279,0.00022013098004493997,LEFT,RIGHT,False
INHIBITORY,60,-0.8660254037844386,0,0,0.23504635859250123,0.18862932770767865,-0.006962554632723386,LEFT,LEFT,True
INHIBITORY,90,-1.0,0,0,0.28071040824402776,0.34594617104652353,0.009785364420374365,LEFT,RIGHT,False
INHIBITORY,120,-0.8660254037844387,0,0,0.14539022886838376,0.15815025168306146,0.0019140034222016543,LEFT,RIGHT,False
INHIBITORY,150,-0.49999999999999994,0,0,0.11075363581814462,0.0524305467533724,-0.008748463359715833,LEFT,LEFT,True
