gain,heading_column,goal_column,Delta7_spikes,Delta7_spiking_neurons,Delta7_mean_v,Delta7_max_v,PFL2_spikes,PFL3_spikes,DNa03_spikes,DNa02_spikes,DNa02_L_spikes,DNa02_R_spikes,DNa02_L_v,DNa02_R_v,steering
1.0,L1,1,0,0,0.19953761437819337,0.33344045811112755,11,10,0,0,0,0,0.058361122005942755,0.064547669959809,0.0061865479538662435
1.0,L1,5,0,0,0.19953761437819337,0.33344045811112755,22,26,0,0,0,0,0.2134159598096297,0.1764994527521537,-0.03691650705747601
1.0,L1,9,0,0,0.19953761437819337,0.33344045811112755,11,27,0,0,0,0,0.18183772149925756,0.16632508582520086,-0.015512635674056696
1.0,L5,1,0,0,0.23611572390870425,0.40808970858583127,11,10,0,0,0,0,0.058361122005942755,0.064547669959809,0.0061865479538662435
1.0,L5,5,0,0,0.23611572390870425,0.40808970858583127,16,26,0,0,0,0,0.2134159598096297,0.14183902207241642,-0.0715769377372133
1.0,L5,9,0,0,0.23611572390870425,0.40808970858583127,14,24,0,0,0,0,0.15457114693897203,0.16852217552328783,0.013951028584315794
1.0,R5,1,0,0,0.26147665771201056,0.457858983350485,11,13,0,0,0,0,0.06567030832993342,0.064547669959809,-0.0011226383701244264
1.0,R5,5,0,0,0.26147665771201056,0.457858983350485,16,26,0,0,0,0,0.2134159598096297,0.14183902207241642,-0.0715769377372133
1.0,R5,9,0,0,0.26147665771201056,0.457858983350485,11,24,0,0,0,0,0.15457114693897203,0.16632508582520086,0.011753938886228832
1.0,R1,1,0,0,0.19596744605226876,0.3187215704991227,11,15,0,0,0,0,0.058361122005942755,0.0953597254917913,0.03699860348584854
1.0,R1,5,0,0,0.19596744605226876,0.3187215704991227,22,26,0,0,0,0,0.2134159598096297,0.1764994527521537,-0.03691650705747601
1.0,R1,9,0,0,0.19596744605226876,0.3187215704991227,11,27,0,0,0,0,0.18183772149925756,0.16632508582520086,-0.015512635674056696
2.0,L1,1,0,0,0.36907523759457983,0.6368809250604484,11,10,0,0,0,0,0.058361122005942755,0.064547669959809,0.0061865479538662435
2.0,L1,5,0,0,0.36907523759457983,0.6368809250604484,22,26,0,0,0,0,0.2134159598096297,0.1764994527521537,-0.03691650705747601
2.0,L1,9,0,0,0.36907523759457983,0.6368809250604484,11,27,0,0,0,0,0.18183772149925756,0.16632508582520086,-0.015512635674056696
2.0,L5,1,0,0,0.4422314566556018,0.7861794260098557,11,10,0,0,0,0,0.058361122005942755,0.064547669959809,0.0061865479538662435
2.0,L5,5,0,0,0.4422314566556018,0.7861794260098557,16,26,0,0,0,0,0.2134159598096297,0.14183902207241642,-0.0715769377372133
2.0,L5,9,0,0,0.4422314566556018,0.7861794260098557,14,24,0,0,0,0,0.15457114693897203,0.16852217552328783,0.013951028584315794
2.0,R5,1,3,1,0.49155208279537127,0.855093945836472,11,13,0,0,0,0,0.06567030832993342,0.064547669959809,-0.0011226383701244264
2.0,R5,5,3,1,0.49155208279537127,0.855093945836472,16,26,0,0,0,0,0.2134159598096297,0.14183902207241642,-0.0715769377372133
2.0,R5,9,3,1,0.49155208279537127,0.855093945836472,11,24,0,0,0,0,0.1597956461864223,0.16632508582520086,0.006529439638778556
2.0,R1,1,0,0,0.3619349009427306,0.6074431498364388,11,15,0,0,0,0,0.058361122005942755,0.0953597254917913,0.03699860348584854
2.0,R1,5,0,0,0.3619349009427306,0.6074431498364388,22,26,0,0,0,0,0.2134159598096297,0.1764994527521537,-0.03691650705747601
2.0,R1,9,0,0,0.3619349009427306,0.6074431498364388,11,27,0,0,0,0,0.18183772149925756,0.16632508582520086,-0.015512635674056696
3.0,L1,1,11,3,0.5300208926782398,0.8633019092918536,11,10,0,0,0,0,0.058361122005942755,0.064547669959809,0.0061865479538662435
3.0,L1,5,11,3,0.5300208926782398,0.8633019092918536,22,26,0,0,0,0,0.2134159598096297,0.1764994527521537,-0.03691650705747601
3.0,L1,9,11,3,0.5300208926782398,0.8633019092918536,11,27,0,0,0,0,0.18183772149925756,0.16632508582520086,-0.015512635674056696
3.0,L5,1,69,15,0.5668605645243847,0.865093984504733,11,10,0,0,0,0,0.058361122005942755,0.064547669959809,0.0061865479538662435
3.0,L5,5,69,15,0.5668605645243847,0.865093984504733,16,26,0,0,0,0,0.2134159598096297,0.14183902207241642,-0.0715769377372133
3.0,L5,9,69,15,0.5668605645243847,0.865093984504733,14,22,0,0,0,0,0.15275108737826953,0.16852217552328783,0.01577108814501829
3.0,R5,1,101,17,0.5502253897957815,0.8604475379664374,11,12,0,0,0,0,0.06022526231109961,0.064547669959809,0.004322407648709385
3.0,R5,5,101,17,0.5502253897957815,0.8604475379664374,16,26,0,0,0,0,0.2134159598096297,0.14183902207241642,-0.0715769377372133
3.0,R5,9,101,17,0.5502253897957815,0.8604475379664374,11,22,0,0,0,0,0.15275108737826953,0.16632508582520086,0.013573998446931329
3.0,R1,1,5,2,0.526124522414126,0.8656396504626841,11,15,0,0,0,0,0.058361122005942755,0.0953597254917913,0.03699860348584854
3.0,R1,5,5,2,0.526124522414126,0.8656396504626841,22,26,0,0,0,0,0.2134159598096297,0.1764994527521537,-0.03691650705747601
3.0,R1,9,5,2,0.526124522414126,0.8656396504626841,11,27,0,0,0,0,0.18183772149925756,0.16632508582520086,-0.015512635674056696
4.0,L1,1,111,19,0.5262841798423834,0.8672498372271209,11,10,0,0,0,0,0.058361122005942755,0.064547669959809,0.0061865479538662435
4.0,L1,5,111,19,0.5262841798423834,0.8672498372271209,22,26,0,0,0,0,0.2134159598096297,0.1764994527521537,-0.03691650705747601
4.0,L1,9,111,19,0.5262841798423834,0.8672498372271209,11,27,0,0,0,0,0.18183772149925756,0.16632508582520086,-0.015512635674056696
4.0,L5,1,198,23,0.33294108321301086,0.8497121503321445,11,5,0,0,0,0,0.058361122005942755,0.029999991161806773,-0.02836113084413598
4.0,L5,5,198,23,0.33294108321301086,0.8497121503321445,11,26,0,0,0,0,0.2134159598096297,0.13288402972590488,-0.08053193008372483
4.0,L5,9,198,23,0.33294108321301086,0.8497121503321445,13,22,0,0,0,0,0.15275108737826953,0.16646985935146721,0.01371877197319768
4.0,R5,1,217,23,0.345234320585567,0.8583811291299236,11,5,0,0,0,0,0.058361122005942755,0.029999991161806773,-0.02836113084413598
4.0,R5,5,217,23,0.345234320585567,0.8583811291299236,11,22,0,0,0,0,0.18340529233068817,0.13288402972590488,-0.05052126260478329
4.0,R5,9,217,23,0.345234320585567,0.8583811291299236,11,22,0,0,0,0,0.15275108737826953,0.16632508582520086,0.013573998446931329
4.0,R1,1,89,17,0.5687166431899199,0.8645696621297313,11,15,0,0,0,0,0.058361122005942755,0.0953597254917913,0.03699860348584854
4.0,R1,5,89,17,0.5687166431899199,0.8645696621297313,22,26,0,0,0,0,0.2134159598096297,0.1764994527521537,-0.03691650705747601
4.0,R1,9,89,17,0.5687166431899199,0.8645696621297313,11,27,0,0,0,0,0.18183772149925756,0.16632508582520086,-0.015512635674056696
5.0,L1,1,215,23,0.3077552536410103,0.86328550599198,11,10,0,0,0,0,0.058361122005942755,0.064547669959809,0.0061865479538662435
5.0,L1,5,215,23,0.3077552536410103,0.86328550599198,22,16,0,0,0,0,0.18327997524626813,0.1440694672668994,-0.03921050797936873
5.0,L1,9,215,23,0.3077552536410103,0.86328550599198,11,27,0,0,0,0,0.18183772149925756,0.16632508582520086,-0.015512635674056696
5.0,L5,1,240,24,0.27852539296650547,0.8475975786520372,11,5,0,0,0,0,0.058361122005942755,0.029999991161806773,-0.02836113084413598
5.0,L5,5,240,24,0.27852539296650547,0.8475975786520372,11,26,0,0,0,0,0.2134159598096297,0.13288402972590488,-0.08053193008372483
5.0,L5,9,240,24,0.27852539296650547,0.8475975786520372,13,22,0,0,0,0,0.15275108737826953,0.16688543321254345,0.01413434583427392
5.0,R5,1,269,27,0.274095350454922,0.8558542413749383,11,5,0,0,0,0,0.058361122005942755,0.029999991161806773,-0.02836113084413598
5.0,R5,5,269,27,0.274095350454922,0.8558542413749383,11,21,0,0,0,0,0.18327997524626813,0.13288402972590488,-0.05039594552036325
5.0,R5,9,269,27,0.274095350454922,0.8558542413749383,11,22,0,0,0,0,0.15275108737826953,0.16632508582520086,0.013573998446931329
5.0,R1,1,199,21,0.33837429231527466,0.864074906144419,11,15,0,0,0,0,0.058361122005942755,0.0953597254917913,0.03699860348584854
5.0,R1,5,199,21,0.33837429231527466,0.864074906144419,22,19,0,0,0,0,0.2134159598096297,0.11901488357580525,-0.09440107623382446
5.0,R1,9,199,21,0.33837429231527466,0.864074906144419,11,27,0,0,0,0,0.18183772149925756,0.16632508582520086,-0.015512635674056696
6.0,L1,1,250,24,0.24421171359156713,0.8401559181339718,11,10,0,0,0,0,0.058361122005942755,0.064547669959809,0.0061865479538662435
6.0,L1,5,250,24,0.24421171359156713,0.8401559181339718,22,15,0,0,0,0,0.18327997524626813,0.21587729596128363,0.032597320715015504
6.0,L1,9,250,24,0.24421171359156713,0.8401559181339718,11,27,0,0,0,0,0.18183772149925756,0.16632508582520086,-0.015512635674056696
6.0,L5,1,273,27,0.24323004075578478,0.8616010049132062,11,0,0,0,0,0,0.029999991161806773,0.029999991161806773,0.0
6.0,L5,5,273,27,0.24323004075578478,0.8616010049132062,11,18,0,0,0,0,0.18516569659159746,0.10604539967330985,-0.0791202969182876
6.0,L5,9,273,27,0.24323004075578478,0.8616010049132062,11,22,0,0,0,0,0.15275108737826953,0.16632508582520086,0.013573998446931329
6.0,R5,1,294,30,0.27541605701000826,0.8439641164794301,11,2,0,0,0,0,0.03177465326710554,0.029999991161806773,-0.001774662105298766
6.0,R5,5,294,30,0.27541605701000826,0.8439641164794301,11,21,0,0,0,0,0.18327997524626813,0.13288402972590488,-0.05039594552036325
6.0,R5,9,294,30,0.27541605701000826,0.8439641164794301,11,22,0,0,0,0,0.15275108737826953,0.16632508582520086,0.013573998446931329
6.0,R1,1,223,23,0.3405837536132624,0.8640767958527535,11,15,0,0,0,0,0.058361122005942755,0.0953597254917913,0.03699860348584854
6.0,R1,5,223,23,0.3405837536132624,0.8640767958527535,22,18,0,0,0,0,0.2134159598096297,0.11891023074674963,-0.09450572906288009
6.0,R1,9,223,23,0.3405837536132624,0.8640767958527535,11,27,0,0,0,0,0.18183772149925756,0.16632508582520086,-0.015512635674056696
