heading_column,column_a,column_b,alpha,target_total_recruited,a_recruited,a_total,b_recruited,b_total,total_recruited,a_body_ids,b_body_ids,Delta7_spikes,PFL2_spikes,PFL3_spikes,DNa03_spikes,DNa03_L_spikes,DNa03_R_spikes,DNa02_spikes,DNa02_L_spikes,DNa02_R_spikes,DNa02_L_v,DNa02_R_v,left_activity,right_activity,activity_difference,steering
L1,1,2,0.0,9,9,9,0,11,9,"34203,46169,55415,60670,68502,140787,529992,532704,537128",,11,11,10,4,2,2,0,0,0,0.1195693831532578,0.1384605359583034,0.1195693831532578,0.1384605359583034,0.018891152805045608,0.008540173746338375
L1,1,2,0.1,9,8,9,1,11,9,"34203,46169,60670,68502,140787,529992,532704,537128",33356,11,5,13,1,0,1,1,0,1,0.11508338369421481,0.15543921035217967,0.11508338369421481,0.3554392103521797,0.24035582665796487,0.10823528996960877
L1,1,2,0.2,9,7,9,2,11,9,"34203,60670,68502,140787,529992,532704,537128","33356,51782",11,5,12,2,0,2,2,0,2,0.11508338369421481,0.12627289805102565,0.11508338369421481,0.5262728980510256,0.41118951435681084,0.18378002657735587
L1,1,2,0.30000000000000004,10,7,9,3,11,10,"34203,60670,68502,140787,529992,532704,537128","67361,103466,526406",11,9,19,9,4,5,7,2,5,0.6907420894096681,0.023230193801032206,1.0907420894096682,1.0232301938010322,-0.06751189560863602,-0.03051155084230603
L1,1,2,0.4,10,6,9,4,11,10,"34203,55415,60670,529992,532704,537128","29674,51782,67361,529266",11,8,20,10,5,5,10,5,5,0.023230193801032206,0.023230193801032206,1.0232301938010322,1.0232301938010322,0.0,0.0
L1,1,2,0.5,10,5,9,5,11,10,"34203,55415,529992,532704,537128","29674,50885,139763,151739,515233",11,10,19,10,5,5,7,2,5,0.4871956739254678,0.023230193801032206,0.8871956739254678,1.0232301938010322,0.13603451987556436,0.06142156759334889
L1,1,2,0.6000000000000001,10,4,9,6,11,10,"46169,60670,68502,140787","33356,51782,67361,103466,526406,529266",11,10,15,10,5,5,5,0,5,0.1910646795271732,0.023230193801032206,0.1910646795271732,1.0232301938010322,0.832165514273859,0.3594101818863824
L1,1,2,0.7000000000000001,10,3,9,7,11,10,"46169,68502,140787","33356,50885,103466,139763,151739,515233,526406",11,15,19,11,4,7,3,0,3,0.38287789927265764,0.7265160089200309,0.38287789927265764,1.3265160089200307,0.9436381096473732,0.4024787880264846
L1,1,2,0.8,11,2,9,9,11,11,"46169,55415","29674,50885,67361,103466,139763,151739,515233,526406,529266",11,16,29,10,5,5,5,0,5,0.5369853027887578,0.35712358059968535,0.5369853027887578,1.3571235805996853,0.8201382778109275,0.35466600956158284
L1,1,2,0.9,11,1,9,10,11,11,55415,"29674,50885,51782,67361,103466,139763,151739,515233,526406,529266",11,16,30,12,5,7,7,0,7,0.5369853027887578,0.35712358059968535,0.5369853027887578,1.7571235805996852,1.2201382778109275,0.5017218378191038
L1,1,2,1.0,11,0,9,11,11,11,,"29674,33356,50885,51782,67361,103466,139763,151739,515233,526406,529266",11,12,30,12,5,7,7,0,7,0.5369853027887578,0.35712358059968535,0.5369853027887578,1.7571235805996852,1.2201382778109275,0.5017218378191038
L1,2,3,0.0,11,11,11,0,11,11,"29674,33356,50885,51782,67361,103466,139763,151739,515233,526406,529266",,11,12,30,12,5,7,7,0,7,0.5369853027887578,0.35712358059968535,0.5369853027887578,1.7571235805996852,1.2201382778109275,0.5017218378191038
L1,2,3,0.1,11,10,11,1,11,11,"29674,50885,51782,67361,103466,139763,151739,515233,526406,529266",141430,11,11,27,10,5,5,5,0,5,0.5369853027887578,0.35712358059968535,0.5369853027887578,1.3571235805996853,0.8201382778109275,0.35466600956158284
L1,2,3,0.2,11,9,11,2,11,11,"29674,50885,67361,103466,139763,151739,515233,526406,529266","79204,140794",11,11,15,7,2,5,5,0,5,0.12385927517206936,0.023230193801032206,0.12385927517206936,1.0232301938010322,0.8993709186289628,0.38557421583237084
L1,2,3,0.30000000000000004,11,8,11,3,11,11,"29674,33356,50885,67361,139763,151739,515233,529266","71855,137990,141430",11,5,15,5,0,5,5,0,5,0.1193732757130263,0.023230193801032206,0.1193732757130263,1.0232301938010322,0.9038569180880058,0.38729940682526326
L1,2,3,0.4,11,7,11,4,11,11,"33356,50885,103466,139763,151739,515233,526406","79204,87630,89635,546044",11,8,18,8,3,5,6,1,5,0.20689088837267253,0.023230193801032206,0.4068908883726725,1.0232301938010322,0.6163393054283597,0.2716430548978911
L1,2,3,0.5,11,5,11,6,11,11,"29674,50885,139763,151739,515233","71855,141430,236557,524977,546044,560327",11,6,14,4,1,3,1,0,1,0.051993489776946004,0.24714211526829327,0.051993489776946004,0.4471421152682933,0.39514862549134727,0.17676390631138805
L1,2,3,0.6000000000000001,11,4,11,7,11,11,"29674,51782,67361,529266","71855,137990,140794,141430,236557,524977,560327",11,3,18,1,0,1,0,0,0,0.12026583063723015,0.17629244599258231,0.12026583063723015,0.17629244599258231,0.056026615355352166,0.02532330186136519
L1,2,3,0.7000000000000001,11,3,11,8,11,11,"67361,103466,526406","79204,87630,89635,140794,236557,524977,546044,560327",11,10,24,8,3,5,6,1,5,0.12402593305514563,0.2916822825763585,0.32402593305514565,1.2916822825763585,0.9676563495212129,0.4115381745954257
L1,2,3,0.8,11,2,11,9,11,11,"33356,51782","71855,87630,89635,137990,141430,236557,524977,546044,560327",11,15,32,10,5,5,7,2,5,0.24214986265030883,0.5505041884440314,0.6421498626503088,1.5505041884440314,0.9083543257937226,0.3890262667569176
L1,2,3,0.9,11,1,11,10,11,11,33356,"71855,79204,87630,89635,137990,140794,236557,524977,546044,560327",11,15,37,10,5,5,7,2,5,0.24214986265030883,0.5505380374750264,0.6421498626503088,1.5505380374750264,0.9083881748247176,0.3890392533567139
L1,2,3,1.0,11,0,11,11,11,11,,"71855,79204,87630,89635,137990,140794,141430,236557,524977,546044,560327",11,15,37,10,5,5,7,2,5,0.24214986265030883,0.5505380374750264,0.6421498626503088,1.5505380374750264,0.9083881748247176,0.3890392533567139
L1,3,4,0.0,11,11,11,0,10,11,"71855,79204,87630,89635,137990,140794,141430,236557,524977,546044,560327",,11,15,37,10,5,5,7,2,5,0.24214986265030883,0.5505380374750264,0.6421498626503088,1.5505380374750264,0.9083881748247176,0.3890392533567139
L1,3,4,0.1,11,10,11,1,10,11,"71855,79204,87630,89635,137990,140794,236557,524977,546044,560327",115674,11,21,32,10,5,5,8,3,5,0.023230193801032206,0.2820859486997002,0.6232301938010322,1.2820859486997003,0.6588557548986681,0.28935109195973296
L1,3,4,0.2,11,9,11,2,10,11,"71855,87630,89635,137990,141430,236557,524977,546044,560327","99820,241046",11,19,33,14,7,7,6,1,5,0.5248814304459296,0.2820859486997002,0.7248814304459297,1.2820859486997003,0.5572045182537706,0.24670672622662124
L1,3,4,0.30000000000000004,11,8,11,3,10,11,"79204,87630,89635,140794,236557,524977,546044,560327","99820,107690,241046",11,11,25,10,5,5,7,2,5,0.24114194483199022,0.023264042832027043,0.6411419448319903,1.023264042832027,0.3821220980000367,0.1710529543496122
L1,3,4,0.4,11,7,11,4,10,11,"71855,137990,140794,141430,236557,524977,560327","41941,99820,241046,519358",11,11,29,12,5,7,9,2,7,0.24114194483199022,0.3497973694290397,0.6411419448319903,1.7497973694290396,1.1086554245970492,0.4630642948886977
L1,3,4,0.5,10,5,11,5,10,10,"79204,87630,89635,137990,140794","36201,41941,66750,107690,519358",11,14,21,12,5,7,5,0,5,0.13823665653068473,0.3497973694290397,0.13823665653068473,1.3497973694290397,1.211560712898355,0.49881455181282197
L1,3,4,0.6000000000000001,10,4,11,6,10,10,"79204,87630,89635,546044","36201,66750,95713,107690,115674,170539",11,14,16,8,5,3,0,0,0,0.13823665653068473,0.495813711279492,0.13823665653068473,0.495813711279492,0.35757705474880724,0.16026117204373977
L1,3,4,0.7000000000000001,10,3,11,7,10,10,"71855,137990,141430","36201,41941,66750,95713,115674,170539,519358",11,16,22,10,5,5,0,0,0,0.5214318429675633,0.5741875434109148,0.5214318429675633,0.5741875434109148,0.05275570044335154,0.023845468698112205
L1,3,4,0.8,10,2,11,8,10,10,"79204,140794","36201,41941,66750,95713,107690,115674,170539,519358",11,16,27,10,5,5,5,5,0,0.3345249768053443,0.5741875434109148,1.3345249768053442,0.5741875434109148,-0.7603374333944294,-0.33080876079892085
L1,3,4,0.9,10,1,11,9,10,10,141430,"36201,41941,66750,95713,99820,107690,170539,241046,519358",11,22,32,22,11,11,10,5,5,0.5934851490557708,0.7249685293157602,1.5934851490557707,1.7249685293157602,0.1314833802599895,0.05937157772132227
L1,3,4,1.0,10,0,11,10,10,10,,"36201,41941,66750,95713,99820,107690,115674,170539,241046,519358",11,22,32,22,11,11,10,5,5,0.5934851490557708,0.7249685293157602,1.5934851490557707,1.7249685293157602,0.1314833802599895,0.05937157772132227
L1,4,5,0.0,10,10,10,0,10,10,"36201,41941,66750,95713,99820,107690,115674,170539,241046,519358",,11,22,32,22,11,11,10,5,5,0.5934851490557708,0.7249685293157602,1.5934851490557707,1.7249685293157602,0.1314833802599895,0.05937157772132227
L1,4,5,0.1,10,9,10,1,10,10,"36201,41941,66750,95713,99820,107690,170539,241046,519358",124562,11,22,32,22,11,11,10,5,5,0.5934851490557708,0.7249685293157602,1.5934851490557707,1.7249685293157602,0.1314833802599895,0.05937157772132227
L1,4,5,0.2,10,8,10,2,10,10,"36201,41941,66750,95713,107690,115674,170539,519358","82293,153441",11,16,26,10,5,5,10,5,5,0.023230193801032206,0.44683772171028213,1.0232301938010322,1.4468377217102821,0.42360752790924994,0.18919874713252147
L1,4,5,0.30000000000000004,10,7,10,3,10,10,"36201,41941,66750,95713,115674,170539,519358","91537,96384,148830",11,16,32,10,5,5,10,5,5,0.36426422766257677,0.44683772171028213,1.3642642276625767,1.4468377217102821,0.08257349404770542,0.037312796215133795
L1,4,5,0.4,10,6,10,4,10,10,"36201,66750,95713,107690,115674,170539","68579,82293,96384,148830",11,21,22,10,5,5,6,1,5,0.5606526214717388,0.12027054608227443,0.7606526214717388,1.1202705460822744,0.35961792461053554,0.16115998593313427
L1,4,5,0.5,10,5,10,5,10,10,"36201,41941,66750,107690,519358","68579,82293,96384,148830,153441",11,16,21,10,5,5,5,0,5,0.5615313472293377,0.12027054608227443,0.5615313472293377,1.1202705460822744,0.5587391988529367,0.24735819079350022
L1,4,5,0.6000000000000001,10,4,10,6,10,10,"41941,99820,241046,519358","91537,124562,131273,137299,153441,153558",11,16,16,10,5,5,0,0,0,0.5615313472293377,0.34521642344965253,0.5615313472293377,0.34521642344965253,-0.2163149237796852,-0.09748188749250455
L1,4,5,0.7000000000000001,10,3,10,7,10,10,"99820,107690,241046","68579,82293,124562,131273,137299,153441,153558",11,22,16,22,11,11,5,0,5,0.8390139888757363,0.4954078569379998,0.8390139888757363,1.4954078569379998,0.6563938680622635,0.28833096816022075
L1,4,5,0.8,10,2,10,8,10,10,"99820,241046","68579,91537,96384,124562,131273,137299,148830,153558",11,22,16,22,11,11,5,0,5,0.8390139888757363,0.4954078569379998,0.8390139888757363,1.4954078569379998,0.6563938680622635,0.28833096816022075
L1,4,5,0.9,10,1,10,9,10,10,115674,"68579,82293,91537,96384,131273,137299,148830,153441,153558",11,22,22,22,11,11,8,3,5,0.783270710341963,0.4954078569379998,1.383270710341963,1.4954078569379998,0.1121371465960368,0.05065198614910051
L1,4,5,1.0,10,0,10,10,10,10,,"68579,82293,91537,96384,124562,131273,137299,148830,153441,153558",11,22,26,22,11,11,10,5,5,0.6232243999130034,0.49544170596899484,1.6232243999130034,1.4954417059689948,-0.12778269394400854,-0.05770429124361521
L1,5,6,0.0,10,10,10,0,10,10,"68579,82293,91537,96384,124562,131273,137299,148830,153441,153558",,11,22,26,22,11,11,10,5,5,0.6232243999130034,0.49544170596899484,1.6232243999130034,1.4954417059689948,-0.12778269394400854,-0.05770429124361521
L1,5,6,0.1,10,9,10,1,10,10,"68579,82293,91537,96384,131273,137299,148830,153441,153558",67741,11,22,20,22,11,11,10,5,5,0.28219036605145864,0.49544170596899484,1.2821903660514586,1.4954417059689948,0.2132513399175362,0.0961098681739841
L1,5,6,0.2,10,8,10,2,10,10,"68579,91537,96384,124562,131273,137299,148830,153558","101011,530445",11,16,20,10,5,5,10,5,5,0.023230193801032206,0.12030439511326933,1.0232301938010322,1.1203043951132694,0.09707420131223721,0.04385750740489169
L1,5,6,0.30000000000000004,10,7,10,3,10,10,"68579,82293,124562,131273,137299,153441,153558","67741,106495,530445",11,16,15,10,5,5,4,1,3,0.214111789731908,0.41110609504445056,0.414111789731908,1.0111060950444506,0.5969943053125426,0.2635237490803609
L1,5,6,0.4,10,6,10,4,10,10,"91537,124562,131273,137299,153441,153558","67741,106495,119544,530445",11,17,10,6,3,3,1,0,1,0.1379972892830817,0.282563221046368,0.1379972892830817,0.482563221046368,0.3445659317632863,0.15452478881109083
L1,5,6,0.5,10,5,10,5,10,10,"68579,82293,96384,148830,153441","39538,106495,115261,127661,551404",11,14,10,6,3,3,0,0,0,0.1379972892830817,0.2770253885219462,0.1379972892830817,0.2770253885219462,0.1390280992388645,0.06276969734917758
L1,5,6,0.6000000000000001,10,4,10,6,10,10,"68579,82293,96384,148830","39538,56382,101011,115261,127661,551404",11,16,16,10,5,5,4,1,3,0.20894904471108755,0.12027054608227443,0.40894904471108756,0.7202705460822744,0.3113215013711868,0.1398213525458865
L1,5,6,0.7000000000000001,10,3,10,7,10,10,"91537,96384,148830","39538,56382,101011,115261,119544,127661,551404",11,22,20,22,11,11,10,5,5,0.28219036605145864,0.3983675046567576,1.2821903660514586,1.3983675046567576,0.11617713860529899,0.0524735440645343
L1,5,6,0.8,10,2,10,8,10,10,"82293,153441","39538,56382,67741,106495,115261,119544,127661,551404",11,22,20,22,11,11,10,5,5,0.28219036605145864,0.3983675046567576,1.2821903660514586,1.3983675046567576,0.11617713860529899,0.0524735440645343
L1,5,6,0.9,10,1,10,9,10,10,124562,"39538,56382,101011,106495,115261,119544,127661,530445,551404",11,22,26,22,11,11,10,5,5,0.28219036605145864,0.6934664891521195,1.2821903660514586,1.6934664891521196,0.411276123100661,0.1838178582588432
L1,5,6,1.0,10,0,10,10,10,10,,"39538,56382,67741,101011,106495,115261,119544,127661,530445,551404",11,22,26,22,11,11,10,5,5,0.28219036605145864,0.6934664891521195,1.2821903660514586,1.6934664891521196,0.411276123100661,0.1838178582588432
L1,6,7,0.0,10,10,10,0,10,10,"39538,56382,67741,101011,106495,115261,119544,127661,530445,551404",,11,22,26,22,11,11,10,5,5,0.28219036605145864,0.6934664891521195,1.2821903660514586,1.6934664891521196,0.411276123100661,0.1838178582588432
L1,6,7,0.1,10,9,10,1,10,10,"39538,56382,101011,106495,115261,119544,127661,530445,551404",68271,11,22,19,22,11,11,4,1,3,0.47321712272853705,0.8716094786721009,0.6732171227285371,1.471609478672101,0.798392355943564,0.34604186022652467
L1,6,7,0.2,10,8,10,2,10,10,"39538,56382,67741,106495,115261,119544,127661,551404","85400,533436",11,22,10,22,11,11,0,0,0,0.4521753422940894,0.6175105913077146,0.4521753422940894,0.6175105913077146,0.16533524901362517,0.0746064762789061
L1,6,7,0.30000000000000004,10,7,10,3,10,10,"39538,56382,101011,115261,119544,127661,551404","85400,533436,550660",11,22,10,22,11,11,0,0,0,0.4521753422940894,0.6175105913077146,0.4521753422940894,0.6175105913077146,0.16533524901362517,0.0746064762789061
L1,6,7,0.4,10,6,10,4,10,10,"39538,56382,101011,115261,127661,551404","45876,68271,122167,122334",11,16,10,10,5,5,0,0,0,0.17469270064769085,0.21554108730341145,0.17469270064769085,0.21554108730341145,0.0408483866557206,0.01846478893832084
L1,6,7,0.5,10,5,10,5,10,10,"39538,106495,115261,127661,551404","40179,85400,108286,122167,533436",11,16,5,10,5,5,0,0,0,0.17469270064769085,0.1338542642131204,0.17469270064769085,0.1338542642131204,-0.04083843643457044,-0.018460292139315423
L1,6,7,0.6000000000000001,10,4,10,6,10,10,"67741,106495,119544,530445","40179,45343,85400,108286,533436,550660",11,22,3,14,7,7,0,0,0,0.13689334507696413,0.15242328475623734,0.13689334507696413,0.15242328475623734,0.015529939679273214,0.007020716514899372
L1,6,7,0.7000000000000001,10,3,10,7,10,10,"67741,106495,530445","40179,45343,45876,68271,108286,122167,122334",11,15,10,10,5,5,0,0,0,0.1939212991064903,0.11116597520156701,0.1939212991064903,0.11116597520156701,-0.0827553239049233,-0.037394883823617026
L1,6,7,0.8,10,2,10,8,10,10,"101011,530445","40179,45343,45876,68271,108286,122167,122334,550660",11,15,15,10,5,5,1,1,0,0.19808784847278807,0.17289827358063675,0.3980878484727881,0.17289827358063675,-0.22518957489215136,-0.1014542715446066
L1,6,7,0.9,10,1,10,9,10,10,67741,"40179,45343,45876,85400,108286,122167,122334,533436,550660",11,15,18,10,5,5,0,0,0,0.2476636985242167,0.18979215224851356,0.2476636985242167,0.18979215224851356,-0.05787154627570315,-0.026156812315022083
L1,6,7,1.0,10,0,10,10,10,10,,"40179,45343,45876,68271,85400,108286,122167,122334,533436,550660",11,27,32,22,11,11,10,5,5,0.5506424548267846,0.5394003601071922,1.5506424548267845,1.5394003601071922,-0.011242094719592366,-0.00508232349498853
L1,7,8,0.0,10,10,10,0,11,10,"40179,45343,45876,68271,85400,108286,122167,122334,533436,550660",,11,27,32,22,11,11,10,5,5,0.5506424548267846,0.5394003601071922,1.5506424548267845,1.5394003601071922,-0.011242094719592366,-0.00508232349498853
L1,7,8,0.1,10,9,10,1,11,10,"40179,45343,45876,85400,108286,122167,122334,533436,550660",74326,11,15,20,10,5,5,0,0,0,0.2476636985242167,0.24175506823287443,0.2476636985242167,0.24175506823287443,-0.005908630291342282,-0.0026711888164139747
L1,7,8,0.2,10,8,10,2,11,10,"40179,45343,45876,68271,108286,122167,122334,550660","35277,119819",11,15,18,10,5,5,0,0,0,0.2476636985242167,0.18979215224851356,0.2476636985242167,0.18979215224851356,-0.05787154627570315,-0.026156812315022083
L1,7,8,0.30000000000000004,10,7,10,3,11,10,"40179,45343,45876,68271,108286,122167,122334","33382,64270,119819",11,10,15,10,5,5,0,0,0,0.2476636985242167,0.17289827358063675,0.2476636985242167,0.17289827358063675,-0.07476542494357996,-0.03378736059844948
L1,7,8,0.4,10,6,10,4,11,10,"40179,45343,85400,108286,533436,550660","33382,64270,112888,119819",11,10,13,6,5,1,0,0,0,0.2476636985242167,0.04649078217721731,0.2476636985242167,0.04649078217721731,-0.2011729163469994,-0.09069706228465624
L1,7,8,0.5,10,5,10,5,11,10,"40179,85400,108286,122167,533436","33382,44554,64270,112888,119819",11,8,9,2,1,1,0,0,0,0.12018530105096145,0.030594217512159225,0.12018530105096145,0.030594217512159225,-0.08959108353880223,-0.04048053115043383
L1,7,8,0.6000000000000001,11,4,10,7,11,11,"45876,68271,122167,122334","35277,44554,50431,74326,97443,518606,534662",11,13,22,10,5,5,6,5,1,0.023230193801032206,0.19897703549025783,1.0232301938010322,0.39897703549025787,-0.6242531583107743,-0.27495354691324253
L1,7,8,0.7000000000000001,11,3,10,8,11,11,"85400,533436,550660","35277,44554,50431,74326,97443,112888,518606,534662",11,10,18,10,5,5,3,2,1,0.24475953674416237,0.22174155286430558,0.6447595367441624,0.4217415528643056,-0.22301798387985683,-0.10048253929946324
L1,7,8,0.8,11,2,10,9,11,11,"85400,533436","33382,44554,50431,64270,74326,97443,112888,518606,534662",11,16,19,10,5,5,5,2,3,0.24475953674416237,0.5561720988775677,0.6447595367441624,1.1561720988775677,0.5114125621334052,0.22716793095000704
L1,7,8,0.9,11,1,10,10,11,11,68271,"33382,35277,44554,50431,64270,97443,112888,119819,518606,534662",11,14,25,10,7,3,6,5,1,0.33842613284344086,0.27322145980321255,1.3384261328434408,0.47322145980321256,-0.8652046730402283,-0.3723468077259291
L1,7,8,1.0,11,0,10,11,11,11,,"33382,35277,44554,50431,64270,74326,97443,112888,119819,518606,534662",11,11,32,8,5,3,8,5,3,0.3384599818744356,0.5795079117445759,1.3384599818744356,1.179507911744576,-0.15895207012985968,-0.07173619780311442
L1,8,9,0.0,11,11,11,0,10,11,"33382,35277,44554,50431,64270,74326,97443,112888,119819,518606,534662",,11,11,32,8,5,3,8,5,3,0.3384599818744356,0.5795079117445759,1.3384599818744356,1.179507911744576,-0.15895207012985968,-0.07173619780311442
L1,8,9,0.1,11,10,11,1,10,11,"33382,35277,44554,50431,64270,97443,112888,119819,518606,534662",149740,11,11,32,8,5,3,8,5,3,0.3384599818744356,0.5795079117445759,1.3384599818744356,1.179507911744576,-0.15895207012985968,-0.07173619780311442
L1,8,9,0.2,11,9,11,2,10,11,"33382,44554,50431,64270,74326,97443,112888,518606,534662","50461,57603",11,11,24,8,5,3,8,5,3,0.33842613284344086,0.12027054608227443,1.3384261328434408,0.7202705460822744,-0.6181555867611664,-0.27240340648559846
L1,8,9,0.30000000000000004,11,8,11,3,10,11,"35277,44554,50431,74326,97443,112888,518606,534662","55401,132482,531073",11,11,21,5,5,0,5,5,0,0.33842613284344086,0.255259267551546,1.3384261328434408,0.255259267551546,-1.0831668652918949,-0.45396403052055334
L1,8,9,0.4,11,7,11,4,10,11,"35277,44554,50431,74326,97443,518606,534662","41559,57603,109752,531073",11,11,24,8,5,3,8,5,3,0.33842613284344086,0.12027054608227443,1.3384261328434408,0.7202705460822744,-0.6181555867611664,-0.27240340648559846
L1,8,9,0.5,10,5,11,5,10,10,"33382,44554,64270,112888,119819","41559,57603,109752,149740,531073",11,8,25,8,5,3,7,5,2,0.33842613284344086,0.4740184520123319,1.3384261328434408,0.874018452012332,-0.46440768083110884,-0.20691971408181514
L1,8,9,0.6000000000000001,10,4,11,6,10,10,"33382,64270,112888,119819","50461,55401,56905,74480,132482,149740",11,9,21,7,5,2,5,5,0,0.33842613284344086,0.14563215336000712,1.3384261328434408,0.14563215336000712,-1.1927939794834337,-0.4924144745529008
L1,8,9,0.7000000000000001,10,3,11,7,10,10,"33382,64270,119819","41559,50461,56905,57603,74480,109752,149740",11,9,21,8,5,3,2,2,0,0.24845107272333394,0.5428362888188838,0.6484510727233339,0.5428362888188838,-0.10561478390445012,-0.04771046692308973
L1,8,9,0.8,10,2,11,8,10,10,"35277,119819","41559,55401,56905,74480,109752,132482,149740,531073",11,9,15,7,5,2,2,2,0,0.24845107272333394,0.21751047447226227,0.6484510727233339,0.21751047447226227,-0.43094059825107167,-0.19239322294720496
L1,8,9,0.9,10,1,11,9,10,10,74326,"41559,50461,55401,56905,57603,74480,109752,132482,531073",11,13,27,13,7,6,6,5,1,0.2963402267493631,0.7432232211395086,1.2963402267493631,0.9432232211395086,-0.3531170056098545,-0.15829601070376517
L1,8,9,1.0,10,0,11,10,10,10,,"41559,50461,55401,56905,57603,74480,109752,132482,149740,531073",11,11,27,10,5,5,5,5,0,0.2963402267493631,0.5159645711637679,1.2963402267493631,0.5159645711637679,-0.7803756555855952,-0.3388520281849866
L1,9,1,0.0,10,10,10,0,9,10,"41559,50461,55401,56905,57603,74480,109752,132482,149740,531073",,11,11,27,10,5,5,5,5,0,0.2963402267493631,0.5159645711637679,1.2963402267493631,0.5159645711637679,-0.7803756555855952,-0.3388520281849866
L1,9,1,0.1,10,9,10,1,9,10,"41559,50461,55401,56905,57603,74480,109752,132482,531073",55415,11,5,21,5,5,0,2,2,0,0.24845107272333394,0.43897527515198875,0.6484510727233339,0.43897527515198875,-0.20947579757134516,-0.09441849783271151
L1,9,1,0.2,10,8,10,2,9,10,"41559,55401,56905,74480,109752,132482,149740,531073","46169,55415",11,5,15,5,5,0,2,2,0,0.24845107272333394,0.11396961208788045,0.6484510727233339,0.11396961208788045,-0.5344814606354534,-0.2370350733285724
L1,9,1,0.30000000000000004,10,7,10,3,9,10,"41559,50461,56905,57603,74480,109752,149740","46169,68502,140787",11,0,5,0,0,0,0,0,0,0.029999991161806773,0.11396961208788045,0.029999991161806773,0.11396961208788045,0.08396962092607368,0.03794306869041449
L1,9,1,0.4,10,6,10,4,9,10,"50461,55401,56905,74480,132482,149740","46169,60670,68502,140787",11,0,0,0,0,0,0,0,0,0.029999991161806773,0.029999991161806773,0.029999991161806773,0.029999991161806773,0.0,0.0
L1,9,1,0.5,10,5,10,5,9,10,"41559,57603,109752,149740,531073","34203,55415,529992,532704,537128",11,0,0,0,0,0,0,0,0,0.029999991161806773,0.029999991161806773,0.029999991161806773,0.029999991161806773,0.0,0.0
L1,9,1,0.6000000000000001,9,4,10,5,9,9,"41559,57603,109752,531073","34203,55415,529992,532704,537128",11,0,0,0,0,0,0,0,0,0.029999991161806773,0.029999991161806773,0.029999991161806773,0.029999991161806773,0.0,0.0
L1,9,1,0.7000000000000001,9,3,10,6,9,9,"55401,132482,531073","34203,55415,60670,529992,532704,537128",11,0,0,0,0,0,0,0,0,0.029999991161806773,0.029999991161806773,0.029999991161806773,0.029999991161806773,0.0,0.0
L1,9,1,0.8,9,2,10,7,9,9,"50461,57603","34203,60670,68502,140787,529992,532704,537128",11,4,2,0,0,0,0,0,0,0.05060653366509329,0.029999991161806773,0.05060653366509329,0.029999991161806773,-0.020606542503286515,-0.00931561153656836
L1,9,1,0.9,9,1,10,8,9,9,149740,"34203,46169,60670,68502,140787,529992,532704,537128",11,5,10,0,0,0,0,0,0,0.11508338369421481,0.13364302755581356,0.11508338369421481,0.13364302755581356,0.01855964386159875,0.008390314711999872
L1,9,1,1.0,9,0,10,9,9,9,,"34203,46169,55415,60670,68502,140787,529992,532704,537128",11,11,10,4,2,2,0,0,0,0.1195693831532578,0.1384605359583034,0.1195693831532578,0.1384605359583034,0.018891152805045608,0.008540173746338375
L5,1,2,0.0,9,9,9,0,11,9,"34203,46169,55415,60670,68502,140787,529992,532704,537128",,69,11,10,4,2,2,0,0,0,0.1195693831532578,0.1384605359583034,0.1195693831532578,0.1384605359583034,0.018891152805045608,0.008540173746338375
L5,1,2,0.1,9,8,9,1,11,9,"34203,46169,60670,68502,140787,529992,532704,537128",33356,69,5,10,0,0,0,0,0,0,0.11508338369421481,0.13364302755581356,0.11508338369421481,0.13364302755581356,0.01855964386159875,0.008390314711999872
L5,1,2,0.2,9,7,9,2,11,9,"34203,60670,68502,140787,529992,532704,537128","33356,51782",69,5,9,0,0,0,0,0,0,0.11508338369421481,0.41094411886196347,0.11508338369421481,0.41094411886196347,0.2958607351677487,0.13296184681975212
L5,1,2,0.30000000000000004,10,7,9,3,11,10,"34203,60670,68502,140787,529992,532704,537128","67361,103466,526406",69,10,15,10,5,5,5,5,0,0.023230193801032206,0.21063232356759268,1.0232301938010322,0.21063232356759268,-0.8125978702334395,-0.35168231678148315
L5,1,2,0.4,10,6,9,4,11,10,"34203,55415,60670,529992,532704,537128","29674,51782,67361,529266",69,8,15,8,5,3,5,5,0,0.023230193801032206,0.20583475933500073,1.0232301938010322,0.20583475933500073,-0.8173954344660315,-0.3535815149525713
L5,1,2,0.5,10,5,9,5,11,10,"34203,55415,529992,532704,537128","29674,50885,139763,151739,515233",69,10,20,10,5,5,10,5,5,0.023230193801032206,0.023230193801032206,1.0232301938010322,1.0232301938010322,0.0,0.0
L5,1,2,0.6000000000000001,10,4,9,6,11,10,"46169,60670,68502,140787","33356,51782,67361,103466,526406,529266",69,10,13,10,5,5,3,0,3,0.1910646795271732,0.18766430398543402,0.1910646795271732,0.787664303985434,0.5965996244582608,0.263357703455753
L5,1,2,0.7000000000000001,10,3,9,7,11,10,"46169,68502,140787","33356,50885,103466,139763,151739,515233,526406",69,16,11,10,5,5,1,0,1,0.1910646795271732,0.19864059252935007,0.1910646795271732,0.3986405925293501,0.20757591300217687,0.09356717927282575
L5,1,2,0.8,11,2,9,9,11,11,"46169,55415","29674,50885,67361,103466,139763,151739,515233,526406,529266",69,16,25,10,5,5,3,0,3,0.5369853027887578,0.5438457072564448,0.5369853027887578,1.1438457072564447,0.606860404467687,0.2676694063134118
L5,1,2,0.9,11,1,9,10,11,11,55415,"29674,50885,51782,67361,103466,139763,151739,515233,526406,529266",69,16,25,10,5,5,3,0,3,0.5369853027887578,0.5438457072564448,0.5369853027887578,1.1438457072564447,0.606860404467687,0.2676694063134118
L5,1,2,1.0,11,0,9,11,11,11,,"29674,33356,50885,51782,67361,103466,139763,151739,515233,526406,529266",69,14,23,14,7,7,1,0,1,0.7463878669654325,0.7811201618800339,0.7463878669654325,0.9811201618800338,0.23473229491460135,0.10572207986816923
L5,2,3,0.0,11,11,11,0,11,11,"29674,33356,50885,51782,67361,103466,139763,151739,515233,526406,529266",,69,14,23,14,7,7,1,0,1,0.7463878669654325,0.7811201618800339,0.7463878669654325,0.9811201618800338,0.23473229491460135,0.10572207986816923
L5,2,3,0.1,11,10,11,1,11,11,"29674,50885,51782,67361,103466,139763,151739,515233,526406,529266",141430,69,11,16,7,5,2,0,0,0,0.5369853027887578,0.12725366616024306,0.5369853027887578,0.12725366616024306,-0.40973163662851475,-0.18314312741708014
L5,2,3,0.2,11,9,11,2,11,11,"29674,50885,67361,103466,139763,151739,515233,526406,529266","79204,140794",69,11,10,4,2,2,0,0,0,0.12385927517206936,0.12725366616024306,0.12385927517206936,0.12725366616024306,0.0033943909881736928,0.0015345474750046145
L5,2,3,0.30000000000000004,11,8,11,3,11,11,"29674,33356,50885,67361,139763,151739,515233,529266","71855,137990,141430",69,5,6,0,0,0,0,0,0,0.1193732757130263,0.030384376509111993,0.1193732757130263,0.030384376509111993,-0.08898889920391431,-0.040208736576319765
L5,2,3,0.4,11,7,11,4,11,11,"33356,50885,103466,139763,151739,515233,526406","79204,87630,89635,546044",69,8,8,3,3,0,1,1,0,0.20689088837267253,0.029999991161806773,0.4068908883726725,0.029999991161806773,-0.3768908972108657,-0.16875628525225891
L5,2,3,0.5,11,5,11,6,11,11,"29674,50885,139763,151739,515233","71855,141430,236557,524977,546044,560327",69,6,5,1,1,0,0,0,0,0.0601837626836752,0.029999991161806773,0.0601837626836752,0.029999991161806773,-0.03018377152186843,-0.01364474282497675
L5,2,3,0.6000000000000001,11,4,11,7,11,11,"29674,51782,67361,529266","71855,137990,140794,141430,236557,524977,560327",69,3,15,0,0,0,0,0,0,0.12026583063723015,0.10880277327889493,0.12026583063723015,0.10880277327889493,-0.011463057358335221,-0.005182214460712609
L5,2,3,0.7000000000000001,11,3,11,8,11,11,"67361,103466,526406","79204,87630,89635,140794,236557,524977,546044,560327",69,5,15,2,1,1,0,0,0,0.12056395123405633,0.11373215956108441,0.12056395123405633,0.11373215956108441,-0.006831791672971918,-0.0030885315192881683
L5,2,3,0.8,11,2,11,9,11,11,"33356,51782","71855,87630,89635,137990,141430,236557,524977,546044,560327",69,8,20,8,4,4,3,1,2,0.43420407951285056,0.5596189794399916,0.6342040795128505,0.9596189794399916,0.3254148999271411,0.14606254235307406
L5,2,3,0.9,11,1,11,10,11,11,33356,"71855,79204,87630,89635,137990,140794,236557,524977,546044,560327",69,11,20,10,5,5,7,2,5,0.24214986265030883,0.023230193801032206,0.6421498626503088,1.0232301938010322,0.3810803311507234,0.1705957318267182
L5,2,3,1.0,11,0,11,11,11,11,,"71855,79204,87630,89635,137990,140794,141430,236557,524977,546044,560327",69,14,31,10,5,5,7,2,5,0.24214986265030883,0.2820859486997002,0.6421498626503088,1.2820859486997003,0.6399360860493915,0.28149468140279543
L5,3,4,0.0,11,11,11,0,10,11,"71855,79204,87630,89635,137990,140794,141430,236557,524977,546044,560327",,69,14,31,10,5,5,7,2,5,0.24214986265030883,0.2820859486997002,0.6421498626503088,1.2820859486997003,0.6399360860493915,0.28149468140279543
L5,3,4,0.1,11,10,11,1,10,11,"71855,79204,87630,89635,137990,140794,236557,524977,546044,560327",115674,69,15,27,10,5,5,7,2,5,0.24215212213728946,0.023264042832027043,0.6421521221372894,1.023264042832027,0.38111192069473754,0.1706095972874514
L5,3,4,0.2,11,9,11,2,10,11,"71855,87630,89635,137990,141430,236557,524977,546044,560327","99820,241046",69,12,23,10,5,5,8,3,5,0.023230193801032206,0.13897555592523203,0.6232301938010322,1.138975555925232,0.5157453621241997,0.22902480658013438
L5,3,4,0.30000000000000004,11,8,11,3,10,11,"79204,87630,89635,140794,236557,524977,546044,560327","99820,107690,241046",69,5,15,5,5,0,2,2,0,0.24114194483199022,0.12040794485189164,0.6411419448319903,0.12040794485189164,-0.5207339999800986,-0.231160686523671
L5,3,4,0.4,11,7,11,4,10,11,"71855,137990,140794,141430,236557,524977,560327","41941,99820,241046,519358",69,5,21,5,5,0,2,2,0,0.24114194483199022,0.47033327035960093,0.6411419448319903,0.47033327035960093,-0.17080867447238934,-0.07706669017725344
L5,3,4,0.5,10,5,11,5,10,10,"79204,87630,89635,137990,140794","36201,41941,66750,107690,519358",69,5,10,2,2,0,0,0,0,0.12066588384403489,0.12040794485189164,0.12066588384403489,0.12040794485189164,-0.0002579389921432418,-0.00011661000143495853
L5,3,4,0.6000000000000001,10,4,11,6,10,10,"79204,87630,89635,546044","36201,66750,95713,107690,115674,170539",69,5,10,2,2,0,0,0,0,0.12066588384403489,0.12040794485189164,0.12066588384403489,0.12040794485189164,-0.0002579389921432418,-0.00011661000143495853
L5,3,4,0.7000000000000001,10,3,11,7,10,10,"71855,137990,141430","36201,41941,66750,95713,115674,170539,519358",69,10,22,10,5,5,0,0,0,0.5214318429675633,0.5741875434109148,0.5214318429675633,0.5741875434109148,0.05275570044335154,0.023845468698112205
L5,3,4,0.8,10,2,11,8,10,10,"79204,140794","36201,41941,66750,95713,107690,115674,170539,519358",69,16,27,10,5,5,5,5,0,0.3345249768053443,0.5741875434109148,1.3345249768053442,0.5741875434109148,-0.7603374333944294,-0.33080876079892085
L5,3,4,0.9,10,1,11,9,10,10,141430,"36201,41941,66750,95713,99820,107690,170539,241046,519358",69,16,32,10,5,5,10,5,5,0.3345249768053443,0.3497973694290397,1.3345249768053442,1.3497973694290397,0.015272392623695508,0.006904289345431059
L5,3,4,1.0,10,0,11,10,10,10,,"36201,41941,66750,95713,99820,107690,115674,170539,241046,519358",69,16,32,10,5,5,10,5,5,0.3345249768053443,0.3497973694290397,1.3345249768053442,1.3497973694290397,0.015272392623695508,0.006904289345431059
L5,4,5,0.0,10,10,10,0,10,10,"36201,41941,66750,95713,99820,107690,115674,170539,241046,519358",,69,16,32,10,5,5,10,5,5,0.3345249768053443,0.3497973694290397,1.3345249768053442,1.3497973694290397,0.015272392623695508,0.006904289345431059
L5,4,5,0.1,10,9,10,1,10,10,"36201,41941,66750,95713,99820,107690,170539,241046,519358",124562,69,10,32,10,5,5,10,5,5,0.3345249768053443,0.3497973694290397,1.3345249768053442,1.3497973694290397,0.015272392623695508,0.006904289345431059
L5,4,5,0.2,10,8,10,2,10,10,"36201,41941,66750,95713,107690,115674,170539,519358","82293,153441",69,14,20,10,5,5,10,5,5,0.023230193801032206,0.12027054608227443,1.0232301938010322,1.1202705460822744,0.09704035228124219,0.04384223423528824
L5,4,5,0.30000000000000004,10,7,10,3,10,10,"36201,41941,66750,95713,115674,170539,519358","91537,96384,148830",69,8,26,10,5,5,10,5,5,0.36426422766257677,0.023230193801032206,1.3642642276625767,1.0232301938010322,-0.3410340338615445,-0.15296581835818993
L5,4,5,0.4,10,6,10,4,10,10,"36201,66750,95713,107690,115674,170539","68579,82293,96384,148830",69,5,24,8,3,5,6,1,5,0.5769660389604763,0.023230193801032206,0.7769660389604762,1.0232301938010322,0.24626415484055597,0.11087428821750078
L5,4,5,0.5,10,5,10,5,10,10,"36201,41941,66750,107690,519358","68579,82293,96384,148830,153441",69,5,16,2,2,0,0,0,0,0.4943259428742342,0.13738085835912667,0.4943259428742342,0.13738085835912667,-0.35694508451510754,-0.15998279379749042
L5,4,5,0.6000000000000001,10,4,10,6,10,10,"41941,99820,241046,519358","91537,124562,131273,137299,153441,153558",69,5,16,2,2,0,0,0,0,0.4943259428742342,0.13738085835912667,0.4943259428742342,0.13738085835912667,-0.35694508451510754,-0.15998279379749042
L5,4,5,0.7000000000000001,10,3,10,7,10,10,"99820,107690,241046","68579,82293,124562,131273,137299,153441,153558",69,10,16,10,5,5,0,0,0,0.5615313472293377,0.24123513141044003,0.5615313472293377,0.24123513141044003,-0.32029621581889767,-0.1437970763159281
L5,4,5,0.8,10,2,10,8,10,10,"99820,241046","68579,91537,96384,124562,131273,137299,148830,153558",69,10,17,10,5,5,1,0,1,0.5615313472293377,0.24026417994728613,0.5615313472293377,0.44026417994728617,-0.12126716728205156,-0.0547680456514073
L5,4,5,0.9,10,1,10,9,10,10,115674,"68579,82293,91537,96384,131273,137299,148830,153441,153558",69,16,23,12,7,5,7,4,3,0.003928410133642196,0.12027054608227443,0.8039284101336422,0.7202705460822744,-0.08365786405136788,-0.03780233066005157
L5,4,5,1.0,10,0,10,10,10,10,,"68579,82293,91537,96384,124562,131273,137299,148830,153441,153558",69,16,26,10,5,5,10,5,5,0.36426422766257677,0.12030439511326933,1.3642642276625767,1.1203043951132694,-0.2439598325493073,-0.10984522959138093
L5,5,6,0.0,10,10,10,0,10,10,"68579,82293,91537,96384,124562,131273,137299,148830,153441,153558",,69,16,26,10,5,5,10,5,5,0.36426422766257677,0.12030439511326933,1.3642642276625767,1.1203043951132694,-0.2439598325493073,-0.10984522959138093
L5,5,6,0.1,10,9,10,1,10,10,"68579,82293,91537,96384,131273,137299,148830,153441,153558",67741,69,16,20,10,5,5,10,5,5,0.023230193801032206,0.12030439511326933,1.0232301938010322,1.1203043951132694,0.09707420131223721,0.04385750740489169
L5,5,6,0.2,10,8,10,2,10,10,"68579,91537,96384,124562,131273,137299,148830,153558","101011,530445",69,11,20,10,5,5,10,5,5,0.023230193801032206,0.12027054608227443,1.0232301938010322,1.1202705460822744,0.09704035228124219,0.04384223423528824
L5,5,6,0.30000000000000004,10,7,10,3,10,10,"68579,82293,124562,131273,137299,153441,153558","67741,106495,530445",69,11,13,5,3,2,1,1,0,0.160025817363331,0.2629537250988057,0.360025817363331,0.2629537250988057,-0.09707209226452529,-0.043856555772830444
L5,5,6,0.4,10,6,10,4,10,10,"91537,124562,131273,137299,153441,153558","67741,106495,119544,530445",69,11,10,4,2,2,0,0,0,0.12489394431093448,0.2629537250988057,0.12489394431093448,0.2629537250988057,0.13805978078787123,0.06233364924551085
L5,5,6,0.5,10,5,10,5,10,10,"68579,82293,96384,148830,153441","39538,106495,115261,127661,551404",69,11,10,4,2,2,0,0,0,0.12489394431093448,0.2629537250988057,0.12489394431093448,0.2629537250988057,0.13805978078787123,0.06233364924551085
L5,5,6,0.6000000000000001,10,4,10,6,10,10,"68579,82293,96384,148830","39538,56382,101011,115261,127661,551404",69,11,13,5,2,3,1,0,1,0.12489394431093448,0.2957817506849379,0.12489394431093448,0.4957817506849379,0.3708878063740034,0.16611847268310342
L5,5,6,0.7000000000000001,10,3,10,7,10,10,"91537,96384,148830","39538,56382,101011,115261,119544,127661,551404",69,16,18,10,5,5,8,3,5,0.18082722122315506,0.12027054608227443,0.7808272212231551,1.1202705460822744,0.3394433248591193,0.1522634343534462
L5,5,6,0.8,10,2,10,8,10,10,"82293,153441","39538,56382,67741,106495,115261,119544,127661,551404",69,16,19,10,5,5,7,2,5,0.4445189567102564,0.12027054608227443,0.8445189567102565,1.1202705460822744,0.27575158937201794,0.12402098842547285
L5,5,6,0.9,10,1,10,9,10,10,124562,"39538,56382,101011,106495,115261,119544,127661,530445,551404",69,22,26,22,11,11,10,5,5,0.28219036605145864,0.6934664891521195,1.2821903660514586,1.6934664891521196,0.411276123100661,0.1838178582588432
L5,5,6,1.0,10,0,10,10,10,10,,"39538,56382,67741,101011,106495,115261,119544,127661,530445,551404",69,22,26,22,11,11,10,5,5,0.28219036605145864,0.6934664891521195,1.2821903660514586,1.6934664891521196,0.411276123100661,0.1838178582588432
L5,6,7,0.0,10,10,10,0,10,10,"39538,56382,67741,101011,106495,115261,119544,127661,530445,551404",,69,22,26,22,11,11,10,5,5,0.28219036605145864,0.6934664891521195,1.2821903660514586,1.6934664891521196,0.411276123100661,0.1838178582588432
L5,6,7,0.1,10,9,10,1,10,10,"39538,56382,101011,106495,115261,119544,127661,530445,551404",68271,69,16,20,10,5,5,2,2,0,0.4911496540534439,0.5317111474902247,0.8911496540534439,0.5317111474902247,-0.3594385065632192,-0.1610809796180683
L5,6,7,0.2,10,8,10,2,10,10,"39538,56382,67741,106495,115261,119544,127661,551404","85400,533436",69,10,13,10,5,5,1,1,0,0.1958169893507189,0.21554108730341145,0.3958169893507189,0.21554108730341145,-0.18027590204730745,-0.08131982019979196
L5,6,7,0.30000000000000004,10,7,10,3,10,10,"39538,56382,101011,115261,119544,127661,551404","85400,533436,550660",69,10,12,10,5,5,1,0,1,0.3700106152308751,0.23057627692573576,0.3700106152308751,0.43057627692573575,0.06056566169486066,0.02737390517449587
L5,6,7,0.4,10,6,10,4,10,10,"39538,56382,101011,115261,127661,551404","45876,68271,122167,122334",69,5,14,5,0,5,2,0,2,0.29831921141672796,0.23914200439062785,0.29831921141672796,0.6391420043906278,0.3408227929738999,0.1528725529706305
L5,6,7,0.5,10,5,10,5,10,10,"39538,106495,115261,127661,551404","40179,85400,108286,122167,533436",69,5,11,1,0,1,0,0,0,0.03485261268210234,0.11312300751924723,0.03485261268210234,0.11312300751924723,0.07827039483714489,0.035370005250500824
L5,6,7,0.6000000000000001,10,4,10,6,10,10,"67741,106495,119544,530445","40179,45343,85400,108286,533436,550660",69,8,11,5,2,3,0,0,0,0.030621579549160404,0.16990343190609777,0.030621579549160404,0.16990343190609777,0.13928185235693738,0.0628839621711067
L5,6,7,0.7000000000000001,10,3,10,7,10,10,"67741,106495,530445","40179,45343,45876,68271,108286,122167,122334",69,15,11,10,5,5,0,0,0,0.10199496265154788,0.24175506823287443,0.10199496265154788,0.24175506823287443,0.13976010558132657,0.06309931472370517
L5,6,7,0.8,10,2,10,8,10,10,"101011,530445","40179,45343,45876,68271,108286,122167,122334,550660",69,15,21,10,5,5,2,0,2,0.1760105728398442,0.4811334344233794,0.1760105728398442,0.8811334344233794,0.7051228615835352,0.30839841512627625
L5,6,7,0.9,10,1,10,9,10,10,67741,"40179,45343,45876,85400,108286,122167,122334,533436,550660",69,12,21,10,5,5,2,0,2,0.1760105728398442,0.4811334344233794,0.1760105728398442,0.8811334344233794,0.7051228615835352,0.30839841512627625
L5,6,7,1.0,10,0,10,10,10,10,,"40179,45343,45876,68271,85400,108286,122167,122334,533436,550660",69,22,32,16,5,11,5,0,5,0.2476636985242167,0.7881214961862294,0.2476636985242167,1.7881214961862293,1.5404577976620126,0.602087807635967
L5,7,8,0.0,10,10,10,0,11,10,"40179,45343,45876,68271,85400,108286,122167,122334,533436,550660",,69,22,32,16,5,11,5,0,5,0.2476636985242167,0.7881214961862294,0.2476636985242167,1.7881214961862293,1.5404577976620126,0.602087807635967
L5,7,8,0.1,10,9,10,1,11,10,"40179,45343,45876,85400,108286,122167,122334,533436,550660",74326,69,10,28,10,5,5,5,0,5,0.1763085342613954,0.5100245376117463,0.1763085342613954,1.5100245376117463,1.3337160033503508,0.5391462486490828
L5,7,8,0.2,10,8,10,2,11,10,"40179,45343,45876,68271,108286,122167,122334,550660","35277,119819",69,10,24,10,5,5,2,0,2,0.18077357668604868,0.4811334344233794,0.18077357668604868,0.8811334344233794,0.7003598577373308,0.30644864437911734
L5,7,8,0.30000000000000004,10,7,10,3,11,10,"40179,45343,45876,68271,108286,122167,122334","33382,64270,119819",69,10,22,8,3,5,2,0,2,0.04446876786127713,0.4811334344233794,0.04446876786127713,0.8811334344233794,0.8366646665621023,0.36118013629329326
L5,7,8,0.4,10,6,10,4,11,10,"40179,45343,85400,108286,533436,550660","33382,64270,112888,119819",69,10,16,5,0,5,2,0,2,0.029999991161806773,0.4811334344233794,0.029999991161806773,0.8811334344233794,0.8511334432615727,0.36685445384655013
L5,7,8,0.5,10,5,10,5,11,10,"40179,85400,108286,122167,533436","33382,44554,64270,112888,119819",69,9,10,4,2,2,2,0,2,0.03448599062084974,0.15531817900998152,0.03448599062084974,0.5553181790099815,0.5208321883891317,0.2312027035092858
L5,7,8,0.6000000000000001,11,4,10,7,11,11,"45876,68271,122167,122334","35277,44554,50431,74326,97443,518606,534662",69,12,26,10,5,5,5,0,5,0.17334452066032607,0.26133725056370394,0.17334452066032607,1.261337250563704,1.0879927299033778,0.45569439761331537
L5,7,8,0.7000000000000001,11,3,10,8,11,11,"85400,533436,550660","35277,44554,50431,74326,97443,112888,518606,534662",69,16,26,10,5,5,5,0,5,0.17334452066032607,0.3583776028449462,0.17334452066032607,1.3583776028449461,1.18503308218462,0.48975204206134615
L5,7,8,0.8,11,2,10,9,11,11,"85400,533436","33382,44554,50431,64270,74326,97443,112888,518606,534662",69,16,26,10,5,5,5,0,5,0.17334452066032607,0.3583776028449462,0.17334452066032607,1.3583776028449461,1.18503308218462,0.48975204206134615
L5,7,8,0.9,11,1,10,10,11,11,68271,"33382,35277,44554,50431,64270,97443,112888,119819,518606,534662",69,14,29,12,5,7,9,2,7,0.24475953674416237,0.4613045799438192,0.6447595367441624,1.861304579943819,1.2165450431996567,0.5005053172720156
L5,7,8,1.0,11,0,10,11,11,11,,"33382,35277,44554,50431,64270,74326,97443,112888,119819,518606,534662",69,14,27,14,7,7,8,3,5,0.023230193801032206,0.4613384289748139,0.6232301938010322,1.461338428974814,0.8381082351737817,0.3617474820766832
L5,8,9,0.0,11,11,11,0,10,11,"33382,35277,44554,50431,64270,74326,97443,112888,119819,518606,534662",,69,14,27,14,7,7,8,3,5,0.023230193801032206,0.4613384289748139,0.6232301938010322,1.461338428974814,0.8381082351737817,0.3617474820766832
L5,8,9,0.1,11,10,11,1,10,11,"33382,35277,44554,50431,64270,97443,112888,119819,518606,534662",149740,69,16,26,10,5,5,7,2,5,0.24845107272333394,0.4613045799438192,0.6484510727233339,1.4613045799438191,0.8128535072204852,0.35178358830443734
L5,8,9,0.2,11,9,11,2,10,11,"33382,44554,50431,64270,74326,97443,112888,518606,534662","50461,57603",69,16,27,10,5,5,7,2,5,0.24845107272333394,0.4613045799438192,0.6484510727233339,1.4613045799438191,0.8128535072204852,0.35178358830443734
L5,8,9,0.30000000000000004,11,8,11,3,10,11,"35277,44554,50431,74326,97443,112888,518606,534662","55401,132482,531073",69,16,17,10,5,5,4,2,2,0.24845107272333394,0.3180988911458906,0.6484510727233339,0.7180988911458906,0.06964781842255674,0.031476238965261825
L5,8,9,0.4,11,7,11,4,10,11,"35277,44554,50431,74326,97443,518606,534662","41559,57603,109752,531073",69,22,20,22,11,11,10,5,5,0.28219036605145864,0.3983675046567576,1.2821903660514586,1.3983675046567576,0.11617713860529899,0.0524735440645343
L5,8,9,0.5,10,5,11,5,10,10,"33382,44554,64270,112888,119819","41559,57603,109752,149740,531073",69,16,20,10,5,5,7,2,5,0.24845107272333394,0.023230193801032206,0.6484510727233339,1.0232301938010322,0.3747791210776983,0.16782862519191452
L5,8,9,0.6000000000000001,10,4,11,6,10,10,"33382,64270,112888,119819","50461,55401,56905,74480,132482,149740",69,16,20,10,5,5,7,2,5,0.24845107272333394,0.023230193801032206,0.6484510727233339,1.0232301938010322,0.3747791210776983,0.16782862519191452
L5,8,9,0.7000000000000001,10,3,11,7,10,10,"33382,64270,119819","41559,50461,56905,57603,74480,109752,149740",69,16,19,12,5,7,3,0,3,0.17730009374859518,0.5068483977595921,0.17730009374859518,1.1068483977595922,0.9295483040109971,0.397127203667702
L5,8,9,0.8,10,2,11,8,10,10,"35277,119819","41559,55401,56905,74480,109752,132482,149740,531073",69,16,15,10,5,5,2,2,0,0.24845107272333394,0.21782388513919435,0.6484510727233339,0.21782388513919435,-0.43062718758413954,-0.19225677598617705
L5,8,9,0.9,10,1,11,9,10,10,74326,"41559,50461,55401,56905,57603,74480,109752,132482,531073",69,16,22,10,5,5,0,0,0,0.4699446836253417,0.5428295482033026,0.4699446836253417,0.5428295482033026,0.07288486457796095,0.03293813635087251
L5,8,9,1.0,10,0,11,10,10,10,,"41559,50461,55401,56905,57603,74480,109752,132482,149740,531073",69,14,22,14,7,7,3,0,3,0.6793472478020163,0.6880234244156312,0.6793472478020163,1.2880234244156312,0.608676176613615,0.26843130605858406
L5,9,1,0.0,10,10,10,0,9,10,"41559,50461,55401,56905,57603,74480,109752,132482,149740,531073",,69,14,22,14,7,7,3,0,3,0.6793472478020163,0.6880234244156312,0.6793472478020163,1.2880234244156312,0.608676176613615,0.26843130605858406
L5,9,1,0.1,10,9,10,1,9,10,"41559,50461,55401,56905,57603,74480,109752,132482,531073",55415,69,11,16,10,5,5,0,0,0,0.17730009374859518,0.5159645711637679,0.17730009374859518,0.5159645711637679,0.33866447741517275,0.1519194749668351
L5,9,1,0.2,10,8,10,2,9,10,"41559,55401,56905,74480,109752,132482,149740,531073","46169,55415",69,11,10,7,5,2,0,0,0,0.17730009374859518,0.11878712049037003,0.17730009374859518,0.11878712049037003,-0.058512973258225146,-0.02644659036545115
L5,9,1,0.30000000000000004,10,7,10,3,9,10,"41559,50461,56905,57603,74480,109752,149740","46169,68502,140787",69,11,4,2,0,2,0,0,0,0.029999991161806773,0.6168133671505487,0.029999991161806773,0.6168133671505487,0.586813375988742,0.25923557518219936
L5,9,1,0.4,10,6,10,4,9,10,"50461,55401,56905,74480,132482,149740","46169,60670,68502,140787",69,5,0,0,0,0,0,0,0,0.029999991161806773,0.029999991161806773,0.029999991161806773,0.029999991161806773,0.0,0.0
L5,9,1,0.5,10,5,10,5,9,10,"41559,57603,109752,149740,531073","34203,55415,529992,532704,537128",69,5,0,0,0,0,0,0,0,0.029999991161806773,0.029999991161806773,0.029999991161806773,0.029999991161806773,0.0,0.0
L5,9,1,0.6000000000000001,9,4,10,5,9,9,"41559,57603,109752,531073","34203,55415,529992,532704,537128",69,0,0,0,0,0,0,0,0,0.029999991161806773,0.029999991161806773,0.029999991161806773,0.029999991161806773,0.0,0.0
L5,9,1,0.7000000000000001,9,3,10,6,9,9,"55401,132482,531073","34203,55415,60670,529992,532704,537128",69,0,0,0,0,0,0,0,0,0.029999991161806773,0.029999991161806773,0.029999991161806773,0.029999991161806773,0.0,0.0
L5,9,1,0.8,9,2,10,7,9,9,"50461,57603","34203,60670,68502,140787,529992,532704,537128",69,5,0,0,0,0,0,0,0,0.029999991161806773,0.029999991161806773,0.029999991161806773,0.029999991161806773,0.0,0.0
L5,9,1,0.9,9,1,10,8,9,9,149740,"34203,46169,60670,68502,140787,529992,532704,537128",69,5,8,0,0,0,0,0,0,0.11508338369421481,0.03688946285284601,0.11508338369421481,0.03688946285284601,-0.07819392084136881,-0.035335475816543546
L5,9,1,1.0,9,0,10,9,9,9,,"34203,46169,55415,60670,68502,140787,529992,532704,537128",69,11,10,4,2,2,0,0,0,0.1195693831532578,0.1384605359583034,0.1195693831532578,0.1384605359583034,0.018891152805045608,0.008540173746338375
R5,1,2,0.0,9,9,9,0,11,9,"34203,46169,55415,60670,68502,140787,529992,532704,537128",,101,11,12,4,2,2,2,2,0,0.10895212264204802,0.1384605359583034,0.508952122642048,0.1384605359583034,-0.3704915866837446,-0.16594428605792094
R5,1,2,0.1,9,8,9,1,11,9,"34203,46169,60670,68502,140787,529992,532704,537128",33356,101,11,14,6,4,2,2,2,0,0.6907420894096681,0.1384605359583034,1.0907420894096682,0.1384605359583034,-0.9522815534513648,-0.4057482068293185
R5,1,2,0.2,9,7,9,2,11,9,"34203,60670,68502,140787,529992,532704,537128","33356,51782",101,11,15,7,5,2,5,5,0,0.023230193801032206,0.1384605359583034,1.0232301938010322,0.1384605359583034,-0.8847696578427288,-0.37994031982188914
R5,1,2,0.30000000000000004,10,7,9,3,11,10,"34203,60670,68502,140787,529992,532704,537128","67361,103466,526406",101,16,15,10,5,5,5,5,0,0.023230193801032206,0.21063232356759268,1.0232301938010322,0.21063232356759268,-0.8125978702334395,-0.35168231678148315
R5,1,2,0.4,10,6,9,4,11,10,"34203,55415,60670,529992,532704,537128","29674,51782,67361,529266",101,16,15,10,5,5,5,5,0,0.023230193801032206,0.21063232356759268,1.0232301938010322,0.21063232356759268,-0.8125978702334395,-0.35168231678148315
R5,1,2,0.5,10,5,9,5,11,10,"34203,55415,529992,532704,537128","29674,50885,139763,151739,515233",101,16,19,10,5,5,3,3,0,0.5242409121642623,0.21063232356759268,1.1242409121642623,0.21063232356759268,-0.9136085885966696,-0.3910402768363419
R5,1,2,0.6000000000000001,10,4,9,6,11,10,"46169,60670,68502,140787","33356,51782,67361,103466,526406,529266",101,16,5,10,5,5,0,0,0,0.1910646795271732,0.10698928717358604,0.1910646795271732,0.10698928717358604,-0.08407539235358717,-0.0379908172953609
R5,1,2,0.7000000000000001,10,3,9,7,11,10,"46169,68502,140787","33356,50885,103466,139763,151739,515233,526406",101,22,16,22,11,11,0,0,0,0.8144679444351569,0.49741366573462387,0.8144679444351569,0.49741366573462387,-0.31705427870053304,-0.14236145364823166
R5,1,2,0.8,11,2,9,9,11,11,"46169,55415","29674,50885,67361,103466,139763,151739,515233,526406,529266",101,22,27,22,11,11,5,5,0,0.605020160568652,0.855189219372874,1.605020160568652,0.855189219372874,-0.7498309411957781,-0.32657211547398074
R5,1,2,0.9,11,1,9,10,11,11,55415,"29674,50885,51782,67361,103466,139763,151739,515233,526406,529266",101,22,27,22,11,11,5,5,0,0.605020160568652,0.855189219372874,1.605020160568652,0.855189219372874,-0.7498309411957781,-0.32657211547398074
R5,1,2,1.0,11,0,9,11,11,11,,"29674,33356,50885,51782,67361,103466,139763,151739,515233,526406,529266",101,22,30,22,11,11,5,5,0,0.6050540095996468,0.855189219372874,1.6050540095996468,0.855189219372874,-0.7498647902267729,-0.32658578598765525
R5,2,3,0.0,11,11,11,0,11,11,"29674,33356,50885,51782,67361,103466,139763,151739,515233,526406,529266",,101,22,30,22,11,11,5,5,0,0.6050540095996468,0.855189219372874,1.6050540095996468,0.855189219372874,-0.7498647902267729,-0.32658578598765525
R5,2,3,0.1,11,10,11,1,11,11,"29674,50885,51782,67361,103466,139763,151739,515233,526406,529266",141430,101,16,24,12,7,5,5,5,0,0.34609383734922033,0.1994254537695323,1.3460938373492204,0.1994254537695323,-1.146668383579688,-0.47645647942612607
R5,2,3,0.2,11,9,11,2,11,11,"29674,50885,67361,103466,139763,151739,515233,526406,529266","79204,140794",101,16,23,10,5,5,5,5,0,0.34609383734922033,0.11277336408217045,1.3460938373492204,0.11277336408217045,-1.23332047326705,-0.5061678042261788
R5,2,3,0.30000000000000004,11,8,11,3,11,11,"29674,33356,50885,67361,139763,151739,515233,529266","71855,137990,141430",101,16,15,10,5,5,5,5,0,0.023264042832027043,0.10698928717358604,1.023264042832027,0.10698928717358604,-0.916274755658441,-0.39206081577006446
R5,2,3,0.4,11,7,11,4,11,11,"33356,50885,103466,139763,151739,515233,526406","79204,87630,89635,546044",101,9,21,7,5,2,5,5,0,0.3384599818744356,0.03481749956429651,1.3384599818744356,0.03481749956429651,-1.3036424823101391,-0.5294318865490014
R5,2,3,0.5,11,5,11,6,11,11,"29674,50885,139763,151739,515233","71855,141430,236557,524977,546044,560327",101,10,22,5,5,0,5,5,0,0.5871472689224776,0.029999991161806773,1.5871472689224775,0.029999991161806773,-1.5571472777606707,-0.6068758560684179
R5,2,3,0.6000000000000001,11,4,11,7,11,11,"29674,51782,67361,529266","71855,137990,140794,141430,236557,524977,560327",101,2,24,2,2,0,2,2,0,0.7768035160676211,0.03060700048145549,1.1768035160676211,0.03060700048145549,-1.1461965155861655,-0.4762915656633872
R5,2,3,0.7000000000000001,11,3,11,8,11,11,"67361,103466,526406","79204,87630,89635,140794,236557,524977,546044,560327",101,5,28,6,5,1,5,5,0,0.5871472689224776,0.1049372817297616,1.5871472689224775,0.1049372817297616,-1.482209987192716,-0.5850344159129185
R5,2,3,0.8,11,2,11,9,11,11,"33356,51782","71855,87630,89635,137990,141430,236557,524977,546044,560327",101,10,32,10,5,5,10,5,5,0.5871472689224776,0.023230193801032206,1.5871472689224775,1.0232301938010322,-0.5639170751214453,-0.24955452187805963
R5,2,3,0.9,11,1,11,10,11,11,33356,"71855,79204,87630,89635,137990,140794,236557,524977,546044,560327",101,10,32,10,5,5,10,5,5,0.5871472689224776,0.023230193801032206,1.5871472689224775,1.0232301938010322,-0.5639170751214453,-0.24955452187805963
R5,2,3,1.0,11,0,11,11,11,11,,"71855,79204,87630,89635,137990,140794,141430,236557,524977,546044,560327",101,15,43,10,5,5,10,5,5,0.5871472689224776,0.28205209966870537,1.5871472689224775,1.2820520996687055,-0.305095169253772,-0.13706048008158103
R5,3,4,0.0,11,11,11,0,10,11,"71855,79204,87630,89635,137990,140794,141430,236557,524977,546044,560327",,101,15,43,10,5,5,10,5,5,0.5871472689224776,0.28205209966870537,1.5871472689224775,1.2820520996687055,-0.305095169253772,-0.13706048008158103
R5,3,4,0.1,11,10,11,1,10,11,"71855,79204,87630,89635,137990,140794,236557,524977,546044,560327",115674,101,15,35,10,5,5,10,5,5,0.8047785071249267,0.023230193801032206,1.8047785071249267,1.0232301938010322,-0.7815483133238945,-0.3393212122772557
R5,3,4,0.2,11,9,11,2,10,11,"71855,87630,89635,137990,141430,236557,524977,546044,560327","99820,241046",101,9,37,10,5,5,10,5,5,0.5871811179534726,0.023230193801032206,1.5871811179534725,1.0232301938010322,-0.5639509241524403,-0.24956887141021014
R5,3,4,0.30000000000000004,11,8,11,3,10,11,"79204,87630,89635,140794,236557,524977,546044,560327","99820,107690,241046",101,5,26,5,5,0,5,5,0,0.2719851789110641,0.12040794485189164,1.271985178911064,0.12040794485189164,-1.1515772340591726,-0.47817009094609375
R5,3,4,0.4,11,7,11,4,10,11,"71855,137990,140794,141430,236557,524977,560327","41941,99820,241046,519358",101,5,32,5,5,0,5,5,0,0.2719851789110641,0.47033327035960093,1.271985178911064,0.47033327035960093,-0.8016519085514632,-0.34733833359416416
R5,3,4,0.5,10,5,11,5,10,10,"79204,87630,89635,137990,140794","36201,41941,66750,107690,519358",101,5,18,5,5,0,3,3,0,0.023230193801032206,0.12040794485189164,0.6232301938010322,0.12040794485189164,-0.5028222489491405,-0.22348156828007062
R5,3,4,0.6000000000000001,10,4,11,6,10,10,"79204,87630,89635,546044","36201,66750,95713,107690,115674,170539",101,5,23,5,5,0,5,5,0,0.3345249768053443,0.12040794485189164,1.3345249768053442,0.12040794485189164,-1.2141170319534527,-0.4996821721802491
R5,3,4,0.7000000000000001,10,3,11,7,10,10,"71855,137990,141430","36201,41941,66750,95713,115674,170539,519358",101,5,30,5,5,0,5,5,0,0.3345249768053443,0.47033327035960093,1.3345249768053442,0.47033327035960093,-0.8641917064457433,-0.3719522854085083
R5,3,4,0.8,10,2,11,8,10,10,"79204,140794","36201,41941,66750,95713,107690,115674,170539,519358",101,11,27,5,5,0,5,5,0,0.3345249768053443,0.47033327035960093,1.3345249768053442,0.47033327035960093,-0.8641917064457433,-0.3719522854085083
R5,3,4,0.9,10,1,11,9,10,10,141430,"36201,41941,66750,95713,99820,107690,170539,241046,519358",101,16,32,10,5,5,10,5,5,0.3345249768053443,0.3497973694290397,1.3345249768053442,1.3497973694290397,0.015272392623695508,0.006904289345431059
R5,3,4,1.0,10,0,11,10,10,10,,"36201,41941,66750,95713,99820,107690,115674,170539,241046,519358",101,16,38,16,11,5,16,11,5,0.0037973971192383875,0.3497973694290397,2.2037973971192386,1.3497973694290397,-0.8540000276901989,-0.3679754463383868
R5,4,5,0.0,10,10,10,0,10,10,"36201,41941,66750,95713,99820,107690,115674,170539,241046,519358",,101,16,38,16,11,5,16,11,5,0.0037973971192383875,0.3497973694290397,2.2037973971192386,1.3497973694290397,-0.8540000276901989,-0.3679754463383868
R5,4,5,0.1,10,9,10,1,10,10,"36201,41941,66750,95713,99820,107690,170539,241046,519358",124562,101,10,38,10,5,5,10,5,5,0.6755590106668888,0.3497973694290397,1.675559010666889,1.3497973694290397,-0.32576164123784923,-0.14621595064201554
R5,4,5,0.2,10,8,10,2,10,10,"36201,41941,66750,95713,107690,115674,170539,519358","82293,153441",101,11,26,10,5,5,10,5,5,0.36426422766257677,0.12027054608227443,1.3642642276625767,1.1202705460822744,-0.24399368158030232,-0.1098603475188658
R5,4,5,0.30000000000000004,10,7,10,3,10,10,"36201,41941,66750,95713,115674,170539,519358","91537,96384,148830",101,5,26,10,5,5,10,5,5,0.36426422766257677,0.023230193801032206,1.3642642276625767,1.0232301938010322,-0.3410340338615445,-0.15296581835818993
R5,4,5,0.4,10,6,10,4,10,10,"36201,66750,95713,107690,115674,170539","68579,82293,96384,148830",101,5,24,8,3,5,6,1,5,0.5769660389604763,0.023230193801032206,0.7769660389604762,1.0232301938010322,0.24626415484055597,0.11087428821750078
R5,4,5,0.5,10,5,10,5,10,10,"36201,41941,66750,107690,519358","68579,82293,96384,148830,153441",101,5,16,2,2,0,0,0,0,0.4943259428742342,0.13738085835912667,0.4943259428742342,0.13738085835912667,-0.35694508451510754,-0.15998279379749042
R5,4,5,0.6000000000000001,10,4,10,6,10,10,"41941,99820,241046,519358","91537,124562,131273,137299,153441,153558",101,5,16,2,2,0,0,0,0,0.4943259428742342,0.13738085835912667,0.4943259428742342,0.13738085835912667,-0.35694508451510754,-0.15998279379749042
R5,4,5,0.7000000000000001,10,3,10,7,10,10,"99820,107690,241046","68579,82293,124562,131273,137299,153441,153558",101,5,16,2,2,0,0,0,0,0.4943259428742342,0.13738085835912667,0.4943259428742342,0.13738085835912667,-0.35694508451510754,-0.15998279379749042
R5,4,5,0.8,10,2,10,8,10,10,"99820,241046","68579,91537,96384,124562,131273,137299,148830,153558",101,10,17,10,5,5,1,0,1,0.5615313472293377,0.24026417994728613,0.5615313472293377,0.44026417994728617,-0.12126716728205156,-0.0547680456514073
R5,4,5,0.9,10,1,10,9,10,10,115674,"68579,82293,91537,96384,131273,137299,148830,153441,153558",101,10,21,10,5,5,5,2,3,0.5483636369374508,0.023230193801032206,0.9483636369374508,0.6232301938010322,-0.3251334431364187,-0.14593801264007042
R5,4,5,1.0,10,0,10,10,10,10,,"68579,82293,91537,96384,124562,131273,137299,148830,153441,153558",101,16,26,10,5,5,10,5,5,0.36426422766257677,0.12030439511326933,1.3642642276625767,1.1203043951132694,-0.2439598325493073,-0.10984522959138093
R5,5,6,0.0,10,10,10,0,10,10,"68579,82293,91537,96384,124562,131273,137299,148830,153441,153558",,101,16,26,10,5,5,10,5,5,0.36426422766257677,0.12030439511326933,1.3642642276625767,1.1203043951132694,-0.2439598325493073,-0.10984522959138093
R5,5,6,0.1,10,9,10,1,10,10,"68579,82293,91537,96384,131273,137299,148830,153441,153558",67741,101,16,26,10,5,5,10,5,5,0.36426422766257677,0.12030439511326933,1.3642642276625767,1.1203043951132694,-0.2439598325493073,-0.10984522959138093
R5,5,6,0.2,10,8,10,2,10,10,"68579,91537,96384,124562,131273,137299,148830,153558","101011,530445",101,11,20,10,5,5,10,5,5,0.023230193801032206,0.12027054608227443,1.0232301938010322,1.1202705460822744,0.09704035228124219,0.04384223423528824
R5,5,6,0.30000000000000004,10,7,10,3,10,10,"68579,82293,124562,131273,137299,153441,153558","67741,106495,530445",101,11,15,7,5,2,5,5,0,0.023230193801032206,0.2629537250988057,1.0232301938010322,0.2629537250988057,-0.7602764687022265,-0.33078421557225146
R5,5,6,0.4,10,6,10,4,10,10,"91537,124562,131273,137299,153441,153558","67741,106495,119544,530445",101,11,10,4,2,2,0,0,0,0.12489394431093448,0.2629537250988057,0.12489394431093448,0.2629537250988057,0.13805978078787123,0.06233364924551085
R5,5,6,0.5,10,5,10,5,10,10,"68579,82293,96384,148830,153441","39538,106495,115261,127661,551404",101,11,10,4,2,2,0,0,0,0.12489394431093448,0.2629537250988057,0.12489394431093448,0.2629537250988057,0.13805978078787123,0.06233364924551085
R5,5,6,0.6000000000000001,10,4,10,6,10,10,"68579,82293,96384,148830","39538,56382,101011,115261,127661,551404",101,11,13,5,2,3,1,0,1,0.12489394431093448,0.2957817506849379,0.12489394431093448,0.4957817506849379,0.3708878063740034,0.16611847268310342
R5,5,6,0.7000000000000001,10,3,10,7,10,10,"91537,96384,148830","39538,56382,101011,115261,119544,127661,551404",101,10,15,10,5,5,5,0,5,0.19209934866603873,0.023230193801032206,0.19209934866603873,1.0232301938010322,0.8311308451349935,0.35900277924900653
R5,5,6,0.8,10,2,10,8,10,10,"82293,153441","39538,56382,67741,106495,115261,119544,127661,551404",101,16,20,10,5,5,10,5,5,0.023230193801032206,0.12027054608227443,1.0232301938010322,1.1202705460822744,0.09704035228124219,0.04384223423528824
R5,5,6,0.9,10,1,10,9,10,10,124562,"39538,56382,101011,106495,115261,119544,127661,530445,551404",101,16,26,10,5,5,10,5,5,0.023230193801032206,0.31829532926539866,1.0232301938010322,1.3182953292653987,0.2950651354643665,0.13260851100427187
R5,5,6,1.0,10,0,10,10,10,10,,"39538,56382,67741,101011,106495,115261,119544,127661,530445,551404",101,16,26,10,5,5,10,5,5,0.023230193801032206,0.31829532926539866,1.0232301938010322,1.3182953292653987,0.2950651354643665,0.13260851100427187
R5,6,7,0.0,10,10,10,0,10,10,"39538,56382,67741,101011,106495,115261,119544,127661,530445,551404",,101,16,26,10,5,5,10,5,5,0.023230193801032206,0.31829532926539866,1.0232301938010322,1.3182953292653987,0.2950651354643665,0.13260851100427187
R5,6,7,0.1,10,9,10,1,10,10,"39538,56382,101011,106495,115261,119544,127661,530445,551404",68271,101,16,18,10,5,5,2,2,0,0.16458247842543636,0.5317111474902247,0.5645824784254364,0.5317111474902247,-0.03287133093521166,-0.014859497559488536
R5,6,7,0.2,10,8,10,2,10,10,"39538,56382,67741,106495,115261,119544,127661,551404","85400,533436",101,7,10,4,2,2,0,0,0,0.10748729629258674,0.11818536481661569,0.10748729629258674,0.11818536481661569,0.01069806852402895,0.004836384195178845
R5,6,7,0.30000000000000004,10,7,10,3,10,10,"39538,56382,101011,115261,119544,127661,551404","85400,533436,550660",101,5,10,0,0,0,0,0,0,0.10300129683354367,0.11168681425209806,0.10300129683354367,0.11168681425209806,0.00868551741855439,0.003926560267706771
R5,6,7,0.4,10,6,10,4,10,10,"39538,56382,101011,115261,127661,551404","45876,68271,122167,122334",101,5,10,0,0,0,0,0,0,0.10300129683354367,0.11168681425209806,0.10300129683354367,0.11168681425209806,0.00868551741855439,0.003926560267706771
R5,6,7,0.5,10,5,10,5,10,10,"39538,106495,115261,127661,551404","40179,85400,108286,122167,533436",101,5,0,0,0,0,0,0,0,0.029999991161806773,0.029999991161806773,0.029999991161806773,0.029999991161806773,0.0,0.0
R5,6,7,0.6000000000000001,10,4,10,6,10,10,"67741,106495,119544,530445","40179,45343,85400,108286,533436,550660",101,8,0,3,2,1,0,0,0,0.03448599062084974,0.030320142444319725,0.03448599062084974,0.030320142444319725,-0.004165848176530016,-0.0018833096372052563
R5,6,7,0.7000000000000001,10,3,10,7,10,10,"67741,106495,530445","40179,45343,45876,68271,108286,122167,122334",101,12,2,6,3,3,0,0,0,0.03476553947313538,0.039241878636699076,0.03476553947313538,0.039241878636699076,0.004476339163563693,0.002023677001127168
R5,6,7,0.8,10,2,10,8,10,10,"101011,530445","40179,45343,45876,68271,108286,122167,122334,550660",101,13,5,8,3,5,0,0,0,0.03476553947313538,0.17289827358063675,0.03476553947313538,0.17289827358063675,0.13813273410750138,0.06236650203408211
R5,6,7,0.9,10,1,10,9,10,10,67741,"40179,45343,45876,85400,108286,122167,122334,533436,550660",101,11,8,6,1,5,0,0,0,0.030298111758632854,0.18979215224851356,0.030298111758632854,0.18979215224851356,0.1594940404898807,0.07197994858228794
R5,6,7,1.0,10,0,10,10,10,10,,"40179,45343,45876,68271,85400,108286,122167,122334,533436,550660",101,22,21,16,5,11,5,0,5,0.1760105728398442,0.5394003601071922,0.1760105728398442,1.5394003601071922,1.363389787267348,0.5485929260233354
R5,7,8,0.0,10,10,10,0,11,10,"40179,45343,45876,68271,85400,108286,122167,122334,533436,550660",,101,22,21,16,5,11,5,0,5,0.1760105728398442,0.5394003601071922,0.1760105728398442,1.5394003601071922,1.363389787267348,0.5485929260233354
R5,7,8,0.1,10,9,10,1,11,10,"40179,45343,45876,85400,108286,122167,122334,533436,550660",74326,101,10,15,10,5,5,0,0,0,0.1760105728398442,0.24175506823287443,0.1760105728398442,0.24175506823287443,0.06574449539303023,0.029713262648552626
R5,7,8,0.2,10,8,10,2,11,10,"40179,45343,45876,68271,108286,122167,122334,550660","35277,119819",101,10,13,10,5,5,0,0,0,0.1760105728398442,0.18979215224851356,0.1760105728398442,0.18979215224851356,0.013781579408669364,0.00623034615411898
R5,7,8,0.30000000000000004,10,7,10,3,11,10,"40179,45343,45876,68271,108286,122167,122334","33382,64270,119819",101,10,5,5,0,5,0,0,0,0.029999991161806773,0.17289827358063675,0.029999991161806773,0.17289827358063675,0.14289828241882999,0.06451225707824236
R5,7,8,0.4,10,6,10,4,11,10,"40179,45343,85400,108286,533436,550660","33382,64270,112888,119819",101,8,2,1,0,1,0,0,0,0.029999991161806773,0.03892030081912116,0.029999991161806773,0.03892030081912116,0.008920309657314385,0.004032704319652879
R5,7,8,0.5,10,5,10,5,11,10,"40179,85400,108286,122167,533436","33382,44554,64270,112888,119819",101,5,0,0,0,0,0,0,0,0.029999991161806773,0.029999991161806773,0.029999991161806773,0.029999991161806773,0.0,0.0
R5,7,8,0.6000000000000001,11,4,10,7,11,11,"45876,68271,122167,122334","35277,44554,50431,74326,97443,518606,534662",101,11,10,6,1,5,3,0,3,0.030298111758632854,0.20458215996441276,0.030298111758632854,0.8045821599644127,0.7742840482057799,0.33641204788484036
R5,7,8,0.7000000000000001,11,3,10,8,11,11,"85400,533436,550660","35277,44554,50431,74326,97443,112888,518606,534662",101,10,8,5,0,5,1,0,1,0.029999991161806773,0.22174155286430558,0.029999991161806773,0.4217415528643056,0.3917415617024988,0.1752713499929444
R5,7,8,0.8,11,2,10,9,11,11,"85400,533436","33382,44554,50431,64270,74326,97443,112888,518606,534662",101,15,10,9,4,5,5,0,5,0.2935046147214381,0.12027054608227443,0.2935046147214381,1.1202705460822744,0.8267659313608363,0.357282582299038
R5,7,8,0.9,11,1,10,10,11,11,68271,"33382,35277,44554,50431,64270,97443,112888,119819,518606,534662",101,14,10,6,3,3,0,0,0,0.13484923795596093,0.27414843937717603,0.13484923795596093,0.27414843937717603,0.1392992014212151,0.06289177438041298
R5,7,8,1.0,11,0,10,11,11,11,,"33382,35277,44554,50431,64270,74326,97443,112888,119819,518606,534662",101,11,21,8,5,3,5,2,3,0.24845107272333394,0.5795079117445759,0.6484510727233339,1.179507911744576,0.531056839021242,0.23557331005952098
R5,8,9,0.0,11,11,11,0,10,11,"33382,35277,44554,50431,64270,74326,97443,112888,119819,518606,534662",,101,11,21,8,5,3,5,2,3,0.24845107272333394,0.5795079117445759,0.6484510727233339,1.179507911744576,0.531056839021242,0.23557331005952098
R5,8,9,0.1,11,10,11,1,10,11,"33382,35277,44554,50431,64270,97443,112888,119819,518606,534662",149740,101,11,21,8,5,3,5,2,3,0.24845107272333394,0.5795079117445759,0.6484510727233339,1.179507911744576,0.531056839021242,0.23557331005952098
R5,8,9,0.2,11,9,11,2,10,11,"33382,44554,50431,64270,74326,97443,112888,518606,534662","50461,57603",101,11,15,5,5,0,2,2,0,0.24845107272333394,0.255259267551546,0.6484510727233339,0.255259267551546,-0.3931918051717879,-0.17590676722428356
R5,8,9,0.30000000000000004,11,8,11,3,10,11,"35277,44554,50431,74326,97443,112888,518606,534662","55401,132482,531073",101,11,15,5,5,0,2,2,0,0.24845107272333394,0.255259267551546,0.6484510727233339,0.255259267551546,-0.3931918051717879,-0.17590676722428356
R5,8,9,0.4,11,7,11,4,10,11,"35277,44554,50431,74326,97443,518606,534662","41559,57603,109752,531073",101,11,15,5,5,0,2,2,0,0.24845107272333394,0.255259267551546,0.6484510727233339,0.255259267551546,-0.3931918051717879,-0.17590676722428356
R5,8,9,0.5,10,5,11,5,10,10,"33382,44554,64270,112888,119819","41559,57603,109752,149740,531073",101,8,15,8,3,5,5,0,5,0.17283266603409242,0.023230193801032206,0.17283266603409242,1.0232301938010322,0.8503975277669398,0.366566498217439
R5,8,9,0.6000000000000001,10,4,11,6,10,10,"33382,64270,112888,119819","50461,55401,56905,74480,132482,149740",101,10,12,10,5,5,2,2,0,0.16701582631941847,0.21782388513919435,0.5670158263194185,0.21782388513919435,-0.3491919411802241,-0.15656553267240236
R5,8,9,0.7000000000000001,10,3,11,7,10,10,"33382,64270,119819","41559,50461,56905,57603,74480,109752,149740",101,10,16,10,5,5,0,0,0,0.17730009374859518,0.5428295482033026,0.17730009374859518,0.5428295482033026,0.36552945445470747,0.16376195330642185
R5,8,9,0.8,10,2,11,8,10,10,"35277,119819","41559,55401,56905,74480,109752,132482,149740,531073",101,10,10,10,5,5,0,0,0,0.17730009374859518,0.21782388513919435,0.17730009374859518,0.21782388513919435,0.04052379139059917,0.018318094360715152
R5,8,9,0.9,10,1,11,9,10,10,74326,"41559,50461,55401,56905,57603,74480,109752,132482,531073",101,13,22,12,6,6,1,0,1,0.6757516652690423,0.7432232211395086,0.6757516652690423,0.9432232211395086,0.26747155587046634,0.12033360197639593
R5,8,9,1.0,10,0,11,10,10,10,,"41559,50461,55401,56905,57603,74480,109752,132482,149740,531073",101,11,22,10,5,5,0,0,0,0.4699446836253417,0.5159645711637679,0.4699446836253417,0.5159645711637679,0.04601988753842623,0.02080183768305622
R5,9,1,0.0,10,10,10,0,9,10,"41559,50461,55401,56905,57603,74480,109752,132482,149740,531073",,101,11,22,10,5,5,0,0,0,0.4699446836253417,0.5159645711637679,0.4699446836253417,0.5159645711637679,0.04601988753842623,0.02080183768305622
R5,9,1,0.1,10,9,10,1,9,10,"41559,50461,55401,56905,57603,74480,109752,132482,531073",55415,101,5,16,0,0,0,0,0,0,0.105608689934448,0.43897527515198875,0.105608689934448,0.43897527515198875,0.33336658521754076,0.14957881486166422
R5,9,1,0.2,10,8,10,2,9,10,"41559,55401,56905,74480,109752,132482,149740,531073","46169,55415",101,5,8,0,0,0,0,0,0,0.03502593412829961,0.11396961208788045,0.03502593412829961,0.11396961208788045,0.07894367795958085,0.035674001471088165
R5,9,1,0.30000000000000004,10,7,10,3,9,10,"41559,50461,56905,57603,74480,109752,149740","46169,68502,140787",101,2,2,0,0,0,0,0,0,0.029999991161806773,0.03525428461973566,0.029999991161806773,0.03525428461973566,0.005254293457928889,0.0023753757157034586
R5,9,1,0.4,10,6,10,4,9,10,"50461,55401,56905,74480,132482,149740","46169,60670,68502,140787",101,1,0,0,0,0,0,0,0,0.029999991161806773,0.029999991161806773,0.029999991161806773,0.029999991161806773,0.0,0.0
R5,9,1,0.5,10,5,10,5,9,10,"41559,57603,109752,149740,531073","34203,55415,529992,532704,537128",101,5,0,0,0,0,0,0,0,0.029999991161806773,0.029999991161806773,0.029999991161806773,0.029999991161806773,0.0,0.0
R5,9,1,0.6000000000000001,9,4,10,5,9,9,"41559,57603,109752,531073","34203,55415,529992,532704,537128",101,5,0,0,0,0,0,0,0,0.029999991161806773,0.029999991161806773,0.029999991161806773,0.029999991161806773,0.0,0.0
R5,9,1,0.7000000000000001,9,3,10,6,9,9,"55401,132482,531073","34203,55415,60670,529992,532704,537128",101,5,0,0,0,0,0,0,0,0.029999991161806773,0.029999991161806773,0.029999991161806773,0.029999991161806773,0.0,0.0
R5,9,1,0.8,9,2,10,7,9,9,"50461,57603","34203,60670,68502,140787,529992,532704,537128",101,11,0,0,0,0,0,0,0,0.029999991161806773,0.029999991161806773,0.029999991161806773,0.029999991161806773,0.0,0.0
R5,9,1,0.9,9,1,10,8,9,9,149740,"34203,46169,60670,68502,140787,529992,532704,537128",101,11,5,2,2,0,0,0,0,0.1195693831532578,0.029999991161806773,0.1195693831532578,0.029999991161806773,-0.08956939199145103,-0.0404707408220468
R5,9,1,1.0,9,0,10,9,9,9,,"34203,46169,55415,60670,68502,140787,529992,532704,537128",101,11,12,4,2,2,2,2,0,0.10895212264204802,0.1384605359583034,0.508952122642048,0.1384605359583034,-0.3704915866837446,-0.16594428605792094
R1,1,2,0.0,9,9,9,0,11,9,"34203,46169,55415,60670,68502,140787,529992,532704,537128",,5,11,15,7,2,5,5,0,5,0.1195693831532578,0.023230193801032206,0.1195693831532578,1.0232301938010322,0.9036608106477744,0.3872240458885805
R1,1,2,0.1,9,8,9,1,11,9,"34203,46169,60670,68502,140787,529992,532704,537128",33356,5,5,15,5,0,5,5,0,5,0.11508338369421481,0.023230193801032206,0.11508338369421481,1.0232301938010322,0.9081468101068174,0.3889466474150218
R1,1,2,0.2,9,7,9,2,11,9,"34203,60670,68502,140787,529992,532704,537128","33356,51782",5,5,15,5,0,5,5,0,5,0.11508338369421481,0.023230193801032206,0.11508338369421481,1.0232301938010322,0.9081468101068174,0.3889466474150218
R1,1,2,0.30000000000000004,10,7,9,3,11,10,"34203,60670,68502,140787,529992,532704,537128","67361,103466,526406",5,10,19,10,5,5,7,2,5,0.498687872547126,0.023230193801032206,0.898687872547126,1.0232301938010322,0.12454232125390619,0.05624412720007636
R1,1,2,0.4,10,6,9,4,11,10,"34203,55415,60670,529992,532704,537128","29674,51782,67361,529266",5,8,20,10,5,5,10,5,5,0.023230193801032206,0.023230193801032206,1.0232301938010322,1.0232301938010322,0.0,0.0
R1,1,2,0.5,10,5,9,5,11,10,"34203,55415,529992,532704,537128","29674,50885,139763,151739,515233",5,10,26,10,5,5,10,5,5,0.023230193801032206,0.35712358059968535,1.0232301938010322,1.3571235805996853,0.3338933867986531,0.14981163643359952
R1,1,2,0.6000000000000001,10,4,9,6,11,10,"46169,60670,68502,140787","33356,51782,67361,103466,526406,529266",5,10,21,10,5,5,5,0,5,0.1910646795271732,0.35712358059968535,0.1910646795271732,1.3571235805996853,1.1660589010725122,0.4832042519320272
R1,1,2,0.7000000000000001,10,3,9,7,11,10,"46169,68502,140787","33356,50885,103466,139763,151739,515233,526406",5,16,21,10,5,5,5,0,5,0.1910646795271732,0.35712358059968535,0.1910646795271732,1.3571235805996853,1.1660589010725122,0.4832042519320272
R1,1,2,0.8,11,2,9,9,11,11,"46169,55415","29674,50885,67361,103466,139763,151739,515233,526406,529266",5,16,27,10,5,5,5,0,5,0.5369853027887578,0.35712358059968535,0.5369853027887578,1.3571235805996853,0.8201382778109275,0.35466600956158284
R1,1,2,0.9,11,1,9,10,11,11,55415,"29674,50885,51782,67361,103466,139763,151739,515233,526406,529266",5,16,27,10,5,5,5,0,5,0.5369853027887578,0.35712358059968535,0.5369853027887578,1.3571235805996853,0.8201382778109275,0.35466600956158284
R1,1,2,1.0,11,0,9,11,11,11,,"29674,33356,50885,51782,67361,103466,139763,151739,515233,526406,529266",5,14,27,12,6,6,5,0,5,0.5370475677394737,0.35712358059968535,0.5370475677394737,1.3571235805996853,0.8200760128602116,0.3546414011510802
R1,2,3,0.0,11,11,11,0,11,11,"29674,33356,50885,51782,67361,103466,139763,151739,515233,526406,529266",,5,14,27,12,6,6,5,0,5,0.5370475677394737,0.35712358059968535,0.5370475677394737,1.3571235805996853,0.8200760128602116,0.3546414011510802
R1,2,3,0.1,11,10,11,1,11,11,"29674,50885,51782,67361,103466,139763,151739,515233,526406,529266",141430,5,11,25,12,5,7,3,0,3,0.5369853027887578,0.7265160089200309,0.5369853027887578,1.3265160089200307,0.789530706131273,0.34251049965189456
R1,2,3,0.2,11,9,11,2,11,11,"29674,50885,67361,103466,139763,151739,515233,526406,529266","79204,140794",5,11,16,7,2,5,0,0,0,0.12385927517206936,0.5572010074077828,0.12385927517206936,0.5572010074077828,0.43334173223571343,0.1934383372491647
R1,2,3,0.30000000000000004,11,8,11,3,11,11,"29674,33356,50885,67361,139763,151739,515233,529266","71855,137990,141430",5,5,10,0,0,0,0,0,0,0.1193732757130263,0.1224361577577532,0.1193732757130263,0.1224361577577532,0.0030628820447268917,0.0013846780202370998
R1,2,3,0.4,11,7,11,4,11,11,"33356,50885,103466,139763,151739,515233,526406","79204,87630,89635,546044",5,8,13,4,3,1,2,2,0,0.023230193801032206,0.12275630904026616,0.4232301938010322,0.12275630904026616,-0.3004738847607661,-0.13500993567703423
R1,2,3,0.5,11,5,11,6,11,11,"29674,50885,139763,151739,515233","71855,141430,236557,524977,546044,560327",5,7,6,4,2,2,0,0,0,0.06018454951508194,0.04060157647288112,0.06018454951508194,0.04060157647288112,-0.019582973042200823,-0.008852910710170064
R1,2,3,0.6000000000000001,11,4,11,7,11,11,"29674,51782,67361,529266","71855,137990,140794,141430,236557,524977,560327",5,5,16,2,1,1,0,0,0,0.18068105076294702,0.12221927327580813,0.18068105076294702,0.12221927327580813,-0.05846177748713889,-0.02642346176802428
R1,2,3,0.7000000000000001,11,3,11,8,11,11,"67361,103466,526406","79204,87630,89635,140794,236557,524977,546044,560327",5,12,16,10,5,5,2,1,1,0.19093188844303066,0.1998773354659762,0.3909318884430307,0.3998773354659762,0.00894544702294553,0.004044068326414484
R1,2,3,0.8,11,2,11,9,11,11,"33356,51782","71855,87630,89635,137990,141430,236557,524977,546044,560327",5,15,20,10,5,5,7,2,5,0.24214986265030883,0.023230193801032206,0.6421498626503088,1.0232301938010322,0.3810803311507234,0.1705957318267182
R1,2,3,0.9,11,1,11,10,11,11,33356,"71855,79204,87630,89635,137990,140794,236557,524977,546044,560327",5,15,23,10,5,5,7,2,5,0.24214986265030883,0.023230193801032206,0.6421498626503088,1.0232301938010322,0.3810803311507234,0.1705957318267182
R1,2,3,1.0,11,0,11,11,11,11,,"71855,79204,87630,89635,137990,140794,141430,236557,524977,546044,560327",5,21,31,10,5,5,7,2,5,0.24214986265030883,0.2820859486997002,0.6421498626503088,1.2820859486997003,0.6399360860493915,0.28149468140279543
R1,3,4,0.0,11,11,11,0,10,11,"71855,79204,87630,89635,137990,140794,141430,236557,524977,546044,560327",,5,21,31,10,5,5,7,2,5,0.24214986265030883,0.2820859486997002,0.6421498626503088,1.2820859486997003,0.6399360860493915,0.28149468140279543
R1,3,4,0.1,11,10,11,1,10,11,"71855,79204,87630,89635,137990,140794,236557,524977,546044,560327",115674,5,21,27,10,5,5,7,2,5,0.24215212213728946,0.023264042832027043,0.6421521221372894,1.023264042832027,0.38111192069473754,0.1706095972874514
R1,3,4,0.2,11,9,11,2,10,11,"71855,87630,89635,137990,141430,236557,524977,546044,560327","99820,241046",5,19,23,12,7,5,8,3,5,0.023230193801032206,0.023230193801032206,0.6232301938010322,1.0232301938010322,0.4,0.17888777819798268
R1,3,4,0.30000000000000004,11,8,11,3,10,11,"79204,87630,89635,140794,236557,524977,546044,560327","99820,107690,241046",5,11,18,8,5,3,3,2,1,0.24114194483199022,0.15581541874593005,0.6411419448319903,0.35581541874593003,-0.28532652608606024,-0.1282807671463226
R1,3,4,0.4,11,7,11,4,10,11,"71855,137990,140794,141430,236557,524977,560327","41941,99820,241046,519358",5,14,24,10,7,3,6,3,3,0.023230193801032206,0.4391912654493994,0.6232301938010322,1.0391912654493993,0.41596107164836715,0.1858634827159175
R1,3,4,0.5,10,5,11,5,10,10,"79204,87630,89635,137990,140794","36201,41941,66750,107690,519358",5,16,10,10,5,5,0,0,0,0.1878712881991389,0.22426221790320533,0.1878712881991389,0.22426221790320533,0.03639092970406643,0.0164502603418955
R1,3,4,0.6000000000000001,10,4,11,6,10,10,"79204,87630,89635,546044","36201,66750,95713,107690,115674,170539",5,16,16,10,5,5,0,0,0,0.1878712881991389,0.5741875434109148,0.1878712881991389,0.5741875434109148,0.3863162552117759,0.17289298677843876
R1,3,4,0.7000000000000001,10,3,11,7,10,10,"71855,137990,141430","36201,41941,66750,95713,115674,170539,519358",5,22,22,22,11,11,5,0,5,0.7989144846139618,0.7249346802847654,0.7989144846139618,1.7249346802847654,0.9260201956708036,0.3957829006859531
R1,3,4,0.8,10,2,11,8,10,10,"79204,140794","36201,41941,66750,95713,107690,115674,170539,519358",5,22,27,22,11,11,10,5,5,0.5934851490557708,0.7249346802847654,1.5934851490557707,1.7249346802847654,0.13144953122899472,0.059356329055269184
R1,3,4,0.9,10,1,11,9,10,10,141430,"36201,41941,66750,95713,99820,107690,170539,241046,519358",5,22,32,22,11,11,10,5,5,0.5934851490557708,0.7249685293157602,1.5934851490557707,1.7249685293157602,0.1314833802599895,0.05937157772132227
R1,3,4,1.0,10,0,11,10,10,10,,"36201,41941,66750,95713,99820,107690,115674,170539,241046,519358",5,22,32,22,11,11,10,5,5,0.5934851490557708,0.7249685293157602,1.5934851490557707,1.7249685293157602,0.1314833802599895,0.05937157772132227
R1,4,5,0.0,10,10,10,0,10,10,"36201,41941,66750,95713,99820,107690,115674,170539,241046,519358",,5,22,32,22,11,11,10,5,5,0.5934851490557708,0.7249685293157602,1.5934851490557707,1.7249685293157602,0.1314833802599895,0.05937157772132227
R1,4,5,0.1,10,9,10,1,10,10,"36201,41941,66750,95713,99820,107690,170539,241046,519358",124562,5,22,32,22,11,11,10,5,5,0.5934851490557708,0.7249685293157602,1.5934851490557707,1.7249685293157602,0.1314833802599895,0.05937157772132227
R1,4,5,0.2,10,8,10,2,10,10,"36201,41941,66750,95713,107690,115674,170539,519358","82293,153441",5,22,26,22,11,11,10,5,5,0.28219036605145864,0.7249685293157602,1.2821903660514586,1.7249685293157602,0.4427781632643015,0.1975413537315405
R1,4,5,0.30000000000000004,10,7,10,3,10,10,"36201,41941,66750,95713,115674,170539,519358","91537,96384,148830",5,16,26,10,5,5,10,5,5,0.36426422766257677,0.12027054608227443,1.3642642276625767,1.1202705460822744,-0.24399368158030232,-0.1098603475188658
R1,4,5,0.4,10,6,10,4,10,10,"36201,66750,95713,107690,115674,170539","68579,82293,96384,148830",5,16,24,13,8,5,8,3,5,0.0037973971192383875,0.12027054608227443,0.6037973971192384,1.1202705460822744,0.516473148963036,0.22933654570713313
R1,4,5,0.5,10,5,10,5,10,10,"36201,41941,66750,107690,519358","68579,82293,96384,148830,153441",5,19,19,14,7,7,3,0,3,0.5788225710637017,0.32242633437199236,0.5788225710637017,0.9224263343719923,0.34360376330829057,0.15410016609476007
R1,4,5,0.6000000000000001,10,4,10,6,10,10,"41941,99820,241046,519358","91537,124562,131273,137299,153441,153558",5,19,16,12,7,5,0,0,0,0.5788225710637017,0.34521642344965253,0.5788225710637017,0.34521642344965253,-0.2336061476140492,-0.1052186304618305
R1,4,5,0.7000000000000001,10,3,10,7,10,10,"99820,107690,241046","68579,82293,124562,131273,137299,153441,153558",5,16,16,10,5,5,0,0,0,0.5615313472293377,0.34521642344965253,0.5615313472293377,0.34521642344965253,-0.2163149237796852,-0.09748188749250455
R1,4,5,0.8,10,2,10,8,10,10,"99820,241046","68579,91537,96384,124562,131273,137299,148830,153558",5,22,16,22,11,11,5,0,5,0.8390139888757363,0.4954078569379998,0.8390139888757363,1.4954078569379998,0.6563938680622635,0.28833096816022075
R1,4,5,0.9,10,1,10,9,10,10,115674,"68579,82293,91537,96384,131273,137299,148830,153441,153558",5,22,22,22,11,11,8,3,5,0.783270710341963,0.4954078569379998,1.383270710341963,1.4954078569379998,0.1121371465960368,0.05065198614910051
R1,4,5,1.0,10,0,10,10,10,10,,"68579,82293,91537,96384,124562,131273,137299,148830,153441,153558",5,22,26,22,11,11,10,5,5,0.6232243999130034,0.49544170596899484,1.6232243999130034,1.4954417059689948,-0.12778269394400854,-0.05770429124361521
R1,5,6,0.0,10,10,10,0,10,10,"68579,82293,91537,96384,124562,131273,137299,148830,153441,153558",,5,22,26,22,11,11,10,5,5,0.6232243999130034,0.49544170596899484,1.6232243999130034,1.4954417059689948,-0.12778269394400854,-0.05770429124361521
R1,5,6,0.1,10,9,10,1,10,10,"68579,82293,91537,96384,131273,137299,148830,153441,153558",67741,5,22,20,22,11,11,10,5,5,0.28219036605145864,0.49544170596899484,1.2821903660514586,1.4954417059689948,0.2132513399175362,0.0961098681739841
R1,5,6,0.2,10,8,10,2,10,10,"68579,91537,96384,124562,131273,137299,148830,153558","101011,530445",5,16,20,10,5,5,10,5,5,0.023230193801032206,0.12030439511326933,1.0232301938010322,1.1203043951132694,0.09707420131223721,0.04385750740489169
R1,5,6,0.30000000000000004,10,7,10,3,10,10,"68579,82293,124562,131273,137299,153441,153558","67741,106495,530445",5,16,15,10,5,5,4,1,3,0.214111789731908,0.12030439511326933,0.414111789731908,0.7203043951132693,0.3061926053813613,0.13754725973208418
R1,5,6,0.4,10,6,10,4,10,10,"91537,124562,131273,137299,153441,153558","67741,106495,119544,530445",5,16,10,10,5,5,2,0,2,0.19209934866603873,0.34585552416699167,0.19209934866603873,0.7458555241669917,0.553756175500953,0.2452421083419378
R1,5,6,0.5,10,5,10,5,10,10,"68579,82293,96384,148830,153441","39538,106495,115261,127661,551404",5,14,10,6,3,3,1,0,1,0.1379972892830817,0.282563221046368,0.1379972892830817,0.482563221046368,0.3445659317632863,0.15452478881109083
R1,5,6,0.6000000000000001,10,4,10,6,10,10,"68579,82293,96384,148830","39538,56382,101011,115261,127661,551404",5,16,18,10,5,5,8,5,3,0.023230193801032206,0.12027054608227443,1.0232301938010322,0.7202705460822744,-0.30295964771875783,-0.1361130568724494
R1,5,6,0.7000000000000001,10,3,10,7,10,10,"91537,96384,148830","39538,56382,101011,115261,119544,127661,551404",5,16,20,10,5,5,10,5,5,0.023230193801032206,0.12027054608227443,1.0232301938010322,1.1202705460822744,0.09704035228124219,0.04384223423528824
R1,5,6,0.8,10,2,10,8,10,10,"82293,153441","39538,56382,67741,106495,115261,119544,127661,551404",5,16,20,10,5,5,10,5,5,0.023230193801032206,0.12027054608227443,1.0232301938010322,1.1202705460822744,0.09704035228124219,0.04384223423528824
R1,5,6,0.9,10,1,10,9,10,10,124562,"39538,56382,101011,106495,115261,119544,127661,530445,551404",5,22,31,22,11,11,9,5,4,0.5458821015385601,0.003928410133642196,1.54588210153856,0.8039284101336422,-0.7419536914049177,-0.32338704597757006
R1,5,6,1.0,10,0,10,10,10,10,,"39538,56382,67741,101011,106495,115261,119544,127661,530445,551404",5,22,32,22,11,11,10,5,5,0.5458821015385601,0.6934664891521195,1.54588210153856,1.6934664891521196,0.14758438761355963,0.06662166030011248
R1,6,7,0.0,10,10,10,0,10,10,"39538,56382,67741,101011,106495,115261,119544,127661,530445,551404",,5,22,32,22,11,11,10,5,5,0.5458821015385601,0.6934664891521195,1.54588210153856,1.6934664891521196,0.14758438761355963,0.06662166030011248
R1,6,7,0.1,10,9,10,1,10,10,"39538,56382,101011,106495,115261,119544,127661,530445,551404",68271,5,16,25,12,7,5,3,3,0,0.42697703789865954,0.5317111474902247,1.0269770378986596,0.5317111474902247,-0.49526589040843483,-0.22023360917200085
R1,6,7,0.2,10,8,10,2,10,10,"39538,56382,67741,106495,115261,119544,127661,551404","85400,533436",5,16,12,10,5,5,1,1,0,0.023230193801032206,0.21554108730341145,0.2232301938010322,0.21554108730341145,-0.007689106497620751,-0.0034761053569980042
R1,6,7,0.30000000000000004,10,7,10,3,10,10,"39538,56382,101011,115261,119544,127661,551404","85400,533436,550660",5,16,10,10,5,5,0,0,0,0.17469270064769085,0.21554108730341145,0.17469270064769085,0.21554108730341145,0.0408483866557206,0.01846478893832084
R1,6,7,0.4,10,6,10,4,10,10,"39538,56382,101011,115261,127661,551404","45876,68271,122167,122334",5,11,10,5,5,0,0,0,0,0.17469270064769085,0.11168681425209806,0.17469270064769085,0.11168681425209806,-0.06300588639559279,-0.02847623048605887
R1,6,7,0.5,10,5,10,5,10,10,"39538,106495,115261,127661,551404","40179,85400,108286,122167,533436",5,7,5,4,2,2,0,0,0,0.10748729629258674,0.03649854172632446,0.10748729629258674,0.03649854172632446,-0.07098875456626227,-0.03208184203635746
R1,6,7,0.6000000000000001,10,4,10,6,10,10,"67741,106495,119544,530445","40179,45343,85400,108286,533436,550660",5,11,10,6,5,1,1,1,0,0.24800613473338,0.030320142444319725,0.44800613473338,0.030320142444319725,-0.4176859922890603,-0.18661624322045256
R1,6,7,0.7000000000000001,10,3,10,7,10,10,"67741,106495,530445","40179,45343,45876,68271,108286,122167,122334",5,15,18,10,5,5,5,5,0,0.023230193801032206,0.12315992690648357,1.0232301938010322,0.12315992690648357,-0.9000702668945486,-0.38584334364267153
R1,6,7,0.8,10,2,10,8,10,10,"101011,530445","40179,45343,45876,68271,108286,122167,122334,550660",5,15,26,10,5,5,5,5,0,0.291716131607353,0.17289827358063675,1.291716131607353,0.17289827358063675,-1.1188178580267163,-0.4666657351058282
R1,6,7,0.9,10,1,10,9,10,10,67741,"40179,45343,45876,85400,108286,122167,122334,533436,550660",5,15,24,10,5,5,5,5,0,0.2916822825763585,0.18979215224851356,1.2916822825763585,0.18979215224851356,-1.101890130327845,-0.46065824099233177
R1,6,7,1.0,10,0,10,10,10,10,,"40179,45343,45876,68271,85400,108286,122167,122334,533436,550660",5,27,38,22,11,11,10,5,5,0.8094643606944579,0.5394003601071922,1.809464360694458,1.5394003601071922,-0.2700640005872659,-0.1214884696612543
R1,7,8,0.0,10,10,10,0,11,10,"40179,45343,45876,68271,85400,108286,122167,122334,533436,550660",,5,27,38,22,11,11,10,5,5,0.8094643606944579,0.5394003601071922,1.809464360694458,1.5394003601071922,-0.2700640005872659,-0.1214884696612543
R1,7,8,0.1,10,9,10,1,11,10,"40179,45343,45876,85400,108286,122167,122334,533436,550660",74326,5,13,26,10,5,5,5,5,0,0.2916822825763585,0.24175506823287443,1.2916822825763585,0.24175506823287443,-1.0499272143434841,-0.44195272906283456
R1,7,8,0.2,10,8,10,2,11,10,"40179,45343,45876,68271,108286,122167,122334,550660","35277,119819",5,13,24,10,5,5,5,5,0,0.2916822825763585,0.18979215224851356,1.2916822825763585,0.18979215224851356,-1.101890130327845,-0.46065824099233177
R1,7,8,0.30000000000000004,10,7,10,3,11,10,"40179,45343,45876,68271,108286,122167,122334","33382,64270,119819",5,10,15,10,5,5,0,0,0,0.2476636985242167,0.17289827358063675,0.2476636985242167,0.17289827358063675,-0.07476542494357996,-0.03378736059844948
R1,7,8,0.4,10,6,10,4,11,10,"40179,45343,85400,108286,533436,550660","33382,64270,112888,119819",5,10,13,6,5,1,0,0,0,0.2476636985242167,0.04649078217721731,0.2476636985242167,0.04649078217721731,-0.2011729163469994,-0.09069706228465624
R1,7,8,0.5,10,5,10,5,11,10,"40179,85400,108286,122167,533436","33382,44554,64270,112888,119819",5,8,12,3,3,0,0,0,0,0.24319627080971434,0.03412416312159419,0.24319627080971434,0.03412416312159419,-0.20907210768812015,-0.09423762009547042
R1,7,8,0.6000000000000001,11,4,10,7,11,11,"45876,68271,122167,122334","35277,44554,50431,74326,97443,518606,534662",5,13,29,12,7,5,8,5,3,0.28205209966870537,0.20458215996441276,1.2820520996687055,0.8045821599644127,-0.47746993970429275,-0.21256514685116262
R1,7,8,0.7000000000000001,11,3,10,8,11,11,"85400,533436,550660","35277,44554,50431,74326,97443,112888,518606,534662",5,10,25,10,5,5,4,3,1,0.4208577655610918,0.22174155286430558,1.0208577655610918,0.4217415528643056,-0.5991162126967862,-0.2644161858970097
R1,7,8,0.8,11,2,10,9,11,11,"85400,533436","33382,44554,50431,64270,74326,97443,112888,518606,534662",5,16,26,10,5,5,10,5,5,0.28205209966870537,0.12027054608227443,1.2820520996687055,1.1202705460822744,-0.1617815535864311,-0.07300866088476309
R1,7,8,0.9,11,1,10,10,11,11,68271,"33382,35277,44554,50431,64270,97443,112888,119819,518606,534662",5,14,27,10,7,3,5,5,0,0.28205209966870537,0.5132871841864489,1.2820520996687055,0.5132871841864489,-0.7687649154822566,-0.3341974631183425
R1,7,8,1.0,11,0,10,11,11,11,,"33382,35277,44554,50431,64270,74326,97443,112888,119819,518606,534662",5,11,32,8,5,3,8,5,3,0.3384599818744356,0.5795079117445759,1.3384599818744356,1.179507911744576,-0.15895207012985968,-0.07173619780311442
R1,8,9,0.0,11,11,11,0,10,11,"33382,35277,44554,50431,64270,74326,97443,112888,119819,518606,534662",,5,11,32,8,5,3,8,5,3,0.3384599818744356,0.5795079117445759,1.3384599818744356,1.179507911744576,-0.15895207012985968,-0.07173619780311442
R1,8,9,0.1,11,10,11,1,10,11,"33382,35277,44554,50431,64270,97443,112888,119819,518606,534662",149740,5,11,32,8,5,3,8,5,3,0.3384599818744356,0.5795079117445759,1.3384599818744356,1.179507911744576,-0.15895207012985968,-0.07173619780311442
R1,8,9,0.2,11,9,11,2,10,11,"33382,44554,50431,64270,74326,97443,112888,518606,534662","50461,57603",5,11,23,8,5,3,8,5,3,0.023264042832027043,0.12027054608227443,1.023264042832027,0.7202705460822744,-0.3029934967497526,-0.13612807592722276
R1,8,9,0.30000000000000004,11,8,11,3,10,11,"35277,44554,50431,74326,97443,112888,518606,534662","55401,132482,531073",5,11,20,5,5,0,5,5,0,0.023264042832027043,0.255259267551546,1.023264042832027,0.255259267551546,-0.7680047752804811,-0.3338921623306734
R1,8,9,0.4,11,7,11,4,10,11,"35277,44554,50431,74326,97443,518606,534662","41559,57603,109752,531073",5,11,18,8,5,3,5,2,3,0.24845107272333394,0.12027054608227443,0.6484510727233339,0.7202705460822744,0.07181947335894046,0.03245700534812722
R1,8,9,0.5,10,5,11,5,10,10,"33382,44554,64270,112888,119819","41559,57603,109752,149740,531073",5,8,20,10,5,5,7,2,5,0.24845107272333394,0.023230193801032206,0.6484510727233339,1.0232301938010322,0.3747791210776983,0.16782862519191452
R1,8,9,0.6000000000000001,10,4,11,6,10,10,"33382,64270,112888,119819","50461,55401,56905,74480,132482,149740",5,10,15,10,5,5,2,2,0,0.24845107272333394,0.21782388513919435,0.6484510727233339,0.21782388513919435,-0.43062718758413954,-0.19225677598617705
R1,8,9,0.7000000000000001,10,3,11,7,10,10,"33382,64270,119819","41559,50461,56905,57603,74480,109752,149740",5,9,21,8,5,3,2,2,0,0.24845107272333394,0.5428362888188838,0.6484510727233339,0.5428362888188838,-0.10561478390445012,-0.04771046692308973
R1,8,9,0.8,10,2,11,8,10,10,"35277,119819","41559,55401,56905,74480,109752,132482,149740,531073",5,9,15,7,5,2,2,2,0,0.24845107272333394,0.21751047447226227,0.6484510727233339,0.21751047447226227,-0.43094059825107167,-0.19239322294720496
R1,8,9,0.9,10,1,11,9,10,10,74326,"41559,50461,55401,56905,57603,74480,109752,132482,531073",5,12,27,10,5,5,5,5,0,0.2963402267493631,0.516076286133243,1.2963402267493631,0.516076286133243,-0.7802639406161201,-0.338807321871602
R1,8,9,1.0,10,0,11,10,10,10,,"41559,50461,55401,56905,57603,74480,109752,132482,149740,531073",5,11,27,10,5,5,5,5,0,0.2963402267493631,0.5159645711637679,1.2963402267493631,0.5159645711637679,-0.7803756555855952,-0.3388520281849866
R1,9,1,0.0,10,10,10,0,9,10,"41559,50461,55401,56905,57603,74480,109752,132482,149740,531073",,5,11,27,10,5,5,5,5,0,0.2963402267493631,0.5159645711637679,1.2963402267493631,0.5159645711637679,-0.7803756555855952,-0.3388520281849866
R1,9,1,0.1,10,9,10,1,9,10,"41559,50461,55401,56905,57603,74480,109752,132482,531073",55415,5,5,16,0,0,0,0,0,0,0.105608689934448,0.43897527515198875,0.105608689934448,0.43897527515198875,0.33336658521754076,0.14957881486166422
R1,9,1,0.2,10,8,10,2,9,10,"41559,55401,56905,74480,109752,132482,149740,531073","46169,55415",5,5,10,0,0,0,0,0,0,0.105608689934448,0.11396961208788045,0.105608689934448,0.11396961208788045,0.008360922153432454,0.0037798182333069765
R1,9,1,0.30000000000000004,10,7,10,3,9,10,"41559,50461,56905,57603,74480,109752,149740","46169,68502,140787",5,1,4,0,0,0,0,0,0,0.029999991161806773,0.3386336930478859,0.029999991161806773,0.3386336930478859,0.3086337018860791,0.1386297958950972
R1,9,1,0.4,10,6,10,4,9,10,"50461,55401,56905,74480,132482,149740","46169,60670,68502,140787",5,0,0,0,0,0,0,0,0,0.029999991161806773,0.029999991161806773,0.029999991161806773,0.029999991161806773,0.0,0.0
R1,9,1,0.5,10,5,10,5,9,10,"41559,57603,109752,149740,531073","34203,55415,529992,532704,537128",5,0,0,0,0,0,0,0,0,0.029999991161806773,0.029999991161806773,0.029999991161806773,0.029999991161806773,0.0,0.0
R1,9,1,0.6000000000000001,9,4,10,5,9,9,"41559,57603,109752,531073","34203,55415,529992,532704,537128",5,0,0,0,0,0,0,0,0,0.029999991161806773,0.029999991161806773,0.029999991161806773,0.029999991161806773,0.0,0.0
R1,9,1,0.7000000000000001,9,3,10,6,9,9,"55401,132482,531073","34203,55415,60670,529992,532704,537128",5,0,0,0,0,0,0,0,0,0.029999991161806773,0.029999991161806773,0.029999991161806773,0.029999991161806773,0.0,0.0
R1,9,1,0.8,9,2,10,7,9,9,"50461,57603","34203,60670,68502,140787,529992,532704,537128",5,4,5,0,0,0,0,0,0,0.035323977477703154,0.05542860558473741,0.035323977477703154,0.05542860558473741,0.020104628107034256,0.009088723457994318
R1,9,1,0.9,9,1,10,8,9,9,149740,"34203,46169,60670,68502,140787,529992,532704,537128",5,5,12,2,0,2,2,0,2,0.11508338369421481,0.12627289805102565,0.11508338369421481,0.5262728980510256,0.41118951435681084,0.18378002657735587
R1,9,1,1.0,9,0,10,9,9,9,,"34203,46169,55415,60670,68502,140787,529992,532704,537128",5,11,15,7,2,5,5,0,5,0.1195693831532578,0.023230193801032206,0.1195693831532578,1.0232301938010322,0.9036608106477744,0.3872240458885805
