analysis,goal_column,correlation,cosine_similarity,MAE,RMSE
l1_normalized,1,0.8983106217259673,0.9139182681032626,0.02105699016182151,0.02944796390825109
l1_normalized,2,0.8230924165068754,0.8655701320899112,0.01618210312938767,0.02949633000824816
l1_normalized,3,0.10129959938540668,0.4876242620052372,0.03768716352588863,0.047748847627865486
l1_normalized,4,0.6305192994159682,0.7138353256775326,0.031559925175932126,0.045078320330349565
l1_normalized,5,0.7790167899469841,0.8262368414105754,0.02974037395325696,0.03558346266709308
l1_normalized,6,0.5265935646513595,0.6558945796057779,0.03194448828933331,0.045586789527063055
l1_normalized,7,0.21058999174722418,0.5148574059194952,0.036289687016501856,0.048517581781864584
l1_normalized,8,0.7736145380751461,0.8347215377403298,0.0172034721650912,0.030914928950038008
l1_normalized,9,0.8681482527578044,0.8876618963750387,0.024646259175694383,0.034286189908121815
