goal_i,goal_j,correlation,observed_shift,predicted_shift,residual_bins,absolute_residual_bins,training_error
1,2,0.6529081284808183,1,0,-1.0,1.0,0.9297407053549074
1,3,0.6320041777908311,-1,-1,0.0,0.0,0.9579697455846932
1,4,0.6022132577224246,-3,-2,1.0,1.0,0.9300543522044631
1,5,0.716310214416055,-3,-3,0.0,0.0,0.9656911673876872
1,6,0.5923907962741763,-4,-3,1.0,1.0,0.9301118875893063
1,7,0.7702374099568635,-5,-5,0.0,0.0,0.9712118947008953
1,8,0.761441154674684,-6,-6,0.0,0.0,0.9702796417793224
1,9,0.7780119155089527,-6,-5,1.0,1.0,0.9288429997472631
2,3,0.5185939254709621,0,-2,-2.0,2.0,0.9140953713989509
2,4,0.7140446159310443,-2,-2,0.0,0.0,0.9654693166640606
2,5,0.5827869373396255,-4,-3,1.0,1.0,0.9301671384659796
2,6,0.5668552780766182,-4,-3,1.0,1.0,0.9302566158472497
2,7,0.7115080154486741,-5,-5,0.0,0.0,0.9652218832518672
2,8,0.7768356352256651,-6,-6,0.0,0.0,0.9719194161178673
2,9,0.7975041261767055,-5,-6,-1.0,1.0,0.9543876019834157
3,4,0.5381729647035498,-1,-1,0.0,0.0,0.9506276747471744
3,5,0.4813198422140592,-2,-2,0.0,0.0,0.9467971061419171
3,6,0.4815916604692861,4,-3,-7.0,7.0,0.3196476326098285
3,7,0.5998021960833042,-4,-4,0.0,0.0,0.9553042624636711
3,8,0.6691820823443452,-5,-5,0.0,0.0,0.9612406335817756
3,9,0.4776268570382896,-5,-3,2.0,2.0,0.929587895868057
4,5,0.6678500698076199,0,-1,-1.0,1.0,0.9296428535046201
4,6,0.5170412963321963,-1,-1,0.0,0.0,0.9491503455407937
4,7,0.6320216379772052,-3,-3,0.0,0.0,0.9579712327747115
4,8,0.7372284572745692,-4,-4,0.0,0.0,0.9677776897256842
4,9,0.5787057912165711,-3,-3,0.0,0.0,0.9536411368356366
5,6,0.5515818812515698,-1,0,1.0,1.0,0.930339861444132
5,7,0.5884177618560292,-2,-2,0.0,0.0,0.9543986607959513
5,8,0.4235584108768956,-3,-3,0.0,0.0,0.9433692379705053
5,9,0.5335596294691944,-1,-3,-2.0,2.0,0.8959114240607106
6,7,0.614206298936927,-2,-2,0.0,0.0,0.9564774887637864
6,8,0.5660976468825685,-2,-3,-1.0,1.0,0.9302608035550022
6,9,0.6152585537043574,-2,-3,-1.0,1.0,0.955212462853271
7,8,0.7860377948650268,-1,-1,0.0,0.0,0.9729179836522328
7,9,0.7296897646239391,-1,0,1.0,1.0,0.9292111042606972
8,9,0.6916225421209795,0,1,1.0,1.0,0.9294820188620793
