heading_column,goal_column,Delta7_spikes,PFL2_spikes,PFL3_spikes,DNa03_spikes,DNa03_L_spikes,DNa03_R_spikes,DNa02_spikes,DNa02_L_spikes,DNa02_R_spikes,DNa02_L_v,DNa02_R_v,membrane_difference,spike_count_difference,spike_difference,left_activity,right_activity,activity_difference,steering
L1,1,11,11,10,4,2,2,0,0,0,0.1195693831532578,0.1384605359583034,0.018891152805045608,0,0.0,0.1195693831532578,0.1384605359583034,0.018891152805045608,0.008540173746338375
L1,2,11,12,30,12,5,7,7,0,7,0.5369853027887578,0.35712358059968535,-0.17986172218907243,7,1.0,0.5369853027887578,1.7571235805996852,1.2201382778109275,0.5017218378191038
L1,3,11,15,37,10,5,5,7,2,5,0.24214986265030883,0.5505380374750264,0.3083881748247176,3,0.42857142857142855,0.6421498626503088,1.5505380374750264,0.9083881748247176,0.3890392533567139
L1,4,11,22,32,22,11,11,10,5,5,0.5934851490557708,0.7249685293157602,0.1314833802599894,0,0.0,1.5934851490557707,1.7249685293157602,0.1314833802599895,0.05937157772132227
L1,5,11,22,26,22,11,11,10,5,5,0.6232243999130034,0.49544170596899484,-0.12778269394400854,0,0.0,1.6232243999130034,1.4954417059689948,-0.12778269394400854,-0.05770429124361521
L1,6,11,22,26,22,11,11,10,5,5,0.28219036605145864,0.6934664891521195,0.41127612310066086,0,0.0,1.2821903660514586,1.6934664891521196,0.411276123100661,0.1838178582588432
L1,7,11,27,32,22,11,11,10,5,5,0.5506424548267846,0.5394003601071922,-0.011242094719592477,0,0.0,1.5506424548267845,1.5394003601071922,-0.011242094719592366,-0.00508232349498853
L1,8,11,11,32,8,5,3,8,5,3,0.3384599818744356,0.5795079117445759,0.24104792987014034,-2,-0.25,1.3384599818744356,1.179507911744576,-0.15895207012985968,-0.07173619780311442
L1,9,11,11,27,10,5,5,5,5,0,0.2963402267493631,0.5159645711637679,0.21962434441440482,-5,-1.0,1.2963402267493631,0.5159645711637679,-0.7803756555855952,-0.3388520281849866
L2,1,0,11,10,4,2,2,0,0,0,0.1195693831532578,0.1384605359583034,0.018891152805045608,0,0.0,0.1195693831532578,0.1384605359583034,0.018891152805045608,0.008540173746338375
L2,2,0,14,25,14,7,7,3,0,3,0.7463878669654325,0.7265160089200309,-0.01987185804540159,3,1.0,0.7463878669654325,1.3265160089200307,0.5801281419545983,0.25641419511277835
L2,3,0,15,31,10,5,5,7,2,5,0.24214986265030883,0.2820859486997002,0.03993608604939139,3,0.42857142857142855,0.6421498626503088,1.2820859486997003,0.6399360860493915,0.28149468140279543
L2,4,0,16,32,10,5,5,10,5,5,0.3345249768053443,0.3497973694290397,0.015272392623695397,0,0.0,1.3345249768053442,1.3497973694290397,0.015272392623695508,0.006904289345431059
L2,5,0,16,26,10,5,5,10,5,5,0.36426422766257677,0.12030439511326933,-0.24395983254930742,0,0.0,1.3642642276625767,1.1203043951132694,-0.2439598325493073,-0.10984522959138093
L2,6,0,16,26,10,5,5,10,5,5,0.023230193801032206,0.31829532926539866,0.29506513546436647,0,0.0,1.0232301938010322,1.3182953292653987,0.2950651354643665,0.13260851100427187
L2,7,0,27,26,16,5,11,5,0,5,0.2476636985242167,0.5394003601071922,0.29173666158297545,5,1.0,0.2476636985242167,1.5394003601071922,1.2917366615829755,0.5255471111278555
L2,8,0,11,36,14,11,3,10,7,3,0.0037973971192383875,0.5795079117445759,0.5757105146253375,-4,-0.4,1.4037973971192383,1.179507911744576,-0.22428948537466242,-0.10105152755398676
L2,9,0,11,25,12,7,5,3,3,0,0.6308829001164128,0.5159645711637679,-0.11491832895264487,-3,-1.0,1.2308829001164128,0.5159645711637679,-0.7149183289526448,-0.3124001140282849
L3,1,105,11,10,4,2,2,0,0,0,0.1195693831532578,0.1384605359583034,0.018891152805045608,0,0.0,0.1195693831532578,0.1384605359583034,0.018891152805045608,0.008540173746338375
L3,2,105,12,22,10,5,5,0,0,0,0.5369853027887578,0.5572010074077828,0.020215704619025,0,0.0,0.5369853027887578,0.5572010074077828,0.020215704619025,0.009138935162323909
L3,3,105,15,31,10,5,5,7,2,5,0.24214986265030883,0.2820859486997002,0.03993608604939139,3,0.42857142857142855,0.6421498626503088,1.2820859486997003,0.6399360860493915,0.28149468140279543
L3,4,105,16,38,16,5,11,16,5,11,0.3345249768053443,0.0037973971192383875,-0.33072757968610594,6,0.375,1.3345249768053442,2.2037973971192386,0.8692724203138944,0.3739297264727485
L3,5,105,16,33,16,5,11,11,0,11,0.5615313472293377,0.0037973971192383875,-0.5577339501100993,11,1.0,0.5615313472293377,2.2037973971192386,1.6422660498899009,0.6306180746164904
L3,6,105,16,26,10,5,5,10,5,5,0.023230193801032206,0.31829532926539866,0.29506513546436647,0,0.0,1.0232301938010322,1.3182953292653987,0.2950651354643665,0.13260851100427187
L3,7,105,24,26,16,5,11,5,0,5,0.2476636985242167,0.5394003601071922,0.29173666158297545,5,1.0,0.2476636985242167,1.5394003601071922,1.2917366615829755,0.5255471111278555
L3,8,105,27,23,16,5,11,7,2,5,0.24845333221031474,0.7394015385183023,0.4909482063079875,3,0.42857142857142855,0.6484533322103148,1.7394015385183024,1.0909482063079876,0.456752419645826
L3,9,105,16,22,10,5,5,0,0,0,0.4699446836253417,0.5428295482033026,0.07288486457796095,0,0.0,0.4699446836253417,0.5428295482033026,0.07288486457796095,0.03293813635087251
L4,1,89,11,10,4,2,2,0,0,0,0.1195693831532578,0.1384605359583034,0.018891152805045608,0,0.0,0.1195693831532578,0.1384605359583034,0.018891152805045608,0.008540173746338375
L4,2,89,14,22,14,7,7,0,0,0,0.7463878669654325,0.7820781215568883,0.035690254591455806,0,0.0,0.7463878669654325,0.7820781215568883,0.035690254591455806,0.016133580657230917
L4,3,89,15,34,10,5,5,8,3,5,0.023230193801032206,0.2820859486997002,0.258855754898668,2,0.25,0.6232301938010322,1.2820859486997003,0.6588557548986681,0.28935109195973296
L4,4,89,16,32,10,5,5,10,5,5,0.3345249768053443,0.3497973694290397,0.015272392623695397,0,0.0,1.3345249768053442,1.3497973694290397,0.015272392623695508,0.006904289345431059
L4,5,89,16,32,10,5,5,10,5,5,0.36426422766257677,0.4717304035554309,0.10746617589285412,0,0.0,1.3642642276625767,1.4717304035554308,0.10746617589285412,0.048545512219296184
L4,6,89,16,32,16,5,11,16,5,11,0.023230193801032206,0.0037973971192383875,-0.019432796681793818,6,0.375,1.0232301938010322,2.2037973971192386,1.1805672033182064,0.4882158339512075
L4,7,89,22,26,16,5,11,5,0,5,0.2476636985242167,0.5394003601071922,0.29173666158297545,5,1.0,0.2476636985242167,1.5394003601071922,1.2917366615829755,0.5255471111278555
L4,8,89,16,21,10,5,5,4,2,2,0.24845107272333394,0.6818975932065212,0.43344652048318727,0,0.0,0.6484510727233339,1.0818975932065213,0.43344652048318744,0.19348393726161447
L4,9,89,22,22,22,11,11,5,0,5,0.7474273252717406,0.7016784504877293,-0.04574887478401135,5,1.0,0.7474273252717406,1.7016784504877291,0.9542511252159885,0.40649175937246834
L5,1,69,11,10,4,2,2,0,0,0,0.1195693831532578,0.1384605359583034,0.018891152805045608,0,0.0,0.1195693831532578,0.1384605359583034,0.018891152805045608,0.008540173746338375
L5,2,69,14,23,14,7,7,1,0,1,0.7463878669654325,0.7811201618800339,0.03473229491460139,1,1.0,0.7463878669654325,0.9811201618800338,0.23473229491460135,0.10572207986816923
L5,3,69,14,31,10,5,5,7,2,5,0.24214986265030883,0.2820859486997002,0.03993608604939139,3,0.42857142857142855,0.6421498626503088,1.2820859486997003,0.6399360860493915,0.28149468140279543
L5,4,69,16,32,10,5,5,10,5,5,0.3345249768053443,0.3497973694290397,0.015272392623695397,0,0.0,1.3345249768053442,1.3497973694290397,0.015272392623695508,0.006904289345431059
L5,5,69,16,26,10,5,5,10,5,5,0.36426422766257677,0.12030439511326933,-0.24395983254930742,0,0.0,1.3642642276625767,1.1203043951132694,-0.2439598325493073,-0.10984522959138093
L5,6,69,22,26,22,11,11,10,5,5,0.28219036605145864,0.6934664891521195,0.41127612310066086,0,0.0,1.2821903660514586,1.6934664891521196,0.411276123100661,0.1838178582588432
L5,7,69,22,32,16,5,11,5,0,5,0.2476636985242167,0.7881214961862294,0.5404577976620126,5,1.0,0.2476636985242167,1.7881214961862293,1.5404577976620126,0.602087807635967
L5,8,69,14,27,14,7,7,8,3,5,0.023230193801032206,0.4613384289748139,0.4381082351737817,2,0.25,0.6232301938010322,1.461338428974814,0.8381082351737817,0.3617474820766832
L5,9,69,14,22,14,7,7,3,0,3,0.6793472478020163,0.6880234244156312,0.008676176613614972,3,1.0,0.6793472478020163,1.2880234244156312,0.608676176613615,0.26843130605858406
L6,1,76,11,10,4,2,2,0,0,0,0.1195693831532578,0.1384605359583034,0.018891152805045608,0,0.0,0.1195693831532578,0.1384605359583034,0.018891152805045608,0.008540173746338375
L6,2,76,14,24,14,7,7,2,0,2,0.7463878669654325,0.7686559551640376,0.02226808819860515,2,1.0,0.7463878669654325,1.1686559551640376,0.4222680881986052,0.18861481747389267
L6,3,76,15,26,10,5,5,7,2,5,0.24214986265030883,0.28205209966870537,0.03990223701839654,3,0.42857142857142855,0.6421498626503088,1.2820520996687055,0.6399022370183967,0.2814805913146271
L6,4,76,16,32,10,5,5,10,5,5,0.3345249768053443,0.3497973694290397,0.015272392623695397,0,0.0,1.3345249768053442,1.3497973694290397,0.015272392623695508,0.006904289345431059
L6,5,76,16,26,10,5,5,10,5,5,0.36426422766257677,0.12030439511326933,-0.24395983254930742,0,0.0,1.3642642276625767,1.1203043951132694,-0.2439598325493073,-0.10984522959138093
L6,6,76,16,26,10,5,5,10,5,5,0.023230193801032206,0.31829532926539866,0.29506513546436647,0,0.0,1.0232301938010322,1.3182953292653987,0.2950651354643665,0.13260851100427187
L6,7,76,22,26,16,5,11,5,0,5,0.2476636985242167,0.5394003601071922,0.29173666158297545,5,1.0,0.2476636985242167,1.5394003601071922,1.2917366615829755,0.5255471111278555
L6,8,76,11,19,6,3,3,4,1,3,0.12601726958785414,0.5795079117445759,0.4534906421567218,2,0.5,0.32601726958785415,1.179507911744576,0.8534906421567218,0.3677763265328073
L6,9,76,11,27,10,5,5,5,0,5,0.4699446836253417,0.32654113963200343,-0.14340354399333827,5,1.0,0.4699446836253417,1.3265411396320035,0.8565964560066618,0.36898987065243327
L7,1,71,11,10,4,2,2,0,0,0,0.1195693831532578,0.1384605359583034,0.018891152805045608,0,0.0,0.1195693831532578,0.1384605359583034,0.018891152805045608,0.008540173746338375
L7,2,71,13,25,12,5,7,3,0,3,0.5369853027887578,0.7265160089200309,0.1895307061312731,3,1.0,0.5369853027887578,1.3265160089200307,0.789530706131273,0.34251049965189456
L7,3,71,15,29,10,5,5,7,2,5,0.24214986265030883,0.28205209966870537,0.03990223701839654,3,0.42857142857142855,0.6421498626503088,1.2820520996687055,0.6399022370183967,0.2814805913146271
L7,4,71,16,32,10,5,5,10,5,5,0.3345249768053443,0.3497973694290397,0.015272392623695397,0,0.0,1.3345249768053442,1.3497973694290397,0.015272392623695508,0.006904289345431059
L7,5,71,16,26,10,5,5,10,5,5,0.36426422766257677,0.12030439511326933,-0.24395983254930742,0,0.0,1.3642642276625767,1.1203043951132694,-0.2439598325493073,-0.10984522959138093
L7,6,71,16,26,10,5,5,10,5,5,0.023230193801032206,0.31829532926539866,0.29506513546436647,0,0.0,1.0232301938010322,1.3182953292653987,0.2950651354643665,0.13260851100427187
L7,7,71,22,26,16,5,11,5,0,5,0.2476636985242167,0.5394003601071922,0.29173666158297545,5,1.0,0.2476636985242167,1.5394003601071922,1.2917366615829755,0.5255471111278555
L7,8,71,11,29,10,5,5,8,3,5,0.023230193801032206,0.4613384289748139,0.4381082351737817,2,0.25,0.6232301938010322,1.461338428974814,0.8381082351737817,0.3617474820766832
L7,9,71,11,22,10,5,5,0,0,0,0.4699446836253417,0.5159645711637679,0.04601988753842623,0,0.0,0.4699446836253417,0.5159645711637679,0.04601988753842623,0.02080183768305622
L8,1,204,11,10,4,2,2,0,0,0,0.1195693831532578,0.1384605359583034,0.018891152805045608,0,0.0,0.1195693831532578,0.1384605359583034,0.018891152805045608,0.008540173746338375
L8,2,204,11,25,12,5,7,3,0,3,0.5369853027887578,0.7265160089200309,0.1895307061312731,3,1.0,0.5369853027887578,1.3265160089200307,0.789530706131273,0.34251049965189456
L8,3,204,15,24,10,5,5,5,0,5,0.17054818962819118,0.28205209966870537,0.11150391004051419,5,1.0,0.17054818962819118,1.2820520996687055,1.1115039100405144,0.46407531400394036
L8,4,204,16,27,10,5,5,5,5,0,0.3345249768053443,0.5741875434109148,0.2396625666055705,-5,-1.0,1.3345249768053442,0.5741875434109148,-0.7603374333944294,-0.33080876079892085
L8,5,204,16,21,10,5,5,5,5,0,0.36426422766257677,0.34521642344965253,-0.019047804212924235,-5,-1.0,1.3642642276625767,0.34521642344965253,-1.0190478042129243,-0.43065036767655485
L8,6,204,16,21,10,5,5,5,5,0,0.023230193801032206,0.5317111474902247,0.5084809536891925,-5,-1.0,1.0232301938010322,0.5317111474902247,-0.49151904631080745,-0.21862128059761102
L8,7,204,22,21,16,5,11,0,0,0,0.2476636985242167,0.7259881948646942,0.4783244963404775,0,0.0,0.2476636985242167,0.7259881948646942,0.4783244963404775,0.21293399166808102
L8,8,204,11,24,8,5,3,6,3,3,0.023230193801032206,0.5795079117445759,0.5562777179435437,0,0.0,0.6232301938010322,1.179507911744576,0.5562777179435437,0.24631319587300143
L8,9,204,11,23,10,5,5,1,1,0,0.4691713631075563,0.5159645711637679,0.04679320805621162,-1,-1.0,0.6691713631075563,0.5159645711637679,-0.1532067919437884,-0.06915174187378334
R8,1,216,11,10,4,2,2,0,0,0,0.1195693831532578,0.1384605359583034,0.018891152805045608,0,0.0,0.1195693831532578,0.1384605359583034,0.018891152805045608,0.008540173746338375
R8,2,216,11,22,10,5,5,0,0,0,0.5369853027887578,0.5572010074077828,0.020215704619025,0,0.0,0.5369853027887578,0.5572010074077828,0.020215704619025,0.009138935162323909
R8,3,216,15,26,10,5,5,5,0,5,0.18895129733891783,0.2820859486997002,0.09313465136078239,5,1.0,0.18895129733891783,1.2820859486997003,1.0931346513607825,0.4575343080065285
R8,4,216,16,27,10,5,5,5,0,5,0.5214318429675633,0.3497973694290397,-0.17163447353852357,5,1.0,0.5214318429675633,1.3497973694290397,0.8283655264614764,0.3579132592295926
R8,5,216,16,16,10,5,5,0,0,0,0.5615313472293377,0.34521642344965253,-0.2163149237796852,0,0.0,0.5615313472293377,0.34521642344965253,-0.2163149237796852,-0.09748188749250455
R8,6,216,16,16,10,5,5,0,0,0,0.17469270064769085,0.5317111474902247,0.3570184468425339,0,0.0,0.17469270064769085,0.5317111474902247,0.3570184468425339,0.16001511067035296
R8,7,216,22,21,16,5,11,0,0,0,0.2476636985242167,0.7259881948646942,0.4783244963404775,0,0.0,0.2476636985242167,0.7259881948646942,0.4783244963404775,0.21293399166808102
R8,8,216,11,24,8,5,3,6,3,3,0.023230193801032206,0.5795079117445759,0.5562777179435437,0,0.0,0.6232301938010322,1.179507911744576,0.5562777179435437,0.24631319587300143
R8,9,216,11,24,10,5,5,2,2,0,0.45835647165417887,0.5159645711637679,0.05760809950958906,-2,-1.0,0.8583564716541789,0.5159645711637679,-0.342391900490411,-0.1535652676541159
R7,1,65,11,16,7,5,2,0,0,0,0.5160913200920237,0.1384605359583034,-0.3776307841337203,0,0.0,0.5160913200920237,0.1384605359583034,-0.3776307841337203,-0.16908123182379287
R7,2,65,11,28,10,5,5,6,5,1,0.34605998831822565,0.5563099139724406,0.2102499256542149,-4,-0.6666666666666666,1.3460599883182256,0.7563099139724405,-0.5897500743457851,-0.26047356064733584
R7,3,65,15,37,10,5,5,10,5,5,0.27195132988006937,0.2820859486997002,0.010134618819630847,0,0.0,1.2719513298800693,1.2820859486997003,0.010134618819630958,0.004581663444128946
R7,4,65,16,32,10,5,5,10,5,5,0.3345249768053443,0.3497973694290397,0.015272392623695397,0,0.0,1.3345249768053442,1.3497973694290397,0.015272392623695508,0.006904289345431059
R7,5,65,16,25,12,7,5,9,4,5,0.003928410133642196,0.12030439511326933,0.11637598497962713,1,0.1111111111111111,0.8039284101336422,1.1203043951132694,0.31637598497962716,0.14206100975641422
R7,6,65,16,26,10,5,5,10,5,5,0.023230193801032206,0.31829532926539866,0.29506513546436647,0,0.0,1.0232301938010322,1.3182953292653987,0.2950651354643665,0.13260851100427187
R7,7,65,24,25,19,8,11,6,1,5,0.7148618883416079,0.5394003601071922,-0.17546152823441574,4,0.6666666666666666,0.914861888341608,1.5394003601071922,0.6245384717655842,0.2750727769961937
R7,8,65,11,22,8,5,3,6,3,3,0.023230193801032206,0.5795079117445759,0.5562777179435437,0,0.0,0.6232301938010322,1.179507911744576,0.5562777179435437,0.24631319587300143
R7,9,65,11,23,10,5,5,1,1,0,0.4691713631075563,0.5159645711637679,0.04679320805621162,-1,-1.0,0.6691713631075563,0.5159645711637679,-0.1532067919437884,-0.06915174187378334
R6,1,88,11,21,7,5,2,5,5,0,0.3305642507956751,0.1384605359583034,-0.19210371483737168,-5,-1.0,1.3305642507956752,0.1384605359583034,-1.1921037148373719,-0.4921780460450386
R6,2,88,13,22,10,5,5,0,0,0,0.5369853027887578,0.5572010074077828,0.020215704619025,0,0.0,0.5369853027887578,0.5572010074077828,0.020215704619025,0.009138935162323909
R6,3,88,15,31,10,5,5,7,2,5,0.24214986265030883,0.2820859486997002,0.03993608604939139,3,0.42857142857142855,0.6421498626503088,1.2820859486997003,0.6399360860493915,0.28149468140279543
R6,4,88,16,32,10,5,5,10,5,5,0.3345249768053443,0.3497973694290397,0.015272392623695397,0,0.0,1.3345249768053442,1.3497973694290397,0.015272392623695508,0.006904289345431059
R6,5,88,16,26,10,5,5,10,5,5,0.36426422766257677,0.12030439511326933,-0.24395983254930742,0,0.0,1.3642642276625767,1.1203043951132694,-0.2439598325493073,-0.10984522959138093
R6,6,88,16,26,10,5,5,10,5,5,0.023230193801032206,0.31829532926539866,0.29506513546436647,0,0.0,1.0232301938010322,1.3182953292653987,0.2950651354643665,0.13260851100427187
R6,7,88,23,26,16,5,11,5,0,5,0.2476636985242167,0.5394003601071922,0.29173666158297545,5,1.0,0.2476636985242167,1.5394003601071922,1.2917366615829755,0.5255471111278555
R6,8,88,11,21,8,5,3,5,2,3,0.24845107272333394,0.5795079117445759,0.331056839021242,1,0.2,0.6484510727233339,1.179507911744576,0.531056839021242,0.23557331005952098
R6,9,88,11,22,10,5,5,0,0,0,0.4699446836253417,0.5159645711637679,0.04601988753842623,0,0.0,0.4699446836253417,0.5159645711637679,0.04601988753842623,0.02080183768305622
R5,1,101,11,12,4,2,2,2,2,0,0.10895212264204802,0.1384605359583034,0.02950841331625538,-2,-1.0,0.508952122642048,0.1384605359583034,-0.3704915866837446,-0.16594428605792094
R5,2,101,22,30,22,11,11,5,5,0,0.6050540095996468,0.855189219372874,0.2501352097732271,-5,-1.0,1.6050540095996468,0.855189219372874,-0.7498647902267729,-0.32658578598765525
R5,3,101,15,43,10,5,5,10,5,5,0.5871472689224776,0.28205209966870537,-0.3050951692537722,0,0.0,1.5871472689224775,1.2820520996687055,-0.305095169253772,-0.13706048008158103
R5,4,101,16,38,16,11,5,16,11,5,0.0037973971192383875,0.3497973694290397,0.34599997230980134,-6,-0.375,2.2037973971192386,1.3497973694290397,-0.8540000276901989,-0.3679754463383868
R5,5,101,16,26,10,5,5,10,5,5,0.36426422766257677,0.12030439511326933,-0.24395983254930742,0,0.0,1.3642642276625767,1.1203043951132694,-0.2439598325493073,-0.10984522959138093
R5,6,101,16,26,10,5,5,10,5,5,0.023230193801032206,0.31829532926539866,0.29506513546436647,0,0.0,1.0232301938010322,1.3182953292653987,0.2950651354643665,0.13260851100427187
R5,7,101,22,21,16,5,11,5,0,5,0.1760105728398442,0.5394003601071922,0.36338978726734794,5,1.0,0.1760105728398442,1.5394003601071922,1.363389787267348,0.5485929260233354
R5,8,101,11,21,8,5,3,5,2,3,0.24845107272333394,0.5795079117445759,0.331056839021242,1,0.2,0.6484510727233339,1.179507911744576,0.531056839021242,0.23557331005952098
R5,9,101,11,22,10,5,5,0,0,0,0.4699446836253417,0.5159645711637679,0.04601988753842623,0,0.0,0.4699446836253417,0.5159645711637679,0.04601988753842623,0.02080183768305622
R4,1,59,16,10,10,5,5,0,0,0,0.1867747875083618,0.21063232356759268,0.023857536059230883,0,0.0,0.1867747875083618,0.21063232356759268,0.023857536059230883,0.010785183859175746
R4,2,59,22,24,22,11,11,2,0,2,0.8144679444351569,0.84050842444273,0.026040480007573086,2,1.0,0.8144679444351569,1.24050842444273,0.4260404800075731,0.1902590518030573
R4,3,59,15,40,10,5,5,10,5,5,0.2719851789110641,0.28205209966870537,0.010066920757641262,0,0.0,1.271985178911064,1.2820520996687055,0.010066920757641373,0.004551058895096987
R4,4,59,16,38,16,11,5,16,11,5,0.0037973971192383875,0.3497973694290397,0.34599997230980134,-6,-0.375,2.2037973971192386,1.3497973694290397,-0.8540000276901989,-0.3679754463383868
R4,5,59,16,26,10,5,5,10,5,5,0.36426422766257677,0.12030439511326933,-0.24395983254930742,0,0.0,1.3642642276625767,1.1203043951132694,-0.2439598325493073,-0.10984522959138093
R4,6,59,16,26,10,5,5,10,5,5,0.023230193801032206,0.31829532926539866,0.29506513546436647,0,0.0,1.0232301938010322,1.3182953292653987,0.2950651354643665,0.13260851100427187
R4,7,59,22,25,18,7,11,5,0,5,0.6984116994468594,0.5394003601071922,-0.15901133933966727,5,1.0,0.6984116994468594,1.5394003601071922,0.8409886606603327,0.36287873519304154
R4,8,59,11,22,8,5,3,6,3,3,0.023230193801032206,0.5795079117445759,0.5562777179435437,0,0.0,0.6232301938010322,1.179507911744576,0.5562777179435437,0.24631319587300143
R4,9,59,11,22,10,5,5,0,0,0,0.4699446836253417,0.5159645711637679,0.04601988753842623,0,0.0,0.4699446836253417,0.5159645711637679,0.04601988753842623,0.02080183768305622
R3,1,115,14,10,6,3,3,0,0,0,0.13267272812540487,0.15253219938144352,0.019859471256038652,0,0.0,0.13267272812540487,0.15253219938144352,0.019859471256038652,0.008977901097138237
R3,2,115,18,25,12,5,7,3,0,3,0.5369853027887578,0.5202692601372592,-0.01671604265149862,3,1.0,0.5369853027887578,1.1202692601372592,0.5832839573485015,0.25774659681356393
R3,3,115,27,29,18,7,11,8,3,5,0.023230193801032206,0.675894420367388,0.6526642265663558,2,0.25,0.6232301938010322,1.675894420367388,1.052664226566356,0.442947859249829
R3,4,115,16,38,16,11,5,16,11,5,0.0037973971192383875,0.3497973694290397,0.34599997230980134,-6,-0.375,2.2037973971192386,1.3497973694290397,-0.8540000276901989,-0.3679754463383868
R3,5,115,16,32,16,11,5,16,11,5,0.0037973971192383875,0.12030439511326933,0.11650699799403094,-6,-0.375,2.2037973971192386,1.1203043951132694,-1.0834930020059692,-0.45408107861278707
R3,6,115,16,38,16,11,5,10,5,5,0.8724492771665678,0.31829532926539866,-0.5541539479011692,0,0.0,1.872449277166568,1.3182953292653987,-0.5541539479011692,-0.2454111118633053
R3,7,115,22,26,16,5,11,5,0,5,0.2476636985242167,0.5394003601071922,0.29173666158297545,5,1.0,0.2476636985242167,1.5394003601071922,1.2917366615829755,0.5255471111278555
R3,8,115,11,18,5,2,3,5,2,3,0.11098334900779189,0.5795079117445759,0.46852456273678406,1,0.2,0.510983349007792,1.179507911744576,0.668524562736784,0.29335115019226643
R3,9,115,11,22,10,5,5,0,0,0,0.4699446836253417,0.5159645711637679,0.04601988753842623,0,0.0,0.4699446836253417,0.5159645711637679,0.04601988753842623,0.02080183768305622
R2,1,0,11,16,7,2,5,0,0,0,0.1195693831532578,0.6117842329571497,0.49221484980389185,0,0.0,0.1195693831532578,0.6117842329571497,0.49221484980389185,0.21892078683149854
R2,2,0,14,33,18,7,11,11,0,11,0.7463878669654325,0.0037973971192383875,-0.742590469846194,11,1.0,0.7463878669654325,2.2037973971192386,1.4574095301538061,0.5776115944622591
R2,3,0,27,31,22,11,11,10,5,5,0.28219036605145864,0.6759282693983831,0.3937379033469245,0,0.0,1.2821903660514586,1.675928269398383,0.3937379033469244,0.1761459995695833
R2,4,0,22,32,22,11,11,10,5,5,0.5934851490557708,0.7249685293157602,0.1314833802599894,0,0.0,1.5934851490557707,1.7249685293157602,0.1314833802599895,0.05937157772132227
R2,5,0,16,26,10,5,5,10,5,5,0.36426422766257677,0.12030439511326933,-0.24395983254930742,0,0.0,1.3642642276625767,1.1203043951132694,-0.2439598325493073,-0.10984522959138093
R2,6,0,16,32,10,5,5,10,5,5,0.28692192928813365,0.31829532926539866,0.031373399977265015,0,0.0,1.2869219292881335,1.3182953292653987,0.03137339997726518,0.014182450276543704
R2,7,0,24,31,16,5,11,10,5,5,0.023230193801032206,0.5394003601071922,0.51617016630616,0,0.0,1.0232301938010322,1.5394003601071922,0.51617016630616,0.2292067722808634
R2,8,0,14,24,10,7,3,6,3,3,0.023230193801032206,0.5795079117445759,0.5562777179435437,0,0.0,0.6232301938010322,1.179507911744576,0.5562777179435437,0.24631319587300143
R2,9,0,11,24,10,5,5,2,2,0,0.45835647165417887,0.5159645711637679,0.05760809950958906,-2,-1.0,0.8583564716541789,0.5159645711637679,-0.342391900490411,-0.1535652676541159
R1,1,5,11,15,7,2,5,5,0,5,0.1195693831532578,0.023230193801032206,-0.09633918935222559,5,1.0,0.1195693831532578,1.0232301938010322,0.9036608106477744,0.3872240458885805
R1,2,5,14,27,12,6,6,5,0,5,0.5370475677394737,0.35712358059968535,-0.17992398713978836,5,1.0,0.5370475677394737,1.3571235805996853,0.8200760128602116,0.3546414011510802
R1,3,5,21,31,10,5,5,7,2,5,0.24214986265030883,0.2820859486997002,0.03993608604939139,3,0.42857142857142855,0.6421498626503088,1.2820859486997003,0.6399360860493915,0.28149468140279543
R1,4,5,22,32,22,11,11,10,5,5,0.5934851490557708,0.7249685293157602,0.1314833802599894,0,0.0,1.5934851490557707,1.7249685293157602,0.1314833802599895,0.05937157772132227
R1,5,5,22,26,22,11,11,10,5,5,0.6232243999130034,0.49544170596899484,-0.12778269394400854,0,0.0,1.6232243999130034,1.4954417059689948,-0.12778269394400854,-0.05770429124361521
R1,6,5,22,32,22,11,11,10,5,5,0.5458821015385601,0.6934664891521195,0.1475843876135594,0,0.0,1.54588210153856,1.6934664891521196,0.14758438761355963,0.06662166030011248
R1,7,5,27,38,22,11,11,10,5,5,0.8094643606944579,0.5394003601071922,-0.27006400058726576,0,0.0,1.809464360694458,1.5394003601071922,-0.2700640005872659,-0.1214884696612543
R1,8,5,11,32,8,5,3,8,5,3,0.3384599818744356,0.5795079117445759,0.24104792987014034,-2,-0.25,1.3384599818744356,1.179507911744576,-0.15895207012985968,-0.07173619780311442
R1,9,5,11,27,10,5,5,5,5,0,0.2963402267493631,0.5159645711637679,0.21962434441440482,-5,-1.0,1.2963402267493631,0.5159645711637679,-0.7803756555855952,-0.3388520281849866
