direction,offset_deg,calibration_score,calibration_correlation,calibration_sign_accuracy,neutral_bias
1,150,1.4634514772526754,0.9650553886886368,1.0,0.003207822871922994
-1,30,1.3342827669831516,0.8396128768270106,1.0,0.0106602196877179
1,210,1.1615100842848032,0.7896796268242495,0.75,0.006339085078892484
1,285,1.1279083074462584,0.7565306783597631,0.75,0.0072447418270094235
-1,255,1.085437422481788,0.714552035708092,0.75,0.008229226452607818
-1,330,1.0710850496335649,0.6997655323768771,0.75,0.007360965486624365
1,225,0.9485901177485925,0.5757206966732421,0.75,0.0042611578492991855
-1,0,0.9348791358957649,0.5607995108719878,0.75,0.0018407499524456727
1,180,0.9335887914259144,0.5614234013572266,0.75,0.005669219862624154
1,240,0.9327233627726303,0.5590703333263406,0.75,0.0026939411074205916
-1,300,0.9325179425660916,0.559169986827143,0.75,0.0033040885221029396
-1,315,0.9136216704122633,0.5390307599484397,0.75,0.0008181790723528467
-1,90,0.5921875339230133,0.22141565378107772,0.75,0.008456239716128926
1,120,0.5435706027242678,0.2944904726014553,0.5,0.0018397397543748867
1,90,0.542642457363028,0.17287158073946296,0.75,0.010458246752870074
-1,345,0.47216224376164,0.22377862584040667,0.5,0.0032327641575332702
-1,195,0.45555064719958693,0.20874566167237618,0.5,0.006390028945578509
-1,285,0.43993535184967225,0.06570005824251632,0.75,0.0015294127856882139
1,255,0.4279312280540445,0.05400565474971725,0.75,0.00214885339134549
1,195,0.398908779033543,0.15326706220380248,0.5,0.00871656634051902
1,345,0.37911772991047105,0.1306957777042118,0.5,0.003156095587481543
-1,225,0.26849002656944915,-0.10605880426003225,0.75,0.0009023383410372426
1,315,0.2621101387879196,-0.11011328666803982,0.75,0.005553149088081117
-1,45,0.23233671212399915,0.11011328666803971,0.25,0.005553149088081117
1,135,0.23060763508951365,0.10605880426003227,0.25,0.0009023383410372426
-1,15,0.11772617450204739,-0.13069577770421184,0.5,0.003156095587481543
-1,165,0.09237465462593807,-0.15326706220380243,0.5,0.00871656634051902
-1,105,0.06991991855461001,-0.05400565474971724,0.25,0.00214885339134549
1,75,0.05853523536463956,-0.06570005824251633,0.25,0.0015294127856882139
1,165,0.03805932385483456,-0.20874566167237618,0.5,0.006390028945578509
1,15,0.024604992080826695,-0.22377862584040667,0.5,0.0032327641575332702
-1,240,-0.04541034247864272,-0.2944904726014553,0.5,0.0018397397543748867
-1,270,-0.05310070411589808,-0.17287158073946304,0.25,0.010458246752870074
1,270,-0.10064377363914222,-0.22141565378107775,0.25,0.008456239716128926
-1,60,-0.17477195980639693,0.002115579094374224,0.5,0.8537750778015423
1,300,-0.17900311799514534,-0.002115579094374202,0.5,0.8537750778015423
1,45,-0.41443984948461626,-0.5390307599484399,0.25,0.0008181790723528467
-1,120,-0.4354173038800509,-0.5590703333263406,0.25,0.0026939411074205916
1,60,-0.4358220310881946,-0.5591699868271431,0.25,0.0033040885221029396
1,0,-0.4367198858482106,-0.5607995108719878,0.25,0.0018407499524456727
-1,180,-0.43925801128853864,-0.5614234013572266,0.25,0.005669219862624154
-1,135,-0.4528512755978917,-0.5757206966732421,0.25,0.0042611578492991855
1,30,-0.5784460151201891,-0.6997655323768769,0.25,0.007360965486624365
1,105,-0.5936666489343959,-0.714552035708092,0.25,0.008229226452607818
-1,75,-0.6351530492732678,-0.7565306783597631,0.25,0.0072447418270094235
-1,150,-0.6678491693636958,-0.7896796268242495,0.25,0.006339085078892484
1,330,-0.8449429866708696,-0.8396128768270107,0.0,0.0106602196877179
-1,210,-0.9666593001245987,-0.9650553886886372,0.0,0.003207822871922994
