heading_column,goal_column,EPG_spikes,EPG_spiking_neurons,EPG_mean_v,Delta7_spikes,Delta7_spiking_neurons,Delta7_mean_v,FC2A_spikes,FC2A_spiking_neurons,FC2A_mean_v,FC2B_spikes,FC2B_spiking_neurons,FC2B_mean_v,FC2C_spikes,FC2C_spiking_neurons,FC2C_mean_v,PFL2_spikes,PFL2_spiking_neurons,PFL2_mean_v,PFL3_spikes,PFL3_spiking_neurons,PFL3_mean_v,DNa03_spikes,DNa03_spiking_neurons,DNa03_mean_v,DNa02_spikes,DNa02_spiking_neurons,DNa02_mean_v,PFL2_L_spikes,PFL2_R_spikes,PFL3_L_spikes,PFL3_R_spikes,DNa03_L_spikes,DNa03_R_spikes,DNa02_L_spikes,DNa02_R_spikes,DNa02_L_v,DNa02_R_v,DNa02_difference,Delta7_max_spikes_single_neuron
L1,1,22,2,0.03689048462934388,0,0,0.19953761437819337,22,2,0.047609030023290484,33,3,0.047609030023290484,44,4,0.043487765608900684,11,1,0.1534042702433537,10,2,0.22021470032454446,0,0,0.24182872702792316,0,0,0.06145439598287587,0,11,5,5,0,0,0,0,0.058361122005942755,0.064547669959809,0.0061865479538662435,0
L1,5,22,2,0.03689048462934388,0,0,0.19953761437819337,22,2,0.047609030023290484,22,2,0.04173935040279591,66,6,0.05023165283244767,22,2,0.0988718784740158,26,4,0.21320294991102554,0,0,0.5205596825706071,0,0,0.1949577062808917,11,11,10,16,0,0,0,0,0.2134159598096297,0.1764994527521537,-0.03691650705747601,0
L1,9,22,2,0.03689048462934388,0,0,0.19953761437819337,22,2,0.04760903002329049,22,2,0.041739350402795916,66,6,0.05023165283244763,11,1,0.18290539331254793,27,3,0.13748433922245606,0,0,0.36439062803680267,0,0,0.1740814036622292,11,0,11,16,0,0,0,0,0.18183772149925756,0.16632508582520086,-0.015512635674056696,0
L5,1,33,3,0.04033573136311243,0,0,0.23611572390870425,22,2,0.047609030023290484,33,3,0.047609030023290484,44,4,0.043487765608900684,11,1,0.12818377238950146,10,2,0.2027874794966089,0,0,0.24182872702792316,0,0,0.06145439598287587,0,11,5,5,0,0,0,0,0.058361122005942755,0.064547669959809,0.0061865479538662435,0
L5,5,33,3,0.04033573136311243,0,0,0.23611572390870425,22,2,0.047609030023290484,22,2,0.04173935040279591,66,6,0.05023165283244767,16,2,0.1718551400256432,26,4,0.1953085500940134,0,0,0.36624233186731037,0,0,0.17762749094102306,11,5,10,16,0,0,0,0,0.2134159598096297,0.14183902207241642,-0.0715769377372133,0
L5,9,33,3,0.04033573136311243,0,0,0.23611572390870425,22,2,0.04760903002329049,22,2,0.041739350402795916,66,6,0.05023165283244763,14,2,0.12610087154223246,24,3,0.1313833150211419,0,0,0.362953975790932,0,0,0.16154666123112993,14,0,11,13,0,0,0,0,0.15457114693897203,0.16852217552328783,0.013951028584315794,0
R5,1,33,3,0.04033573136311242,0,0,0.26147665771201056,22,2,0.047609030023290484,33,3,0.047609030023290484,44,4,0.043487765608900684,11,1,0.09612158304624495,13,3,0.20978790674878423,0,0,0.24458494112853058,0,0,0.0651089891448712,0,11,5,8,0,0,0,0,0.06567030832993342,0.064547669959809,-0.0011226383701244264,0
R5,5,33,3,0.04033573136311242,0,0,0.26147665771201056,22,2,0.047609030023290484,22,2,0.04173935040279591,66,6,0.05023165283244767,16,2,0.17007566544108957,26,4,0.20310119146228686,0,0,0.36624233186731037,0,0,0.17762749094102306,11,5,10,16,0,0,0,0,0.2134159598096297,0.14183902207241642,-0.0715769377372133,0
R5,9,33,3,0.04033573136311242,0,0,0.26147665771201056,22,2,0.04760903002329049,22,2,0.041739350402795916,66,6,0.05023165283244763,11,1,0.15159188755215372,24,3,0.14086554406133286,0,0,0.3538596793794945,0,0,0.16044811638208645,11,0,11,13,0,0,0,0,0.15457114693897203,0.16632508582520086,0.011753938886228832,0
R1,1,22,2,0.03689048462934388,0,0,0.19596744605226876,22,2,0.047609030023290484,33,3,0.047609030023290484,44,4,0.043487765608900684,11,1,0.1494920402308292,15,3,0.20349718981903778,0,0,0.252813558095765,0,0,0.07686042374886702,0,11,10,5,0,0,0,0,0.058361122005942755,0.0953597254917913,0.03699860348584854,0
R1,5,22,2,0.03689048462934388,0,0,0.19596744605226876,22,2,0.047609030023290484,22,2,0.04173935040279591,66,6,0.05023165283244767,22,2,0.09698796513616932,26,4,0.20738518148179277,0,0,0.5205596825706071,0,0,0.1949577062808917,11,11,10,16,0,0,0,0,0.2134159598096297,0.1764994527521537,-0.03691650705747601,0
R1,9,22,2,0.03689048462934388,0,0,0.19596744605226876,22,2,0.04760903002329049,22,2,0.041739350402795916,66,6,0.05023165283244763,11,1,0.17899316330002346,27,3,0.13355576673156977,0,0,0.36439062803680267,0,0,0.1740814036622292,11,0,11,16,0,0,0,0,0.18183772149925756,0.16632508582520086,-0.015512635674056696,0
