condition_id,heading_column,column_a,column_b,alpha,source_step31_steering,reproduction_error,steering,real_PFL2_rate_diff,real_PFL3_rate_diff,shadow_PFL2_mean_v_diff,shadow_PFL3_mean_v_diff,shadow_PFL2_input_diff,shadow_PFL3_input_diff
0,L1,1,2,0.0,0.0085401737463383,7.45931094670027e-17,0.008540173746338375,6.111111111111112,0.0,0.16730894143157313,-0.006842907547817106,2.7418979633472143,-0.11314681397254622
1,L1,1,2,0.1,0.1082352899696087,6.938893903907228e-17,0.10823528996960877,2.777777777777778,-0.8333333333333333,0.1820816993130499,-0.013656624261849215,2.9841148501029524,-0.2248657809352297
2,L1,1,2,0.2,0.1837800265773558,8.326672684688674e-17,0.18378002657735587,2.777777777777778,-0.5555555555555556,0.18357719090483296,-0.010007606920290596,3.008635208484057,-0.16503581368867692
3,L1,1,2,0.3,-0.030511550842306,2.7755575615628914e-17,-0.03051155084230603,5.0,-0.2777777777777781,0.21594711374317455,-0.008881015320078789,3.5393784858959005,-0.14656400820470372
4,L1,1,2,0.4,0.0,0.0,0.0,4.444444444444445,0.0,0.21778640560203166,-0.009304314834688132,3.569535857421373,-0.15350450580281505
5,L1,1,2,0.5,0.0614215675933488,9.020562075079397e-17,0.06142156759334889,5.555555555555556,-0.2777777777777781,0.25257923742471294,-0.003714801116192934,4.140005601332417,-0.06185779892284904
6,L1,1,2,0.6000000000000001,0.3594101818863824,0.0,0.3594101818863824,5.555555555555556,-1.388888888888889,0.235479909034005,-0.01618164135912184,3.859641831639518,-0.2662664310517009
7,L1,1,2,0.7000000000000001,0.4024787880264846,0.0,0.4024787880264846,8.333333333333334,-2.5,0.2702727408566865,-0.010592127640626559,4.430111575550563,-0.1746197241717362
8,L1,1,2,0.8,0.3546660095615828,5.551115123125783e-17,0.35466600956158284,8.888888888888891,-1.9444444444444442,0.30448195555388513,-0.009888835555024095,4.99101222448788,-0.16308841628587434
9,L1,1,2,0.9,0.5017218378191038,0.0,0.5017218378191038,8.888888888888891,-2.2222222222222228,0.3059774471456682,-0.006239818213465503,5.015532582868985,-0.10325844903932113
10,L1,1,2,1.0,0.5017218378191038,0.0,0.5017218378191038,6.666666666666668,-2.2222222222222228,0.32075020502714474,-0.01305353492749764,5.257749469624724,-0.21497741600200415
11,L1,2,3,0.0,0.5017218378191038,0.0,0.5017218378191038,6.666666666666668,-2.2222222222222228,0.32075020502714474,-0.01305353492749764,5.257749469624724,-0.21497741600200415
12,L1,2,3,0.1,0.3546660095615828,5.551115123125783e-17,0.35466600956158284,6.111111111111112,-1.3888888888888897,0.3238704755337105,-0.010212065383408131,5.308910005389256,-0.16838815269027085
13,L1,2,3,0.2,0.3855742158323708,5.551115123125783e-17,0.38557421583237084,6.111111111111112,-1.388888888888889,0.3270656360163227,-0.007985264187752944,5.3612984511346315,-0.13187710598098645
14,L1,2,3,0.3,0.3872994068252632,5.551115123125783e-17,0.38729940682526326,2.777777777777778,-1.388888888888889,0.333810340986218,-0.013041629212710348,5.471885888700534,-0.21478220768724565
15,L1,2,3,0.4,0.2716430548978911,0.0,0.2716430548978911,4.444444444444445,-0.5555555555555558,0.32925335582385074,0.0006910621317303411,5.397168712132936,0.01038155461868584
16,L1,2,3,0.5,0.176763906311388,5.551115123125783e-17,0.17676390631138805,3.3333333333333335,-1.666666666666667,0.3315043805274289,-0.008542785066625813,5.434076931985009,-0.14101832203998788
17,L1,2,3,0.6000000000000001,0.0253233018613651,9.020562075079397e-17,0.02532330186136519,1.6666666666666667,-0.5555555555555558,0.31829439933360637,-0.017719793847188303,5.217483622560935,-0.29148626542549927
18,L1,2,3,0.7000000000000001,0.4115381745954257,0.0,0.4115381745954257,5.555555555555556,-2.222222222222223,0.3133517456136118,-0.005647328124253198,5.136442952567291,-0.09354387130143271
19,L1,2,3,0.8,0.3890262667569176,0.0,0.3890262667569176,8.333333333333334,-3.3333333333333335,0.32048211914113445,-0.009043467527704852,5.253353883559237,-0.14922760482582964
20,L1,2,3,0.9,0.3890392533567139,0.0,0.3890392533567139,8.333333333333334,-4.722222222222223,0.3236772796237468,-0.006816666332049776,5.305742329304612,-0.11271655811654346
21,L1,2,3,1.0,0.3890392533567139,0.0,0.3890392533567139,8.333333333333334,-4.722222222222223,0.3267975501303123,-0.0039751967879604055,5.356902865069143,-0.06612729480481017
22,L1,3,4,0.0,0.3890392533567139,0.0,0.3890392533567139,8.333333333333334,-4.722222222222223,0.3267975501303123,-0.0039751967879604055,5.356902865069143,-0.06612729480481017
23,L1,3,4,0.1,0.2893510919597329,5.551115123125783e-17,0.28935109195973296,11.66666666666667,-2.777777777777779,0.3241592113851213,-0.0017391304235535032,5.313644172129455,-0.029464334664853098
24,L1,3,4,0.2,0.2467067262266212,2.7755575615628914e-17,0.24670672622662124,10.555555555555557,-2.5000000000000013,0.3086910291057835,-0.0025186559601225733,5.06002497755988,-0.04224558039630155
25,L1,3,4,0.3,0.1710529543496122,0.0,0.1710529543496122,6.111111111111112,-1.3888888888888888,0.2862672078797704,-0.002451528552466331,4.692359832695997,-0.04114494693104476
26,L1,3,4,0.4,0.4630642948886977,0.0,0.4630642948886977,6.111111111111112,-2.5000000000000004,0.2982289041967032,-0.010532509761125214,4.888486031030157,-0.173642218327283
27,L1,3,4,0.5,0.4988145518128219,5.551115123125783e-17,0.49881455181282197,7.777777777777779,-3.0555555555555562,0.2633180077486773,-0.00018261794432786194,4.316080477555565,-0.0039434664600555
28,L1,3,4,0.6000000000000001,0.1602611720437397,5.551115123125783e-17,0.16026117204373977,7.777777777777779,-1.6666666666666667,0.2533349588396526,0.007010782264896237,4.152396550256779,0.11400086173143631
29,L1,3,4,0.7000000000000001,0.0238454686981122,3.469446951953614e-18,0.023845468698112205,8.888888888888891,0.0,0.2652966551565853,-0.0010701989437623127,4.348522748590938,-0.01849640966480237
30,L1,3,4,0.8,-0.3308087607989208,5.551115123125783e-17,-0.33080876079892085,8.888888888888891,1.3888888888888897,0.24287283393057202,-0.0010030715361061537,3.9808576037270558,-0.017395776199545576
31,L1,3,4,0.9,0.0593715777213222,6.938893903907228e-17,0.05937157772132227,12.222222222222223,0.0,0.22740465165123425,-0.0017825970726752516,3.727238409157481,-0.030177021930993586
32,L1,3,4,1.0,0.0593715777213222,6.938893903907228e-17,0.05937157772132227,12.222222222222223,0.0,0.22476631290604338,0.00045346929173145645,3.6839797162177907,0.00648593820896437
33,L1,4,5,0.0,0.0593715777213222,6.938893903907228e-17,0.05937157772132227,12.222222222222223,0.0,0.22476631290604338,0.00045346929173145645,3.6839797162177907,0.00648593820896437
34,L1,4,5,0.1,0.0593715777213222,6.938893903907228e-17,0.05937157772132227,12.222222222222223,0.0,0.18274872110618462,0.0014764215964398753,2.9950514635252823,0.023258454521354555
35,L1,4,5,0.2,0.1891987471325214,5.551115123125783e-17,0.18919874713252147,8.888888888888891,-1.6666666666666674,0.17696491887667248,-0.0009003388306162707,2.900219166070522,-0.015711351646500393
36,L1,4,5,0.3,0.0373127962151337,9.71445146547012e-17,0.037312796215133795,8.888888888888891,0.0,0.1545621388292664,-0.0034890206894267473,2.5328990162858815,-0.05815586103823467
37,L1,4,5,0.4,0.1611599859331342,8.326672684688674e-17,0.16115998593313427,6.1111111111111125,0.5555555555555558,0.11225150212389595,-0.004108573797020759,1.839165944800417,-0.0683141690606921
38,L1,4,5,0.5,0.2473581907935002,2.7755575615628914e-17,0.24735819079350022,3.3333333333333335,0.2777777777777777,0.0886320693973659,-0.00654507233973689,1.4518973313257282,-0.10826345248742797
39,L1,4,5,0.6000000000000001,-0.0974818874925045,5.551115123125783e-17,-0.09748188749250455,3.3333333333333335,1.6666666666666667,0.06850716510174029,-0.0035234011501850127,1.1219256561752307,-0.05871956946945023
40,L1,4,5,0.7000000000000001,0.2883309681602207,5.551115123125783e-17,0.28833096816022075,0.0,1.6666666666666667,0.026196528396369684,-0.004142954257778997,0.42819258468976473,-0.06887787749190721
41,L1,4,5,0.8,0.2883309681602207,5.551115123125783e-17,0.28833096816022075,0.0,1.6666666666666667,0.003793748348963788,-0.006731636116589501,0.060872434905123285,-0.11132238688364104
42,L1,4,5,0.9,0.0506519861491005,1.3877787807814457e-17,0.05065198614910051,0.0,1.666666666666667,-0.0019900538805482926,-0.009108396543645675,-0.03395986254963779,-0.15029219305149555
43,L1,4,5,1.0,-0.0577042912436152,6.938893903907228e-18,-0.05770429124361521,0.0,1.6666666666666674,-0.04400764568040705,-0.008085444238937367,-0.7228881152421489,-0.13351967673910536
44,L1,5,6,0.0,-0.0577042912436152,6.938893903907228e-18,-0.05770429124361521,0.0,1.6666666666666674,-0.04400764568040705,-0.008085444238937367,-0.7228881152421489,-0.13351967673910536
45,L1,5,6,0.1,0.0961098681739841,0.0,0.0961098681739841,0.0,0.0,-0.057837403739133486,-0.010431675154059988,-0.9496434014551616,-0.17198891534916072
46,L1,5,6,0.2,0.0438575074048916,8.326672684688674e-17,0.04385750740489169,-3.3333333333333335,0.0,-0.09999841210471277,-0.011090463150911112,-1.6409231388424572,-0.18279052591568812
47,L1,5,6,0.3,0.2635237490803609,0.0,0.2635237490803609,-3.3333333333333335,0.2777777777777777,-0.11767903705293314,-0.006546165539085075,-1.9308179550448945,-0.10828137678733274
48,L1,5,6,0.4,0.1545247888110908,2.7755575615628914e-17,0.15452478881109083,-6.111111111111112,0.0,-0.14390735631915896,-0.01224276977961708,-2.3608623576182692,-0.20168395979123765
49,L1,5,6,0.5,0.0627696973491775,6.938893903907228e-17,0.06276969734917758,-7.777777777777779,0.0,-0.17352131246591979,-0.02047003502328751,-2.846418292396267,-0.33657973144226006
50,L1,5,6,0.6000000000000001,0.1398213525458865,0.0,0.1398213525458865,-8.888888888888891,0.0,-0.2143528469469247,-0.021692624042484066,-3.515899728618109,-0.3566255284686135
51,L1,5,6,0.7000000000000001,0.0524735440645343,0.0,0.0524735440645343,-12.222222222222223,0.0,-0.2405811662131505,-0.02738922828301593,-3.945944131191483,-0.45002811147251665
52,L1,5,6,0.8,0.0524735440645343,0.0,0.0524735440645343,-12.222222222222223,0.0,-0.258261791161371,-0.022844930671189978,-4.235838947393921,-0.3755189623441608
53,L1,5,6,0.9,0.1838178582588432,0.0,0.1838178582588432,-12.222222222222223,-1.6666666666666674,-0.3004227995269502,-0.023503718668041046,-4.927118684781215,-0.3863205729106891
54,L1,5,6,1.0,0.1838178582588432,0.0,0.1838178582588432,-12.222222222222223,-1.6666666666666674,-0.3142525575856768,-0.025849949583163806,-5.153873970994228,-0.424789811520744
55,L1,6,7,0.0,0.1838178582588432,0.0,0.1838178582588432,-12.222222222222223,-1.6666666666666674,-0.3142525575856768,-0.025849949583163806,-5.153873970994228,-0.424789811520744
56,L1,6,7,0.1,0.3460418602265246,5.551115123125783e-17,0.34604186022652467,-12.222222222222223,-0.8333333333333335,-0.32436675834642864,-0.0242532610692191,-5.319708288455266,-0.39861020957578397
57,L1,6,7,0.2,0.0746064762789061,0.0,0.0746064762789061,-12.222222222222223,0.0,-0.3273022141045752,-0.029123247149021037,-5.367838567219193,-0.4784594074207251
58,L1,6,7,0.3,0.0746064762789061,0.0,0.0746064762789061,-12.222222222222223,0.0,-0.34113996665913315,-0.03252367844692694,-5.594724932673269,-0.5342135116451114
59,L1,6,7,0.4,0.0184647889383208,4.163336342344337e-17,0.01846478893832084,-8.888888888888891,0.0,-0.33978944652985915,-0.01777401121101746,-5.572581553363986,-0.2923752234102035
60,L1,6,7,0.5,-0.0184602921393154,2.42861286636753e-17,-0.018460292139315423,-8.888888888888891,1.388888888888889,-0.33834331731968914,-0.01837615105332585,-5.548870549775877,-0.3022480202952309
61,L1,6,7,0.6000000000000001,0.0070207165148993,7.19910242530375e-17,0.007020716514899372,-12.222222222222223,0.8333333333333334,-0.35366746922460884,-0.011766628421752273,-5.800128195529069,-0.19387705749966822
62,L1,6,7,0.7000000000000001,-0.037394883823617,2.7755575615628914e-17,-0.037394883823617026,-8.333333333333334,1.6666666666666667,-0.3523169490953349,0.002983038814157235,-5.777984816219788,0.04796123073523928
63,L1,6,7,0.8,-0.1014542715446066,0.0,-0.1014542715446066,-8.333333333333334,1.388888888888889,-0.3661547016498926,-0.0004173924837484744,-6.004871181673861,-0.007792873489147478
64,L1,6,7,0.9,-0.026156812315022,8.326672684688674e-17,-0.026156812315022083,-8.333333333333334,0.5555555555555558,-0.3690901574080392,-0.005287378563550549,-6.053001460437789,-0.08764207133408863
65,L1,6,7,1.0,-0.0050823234949885,2.949029909160572e-17,-0.00508232349498853,-15.000000000000002,0.0,-0.3792043581687912,-0.003690690049605899,-6.218835777898827,-0.06146246938912814
66,L1,7,8,0.0,-0.0050823234949885,2.949029909160572e-17,-0.00508232349498853,-15.000000000000002,0.0,-0.3792043581687912,-0.003690690049605899,-6.218835777898827,-0.06146246938912814
67,L1,7,8,0.1,-0.0026711888164139,7.45931094670027e-17,-0.0026711888164139747,-8.333333333333334,0.0,-0.3733079514878133,-0.003913955378186812,-6.122157196907321,-0.06512316925595485
68,L1,7,8,0.2,-0.026156812315022,8.326672684688674e-17,-0.026156812315022083,-8.333333333333334,0.5555555555555558,-0.3658315104858372,0.012689289042818824,-5.999572079216993,0.207106715371288
69,L1,7,8,0.3,-0.0337873605984494,8.326672684688674e-17,-0.03378736059844948,-5.555555555555556,1.388888888888889,-0.3543899587559789,0.011937077982167088,-5.8119742683074955,0.19477332286894633
70,L1,7,8,0.4,-0.0906970622846562,4.163336342344337e-17,-0.09069706228465624,-5.555555555555556,1.9444444444444446,-0.3547462822385584,0.0038957360634705174,-5.817816614423293,0.06292598464597665
71,L1,7,8,0.5,-0.0404805311504338,3.469446951953614e-17,-0.04048053115043383,-4.444444444444445,1.9444444444444446,-0.3459957777658569,0.003754768637763639,-5.674341715022306,0.060614656506532416
72,L1,7,8,0.6000000000000001,-0.2749535469132425,5.551115123125783e-17,-0.27495354691324253,-7.222222222222222,2.2222222222222223,-0.3822993999987975,0.000949934576985223,-6.269582659588598,0.01462607539534222
73,L1,7,8,0.7000000000000001,-0.1004825392994632,4.163336342344337e-17,-0.10048253929946324,-5.555555555555556,0.5555555555555558,-0.3826557234813772,-0.0070914073417113754,-6.275425005704394,-0.11722126282762702
74,L1,7,8,0.8,0.227167930950007,2.7755575615628914e-17,0.22716793095000704,-8.888888888888891,0.2777777777777781,-0.3712141717515188,-0.007843618402363223,-6.087827194794896,-0.12955465532996957
75,L1,7,8,0.9,-0.3723468077259291,0.0,-0.3723468077259291,-7.777777777777779,3.6111111111111116,-0.3637377307495429,0.008759626018642552,-5.965242077104568,0.14267522929727416
76,L1,7,8,1.0,-0.0717361978031144,2.7755575615628914e-17,-0.07173619780311442,-6.111111111111112,2.777777777777779,-0.3578413240685647,0.008536360690061418,-5.868563496113062,0.139014529430447
77,L1,8,9,0.0,-0.0717361978031144,2.7755575615628914e-17,-0.07173619780311442,-6.111111111111112,2.777777777777779,-0.3578413240685647,0.008536360690061418,-5.868563496113062,0.139014529430447
78,L1,8,9,0.1,-0.0717361978031144,2.7755575615628914e-17,-0.07173619780311442,-6.111111111111112,2.777777777777779,-0.3494307766166974,0.006419675208624354,-5.730662595276048,0.104308960458952
79,L1,8,9,0.2,-0.2724034064855984,5.551115123125783e-17,-0.27240340648559846,-6.111111111111112,2.222222222222223,-0.3359314092879905,-0.00343692527212211,-5.509324456942957,-0.057301694883547416
80,L1,8,9,0.3,-0.4539640305205533,5.551115123125783e-17,-0.45396403052055334,-6.111111111111112,3.0555555555555562,-0.34431374760019146,0.003719771989577153,-5.646762835477575,0.06004084495159656
81,L1,8,9,0.4,-0.2724034064855984,5.551115123125783e-17,-0.27240340648559846,-6.111111111111112,2.222222222222223,-0.33418689270572854,-0.0013250215154702594,-5.480721038485859,-0.02267452796129099
82,L1,8,9,0.5,-0.2069197140818151,5.551115123125783e-17,-0.20691971408181514,-4.444444444444445,1.9444444444444455,-0.27753374335072356,0.0022752357768781872,-4.5518254611148,0.036355960446409874
83,L1,8,9,0.6000000000000001,-0.4924144745529008,0.0,-0.4924144745529008,-5.0,3.0555555555555562,-0.266657243194112,0.006212478023402773,-4.373492340930375,0.10091171686019162
84,L1,8,9,0.7000000000000001,-0.0477104669230897,2.7755575615628914e-17,-0.04771046692308973,-5.0,-0.2777777777777777,-0.25653038829964914,0.0011676845183554996,-4.207450543938661,0.01819634394730385
85,L1,8,9,0.8,-0.1923932229472049,5.551115123125783e-17,-0.19239322294720496,-5.0,1.388888888888889,-0.2649127266118497,0.008324381780054652,-4.344888922473277,0.13553888378244694
86,L1,8,9,0.9,-0.1582960107037651,8.326672684688674e-17,-0.15829601070376517,-7.222222222222222,1.3888888888888897,-0.2514133592831428,-0.0015322187006917842,-4.123550784140189,-0.026071771560052692
87,L1,8,9,1.0,-0.3388520281849866,0.0,-0.3388520281849866,-6.111111111111112,1.3888888888888897,-0.24300281183127595,-0.0036489041821289037,-3.985649883303177,-0.060777340531547264
88,L1,9,1,0.0,-0.3388520281849866,0.0,-0.3388520281849866,-6.111111111111112,1.3888888888888897,-0.24300281183127595,-0.0036489041821289037,-3.985649883303177,-0.060777340531547264
89,L1,9,1,0.1,-0.0944184978327115,1.3877787807814457e-17,-0.09441849783271151,-2.777777777777778,-0.2777777777777777,-0.20660290498763548,0.00015381752989490627,-3.3888302383457156,0.0015727921704709047
90,L1,9,1,0.2,-0.2370350733285724,0.0,-0.2370350733285724,-2.777777777777778,1.388888888888889,-0.1659209167601376,-0.0037835849072997974,-2.7218007903200543,-0.0629855907593404
91,L1,9,1,0.3,0.0379430686904144,9.020562075079397e-17,0.03794306869041449,0.0,-1.388888888888889,-0.10541944596870433,-0.007859271078856478,-1.729807418681624,-0.12981129952599324
92,L1,9,1,0.4,0.0,0.0,0.0,0.0,0.0,-0.07085767055146458,-0.005845995481047944,-1.1631261185831725,-0.09680125824630048
93,L1,9,1,0.5,0.0,0.0,0.0,0.0,0.0,-0.023173501762350668,-0.004895316123860627,-0.3812876152853877,-0.08121374262813741
94,L1,9,1,0.6000000000000001,0.0,0.0,0.0,0.0,0.0,-0.004836199848237882,-0.004645816248897955,-0.08062580137278719,-0.07712289625779256
95,L1,9,1,0.7000000000000001,0.0,0.0,0.0,0.0,0.0,0.029725575569001905,-0.002632540651089532,0.4860554987256649,-0.04411285497810025
96,L1,9,1,0.8,-0.0093156115365683,6.071532165918825e-17,-0.00931561153656836,2.2222222222222223,0.5555555555555556,0.09022704636043509,-0.006708226822646102,1.4780488703640933,-0.11093856374475419
97,L1,9,1,0.9,0.0083903147119998,7.112366251504909e-17,0.008390314711999872,2.777777777777778,0.0,0.13090903458793296,-0.010645629259840833,2.1450783183897535,-0.17549694667456484
98,L1,9,1,1.0,0.0085401737463383,7.45931094670027e-17,0.008540173746338375,6.111111111111112,0.0,0.16730894143157313,-0.006842907547817106,2.7418979633472143,-0.11314681397254622
99,L5,1,2,0.0,0.0085401737463383,7.45931094670027e-17,0.008540173746338375,6.111111111111112,0.0,0.16300442314666735,-0.027675794947077323,2.683720415974041,-0.45435093499109663
100,L5,1,2,0.1,0.0083903147119998,7.112366251504909e-17,0.008390314711999872,2.777777777777778,0.0,0.17777718102814402,-0.03448951166110947,2.9259373027297797,-0.5660699019537798
101,L5,1,2,0.2,0.1329618468197521,2.7755575615628914e-17,0.13296184681975212,2.777777777777778,0.2777777777777779,0.17927267261992716,-0.030840494319550982,2.950457661110884,-0.5062399347072264
102,L5,1,2,0.3,-0.3516823167814831,5.551115123125783e-17,-0.35168231678148315,5.555555555555556,1.388888888888889,0.21164259545826888,-0.029713902719339123,3.4812009385227283,-0.48776812922325374
103,L5,1,2,0.4,-0.3535815149525713,0.0,-0.3535815149525713,4.444444444444445,1.388888888888889,0.21348188731712575,-0.030137202233948383,3.511358310048201,-0.4947086268213656
104,L5,1,2,0.5,0.0,0.0,0.0,5.555555555555556,0.0,0.24827471913980714,-0.024547688515453227,4.081828053959246,-0.40306191994139967
105,L5,1,2,0.6000000000000001,0.263357703455753,0.0,0.263357703455753,5.555555555555556,-0.8333333333333333,0.23117539074909935,-0.037014528758381994,3.8014642842663458,-0.6074705520702512
106,L5,1,2,0.7000000000000001,0.0935671792728257,4.163336342344337e-17,0.09356717927282575,8.888888888888891,-0.2777777777777777,0.26596822257178065,-0.03142501503988678,4.371934028177391,-0.5158238451902859
107,L5,1,2,0.8,0.2676694063134118,0.0,0.2676694063134118,8.888888888888891,-0.8333333333333335,0.3001774372689793,-0.030721722954284436,4.932834677114708,-0.5042925373044241
108,L5,1,2,0.9,0.2676694063134118,0.0,0.2676694063134118,8.888888888888891,-0.8333333333333335,0.3016729288607626,-0.02707270561272576,4.957355035495813,-0.44446257005787093
109,L5,1,2,1.0,0.1057220798681692,2.7755575615628914e-17,0.10572207986816923,7.777777777777779,-0.2777777777777781,0.316445686742239,-0.0338864223267579,5.199571922251551,-0.5561815370205542
110,L5,2,3,0.0,0.1057220798681692,2.7755575615628914e-17,0.10572207986816923,7.777777777777779,-0.2777777777777781,0.316445686742239,-0.0338864223267579,5.199571922251551,-0.5561815370205542
111,L5,2,3,0.1,-0.1831431274170801,2.7755575615628914e-17,-0.18314312741708014,6.111111111111112,1.6666666666666667,0.3195659572488047,-0.031044952782668514,5.250732458016084,-0.509592273708821
112,L5,2,3,0.2,0.0015345474750046,1.452830911130576e-17,0.0015345474750046145,6.111111111111112,0.0,0.32276111773141697,-0.02881815158701327,5.303120903761459,-0.47308122699953603
113,L5,2,3,0.3,-0.0402087365763197,6.245004513516506e-17,-0.040208736576319765,2.777777777777778,1.1111111111111112,0.32950582270131223,-0.03387451661197066,5.413708341327361,-0.5559863287057952
114,L5,2,3,0.4,-0.1687562852522589,2.7755575615628914e-17,-0.16875628525225891,4.444444444444445,2.2222222222222223,0.32494883753894505,-0.020141825267529875,5.338991164759763,-0.3308225663998636
115,L5,2,3,0.5,-0.0136447428249767,5.0306980803327406e-17,-0.01364474282497675,3.3333333333333335,1.388888888888889,0.3271998622425231,-0.029375672465886002,5.375899384611834,-0.48222244305853623
116,L5,2,3,0.6000000000000001,-0.0051822144607126,8.673617379884035e-18,-0.005182214460712609,1.6666666666666667,0.2777777777777777,0.31398988104870057,-0.03855268124644849,5.159306075187762,-0.6326903864440495
117,L5,2,3,0.7000000000000001,-0.0030885315192881,6.808789643208968e-17,-0.0030885315192881683,2.777777777777778,0.2777777777777777,0.3090472273287061,-0.02648021552351351,5.078265405194118,-0.4347479923199813
118,L5,2,3,0.8,0.146062542353074,5.551115123125783e-17,0.14606254235307406,4.444444444444445,0.0,0.31617760085622876,-0.02987635492696522,5.195176336186066,-0.4904317258443788
119,L5,2,3,0.9,0.1705957318267182,0.0,0.1705957318267182,6.111111111111112,0.0,0.3193727613388409,-0.027649553731309923,5.24756478193144,-0.4539206791350924
120,L5,2,3,1.0,0.2814946814027954,5.551115123125783e-17,0.28149468140279543,7.777777777777779,-3.0555555555555567,0.3224930318454065,-0.02480808418722047,5.29872531769597,-0.4073314158233594
121,L5,3,4,0.0,0.2814946814027954,5.551115123125783e-17,0.28149468140279543,7.777777777777779,-3.0555555555555567,0.3224930318454065,-0.02480808418722047,5.29872531769597,-0.4073314158233594
122,L5,3,4,0.1,0.1706095972874514,0.0,0.1706095972874514,8.333333333333334,-0.8333333333333335,0.31985469310021564,-0.022572017822813845,5.255466624756282,-0.37066845568340234
123,L5,3,4,0.2,0.2290248065801343,8.326672684688674e-17,0.22902480658013438,6.666666666666667,0.833333333333333,0.304386510820878,-0.023351543359382887,5.001847430186707,-0.3834497014148506
124,L5,3,4,0.3,-0.231160686523671,0.0,-0.231160686523671,2.777777777777778,1.388888888888889,0.28196268959486476,-0.023284415951726686,4.634182285322826,-0.38234906794959345
125,L5,3,4,0.4,-0.0770666901772534,4.163336342344337e-17,-0.07706669017725344,2.777777777777778,-0.2777777777777777,0.2939243859117973,-0.03136539716038529,4.830308483656985,-0.5148463393458337
126,L5,3,4,0.5,-0.0001166100014349,5.85198122599051e-17,-0.00011661000143495853,2.777777777777778,0.0,0.25901348946377145,-0.021015505343588065,4.257902930182393,-0.34514758747860586
127,L5,3,4,0.6000000000000001,-0.0001166100014349,5.85198122599051e-17,-0.00011661000143495853,2.777777777777778,0.0,0.2490304405547468,-0.013822105134363952,4.094219002883605,-0.2272032592871136
128,L5,3,4,0.7000000000000001,0.0238454686981122,3.469446951953614e-18,0.023845468698112205,5.555555555555556,0.0,0.2609921368716794,-0.021903086343022654,4.2903452012177645,-0.3597005306833526
129,L5,3,4,0.8,-0.3308087607989208,5.551115123125783e-17,-0.33080876079892085,8.888888888888891,1.3888888888888897,0.23856831564566613,-0.021835958935366537,3.922680056353884,-0.35859989721809615
130,L5,3,4,0.9,0.006904289345431,5.898059818321144e-17,0.006904289345431059,8.888888888888891,0.0,0.22310013336632853,-0.022615484471935537,3.669060861784308,-0.3713811429495445
131,L5,3,4,1.0,0.006904289345431,5.898059818321144e-17,0.006904289345431059,8.888888888888891,0.0,0.2204617946211376,-0.02037941810752869,3.625802168844619,-0.334718182809587
132,L5,4,5,0.0,0.006904289345431,5.898059818321144e-17,0.006904289345431059,8.888888888888891,0.0,0.2204617946211376,-0.02037941810752869,3.625802168844619,-0.334718182809587
133,L5,4,5,0.1,0.006904289345431,5.898059818321144e-17,0.006904289345431059,5.555555555555556,0.0,0.1784442028212789,-0.019356465802820355,2.936873916152109,-0.31794566649719525
134,L5,4,5,0.2,0.0438422342352882,4.163336342344337e-17,0.04384223423528824,7.777777777777779,0.0,0.17266040059176674,-0.021733226229876466,2.8420416186973494,-0.3569154726650513
135,L5,4,5,0.3,-0.1529658183581899,2.7755575615628914e-17,-0.15296581835818993,4.444444444444445,1.6666666666666674,0.15025762054436076,-0.024321908088687144,2.474721468912707,-0.3993599820567858
136,L5,4,5,0.4,0.1108742882175007,8.326672684688674e-17,0.11087428821750078,2.777777777777778,1.1111111111111112,0.10794698383899025,-0.02494146119628097,1.7809883974272438,-0.40951829007924256
137,L5,4,5,0.5,-0.1599827937974904,2.7755575615628914e-17,-0.15998279379749042,2.777777777777778,1.6666666666666667,0.08432755111246026,-0.027377959738997308,1.3937197839525564,-0.4494675735059785
138,L5,4,5,0.6000000000000001,-0.1599827937974904,2.7755575615628914e-17,-0.15998279379749042,2.777777777777778,1.6666666666666667,0.06420264681683455,-0.024356288549445354,1.0637481088020568,-0.3999236904879998
139,L5,4,5,0.7000000000000001,-0.1437970763159281,0.0,-0.1437970763159281,0.0,1.6666666666666667,0.021892010111464043,-0.024975841657039193,0.370015037316592,-0.4100819985104572
140,L5,4,5,0.8,-0.0547680456514073,0.0,-0.0547680456514073,0.0,1.388888888888889,-0.0005107699359419432,-0.027564523515849697,0.0026948875319502408,-0.4525265079021915
141,L5,4,5,0.9,-0.0378023306600515,6.938893903907228e-17,-0.03780233066005157,-3.3333333333333335,1.9444444444444446,-0.006294572165454149,-0.029941283942905975,-0.09213740992281116,-0.4914963140700459
142,L5,4,5,1.0,-0.1098452295913809,2.7755575615628914e-17,-0.10984522959138093,-3.3333333333333335,1.6666666666666674,-0.04831216396531291,-0.028918331638197514,-0.7810656626153201,-0.47472379775765455
143,L5,5,6,0.0,-0.1098452295913809,2.7755575615628914e-17,-0.10984522959138093,-3.3333333333333335,1.6666666666666674,-0.04831216396531291,-0.028918331638197514,-0.7810656626153201,-0.47472379775765455
144,L5,5,6,0.1,0.0438575074048916,8.326672684688674e-17,0.04385750740489169,-3.3333333333333335,0.0,-0.06214192202403935,-0.03126456255332025,-1.0078209488283347,-0.5131930363677109
145,L5,5,6,0.2,0.0438422342352882,4.163336342344337e-17,0.04384223423528824,-6.111111111111112,0.0,-0.10430293038961863,-0.03192335055017138,-1.6991006862156286,-0.5239946469342387
146,L5,5,6,0.3,-0.0438565557728304,4.163336342344337e-17,-0.043856555772830444,-6.111111111111112,0.8333333333333333,-0.12198355533783906,-0.027379052938345423,-1.9889955024180663,-0.4494854978058838
147,L5,5,6,0.4,0.0623336492455108,5.551115123125783e-17,0.06233364924551085,-6.111111111111112,0.0,-0.14821187460406474,-0.03307565717887733,-2.4190399049914406,-0.542888080809788
148,L5,5,6,0.5,0.0623336492455108,5.551115123125783e-17,0.06233364924551085,-6.111111111111112,0.0,-0.1778258307508257,-0.04130292242254787,-2.904595839769438,-0.6777838524608105
149,L5,5,6,0.6000000000000001,0.1661184726831034,2.7755575615628914e-17,0.16611847268310342,-6.111111111111112,-0.8333333333333333,-0.21865736523183057,-0.04252551144174422,-3.5740772759912813,-0.6978296494871628
150,L5,5,6,0.7000000000000001,0.1522634343534462,0.0,0.1522634343534462,-8.888888888888891,-0.5555555555555558,-0.24488568449805628,-0.04822211568227621,-4.0041216785646565,-0.791232232491067
151,L5,5,6,0.8,0.1240209884254728,5.551115123125783e-17,0.12402098842547285,-8.888888888888891,-0.2777777777777781,-0.26256630944627674,-0.04367781807045032,-4.294016494767094,-0.7167230833627104
152,L5,5,6,0.9,0.1838178582588432,0.0,0.1838178582588432,-12.222222222222223,-1.6666666666666674,-0.304727317811856,-0.04433660606730132,-4.985296232154386,-0.7275246939292399
153,L5,5,6,1.0,0.1838178582588432,0.0,0.1838178582588432,-12.222222222222223,-1.6666666666666674,-0.3185570758705825,-0.04668283698242414,-5.212051518367401,-0.7659939325392948
154,L5,6,7,0.0,0.1838178582588432,0.0,0.1838178582588432,-12.222222222222223,-1.6666666666666674,-0.3185570758705825,-0.04668283698242414,-5.212051518367401,-0.7659939325392948
155,L5,6,7,0.1,-0.1610809796180683,0.0,-0.1610809796180683,-8.888888888888891,-0.5555555555555558,-0.32867127663133444,-0.04508614846847941,-5.37788583582844,-0.7398143305943341
156,L5,6,7,0.2,-0.0813198201997919,5.551115123125783e-17,-0.08131982019979196,-5.555555555555556,0.8333333333333333,-0.331606732389481,-0.04995613454828155,-5.426016114592368,-0.8196635284392745
157,L5,6,7,0.3,0.0273739051744958,6.938893903907228e-17,0.02737390517449587,-5.555555555555556,-1.1111111111111112,-0.3454444849440389,-0.053356565846187066,-5.652902480046442,-0.8754176326636609
158,L5,6,7,0.4,0.1528725529706305,0.0,0.1528725529706305,-2.777777777777778,-1.666666666666667,-0.34409396481476484,-0.03860689861027788,-5.630759100737159,-0.6335793444287524
159,L5,6,7,0.5,0.0353700052505008,2.7755575615628914e-17,0.035370005250500824,-2.777777777777778,-1.3888888888888888,-0.34264783560459466,-0.03920903845258619,-5.607048097149052,-0.6434521413137815
160,L5,6,7,0.6000000000000001,0.0628839621711067,0.0,0.0628839621711067,-4.444444444444445,-2.5000000000000004,-0.35797198750951464,-0.0325995158210124,-5.8583057429022425,-0.5350811785182187
161,L5,6,7,0.7000000000000001,0.0630993147237051,6.938893903907228e-17,0.06309931472370517,-8.333333333333334,-2.5000000000000004,-0.3566214673802406,-0.017849848585103245,-5.836162363592959,-0.29324289028330963
162,L5,6,7,0.8,0.3083984151262762,5.551115123125783e-17,0.30839841512627625,-8.333333333333334,-3.0555555555555562,-0.37045921993479836,-0.02125027988300887,-6.0630487290470345,-0.34899699450769683
163,L5,6,7,0.9,0.3083984151262762,5.551115123125783e-17,0.30839841512627625,-6.666666666666667,-3.0555555555555562,-0.37339467569294504,-0.026120265962810835,-6.111179007810962,-0.4288461923526381
164,L5,6,7,1.0,0.602087807635967,0.0,0.602087807635967,-12.222222222222223,-3.3333333333333335,-0.38350887645369713,-0.02452357744886617,-6.277013325272001,-0.40266659040767705
165,L5,7,8,0.0,0.602087807635967,0.0,0.602087807635967,-12.222222222222223,-3.3333333333333335,-0.38350887645369713,-0.02452357744886617,-6.277013325272001,-0.40266659040767705
166,L5,7,8,0.1,0.5391462486490828,0.0,0.5391462486490828,-5.555555555555556,-4.444444444444445,-0.3776124697727189,-0.024746842777447153,-6.180334744280494,-0.40632729027450354
167,L5,7,8,0.2,0.3064486443791173,5.551115123125783e-17,0.30644864437911734,-5.555555555555556,-2.222222222222223,-0.37013602877074303,-0.008143598356441378,-6.057749626590166,-0.13409740564726125
168,L5,7,8,0.3,0.3611801362932932,5.551115123125783e-17,0.36118013629329326,-5.555555555555556,-2.7777777777777786,-0.3586944770408847,-0.008895809417093295,-5.87015181568067,-0.14643079814960236
169,L5,7,8,0.4,0.3668544538465501,5.551115123125783e-17,0.36685445384655013,-5.555555555555556,-4.4444444444444455,-0.35905080052346455,-0.016937151335789755,-5.8759941617964655,-0.2782781363725726
170,L5,7,8,0.5,0.2312027035092858,0.0,0.2312027035092858,-5.000000000000001,-2.777777777777778,-0.3503002960507626,-0.017078118761496494,-5.732519262395479,-0.28058946451201694
171,L5,7,8,0.6000000000000001,0.4556943976133153,5.551115123125783e-17,0.45569439761331537,-6.666666666666667,-4.4444444444444455,-0.38660391828370333,-0.01988295282227505,-6.32776020696177,-0.326578045623205
172,L5,7,8,0.7000000000000001,0.4897520420613461,5.551115123125783e-17,0.48975204206134615,-8.888888888888891,-4.4444444444444455,-0.3869602417662831,-0.027924294740971592,-6.333602553077565,-0.4584253838461748
173,L5,7,8,0.8,0.4897520420613461,5.551115123125783e-17,0.48975204206134615,-8.888888888888891,-4.4444444444444455,-0.3755186900364246,-0.028676505801623467,-6.146004742168069,-0.4707587763485176
174,L5,7,8,0.9,0.5005053172720156,0.0,0.5005053172720156,-7.777777777777779,-2.5000000000000004,-0.3680422490344487,-0.012073261380617747,-6.023419624477739,-0.19852889172127375
175,L5,7,8,1.0,0.3617474820766832,0.0,0.3617474820766832,-7.777777777777779,-1.3888888888888897,-0.3621458423534706,-0.012296526709198771,-5.926741043486231,-0.20218959158810124
176,L5,8,9,0.0,0.3617474820766832,0.0,0.3617474820766832,-7.777777777777779,-1.3888888888888897,-0.3621458423534706,-0.012296526709198771,-5.926741043486231,-0.20218959158810124
177,L5,8,9,0.1,0.3517835883044373,5.551115123125783e-17,0.35178358830443734,-8.888888888888891,-1.6666666666666674,-0.3537352949016034,-0.014413212190636002,-5.78884014264922,-0.23689516055959647
178,L5,8,9,0.2,0.3517835883044373,5.551115123125783e-17,0.35178358830443734,-8.888888888888891,-1.944444444444445,-0.34023592757289645,-0.024269812671382424,-5.567502004316131,-0.39850581590209677
179,L5,8,9,0.3,0.0314762389652618,2.7755575615628914e-17,0.031476238965261825,-8.888888888888891,0.8333333333333335,-0.34861826588509714,-0.017113115409683174,-5.704940382850747,-0.2811632760669537
180,L5,8,9,0.4,0.0524735440645343,0.0,0.0524735440645343,-12.222222222222223,0.0,-0.3384914109906342,-0.022157908914730573,-5.538898585859032,-0.36387864897984123
181,L5,8,9,0.5,0.1678286251919145,2.7755575615628914e-17,0.16782862519191452,-8.888888888888891,0.0,-0.2818382616356294,-0.01855765162238214,-4.610003008487971,-0.3048481605721396
182,L5,8,9,0.6000000000000001,0.1678286251919145,2.7755575615628914e-17,0.16782862519191452,-8.888888888888891,0.0,-0.2709617614790176,-0.014620409375857554,-4.431669888303548,-0.24029240415835737
183,L5,8,9,0.7000000000000001,0.397127203667702,0.0,0.397127203667702,-8.888888888888891,-2.5,-0.26083490658455494,-0.01966520288090487,-4.265628091311834,-0.32300777707124556
184,L5,8,9,0.8,-0.192256775986177,5.551115123125783e-17,-0.19225677598617705,-8.888888888888891,1.388888888888889,-0.2692172448967555,-0.01250850561920562,-4.40306646984645,-0.2056652372361018
185,L5,8,9,0.9,0.0329381363508725,1.3877787807814457e-17,0.03293813635087251,-8.888888888888891,0.0,-0.25571787756804876,-0.022365106099952046,-4.181728331513362,-0.3672758925786019
186,L5,8,9,1.0,0.268431306058584,5.551115123125783e-17,0.26843130605858406,-7.777777777777779,0.0,-0.2473073301161814,-0.02448179158138924,-4.04382743067635,-0.4019814615500965
187,L5,9,1,0.0,0.268431306058584,5.551115123125783e-17,0.26843130605858406,-7.777777777777779,0.0,-0.2473073301161814,-0.02448179158138924,-4.04382743067635,-0.4019814615500965
188,L5,9,1,0.1,0.1519194749668351,0.0,0.1519194749668351,-6.111111111111112,-1.6666666666666667,-0.21090742327254117,-0.020679069869365442,-3.447007785718889,-0.33963132884807834
189,L5,9,1,0.2,-0.0264465903654511,5.204170427930421e-17,-0.02644659036545115,-6.111111111111112,0.0,-0.17022543504504337,-0.024616472306560108,-2.7799783376932266,-0.4041897117778896
190,L5,9,1,0.3,0.2592355751821993,5.551115123125783e-17,0.25923557518219936,-6.111111111111112,-1.1111111111111112,-0.1097239642536102,-0.028692158478116757,-1.7879849660547982,-0.4710154205445433
191,L5,9,1,0.4,0.0,0.0,0.0,-2.777777777777778,0.0,-0.07516218883637048,-0.026678882880308317,-1.2213036659563454,-0.4380053792648507
192,L5,9,1,0.5,0.0,0.0,0.0,-2.777777777777778,0.0,-0.02747802004725653,-0.025728203523120986,-0.43946516265856,-0.42241786364668726
193,L5,9,1,0.6000000000000001,0.0,0.0,0.0,0.0,0.0,-0.009140718133143794,-0.02547870364815822,-0.1388033487459593,-0.4183270172763424
194,L5,9,1,0.7000000000000001,0.0,0.0,0.0,0.0,0.0,0.025421057284096115,-0.023465428050349846,0.4278779513524917,-0.38531697599665005
195,L5,9,1,0.8,0.0,0.0,0.0,2.777777777777778,0.0,0.08592252807552934,-0.02754111422190647,1.4198713229909212,-0.4521426847633042
196,L5,9,1,0.9,-0.0353354758165435,4.85722573273506e-17,-0.035335475816543546,2.777777777777778,0.5555555555555557,0.1266045163030271,-0.03147851665910119,2.086900771016581,-0.5167010676931156
197,L5,9,1,1.0,0.0085401737463383,7.45931094670027e-17,0.008540173746338375,6.111111111111112,0.0,0.16300442314666735,-0.027675794947077323,2.683720415974041,-0.45435093499109663
198,R5,1,2,0.0,-0.1659442860579209,5.551115123125783e-17,-0.16594428605792094,6.111111111111112,0.5555555555555556,0.1611208105175344,0.027471131918295453,2.5868740039781106,0.44087864693543455
199,R5,1,2,0.1,-0.4057482068293185,0.0,-0.4057482068293185,6.111111111111112,1.111111111111111,0.1758935683990112,0.02065741520426336,2.8290908907338492,0.32915967997275186
200,R5,1,2,0.2,-0.3799403198218891,5.551115123125783e-17,-0.37994031982188914,6.111111111111112,1.388888888888889,0.17738905999079416,0.02430643254582189,2.8536112491149535,0.388989647219305
201,R5,1,2,0.3,-0.3516823167814831,5.551115123125783e-17,-0.35168231678148315,8.888888888888891,1.388888888888889,0.20975898282913585,0.0254330241460337,3.3843545265267974,0.4074614527032783
202,R5,1,2,0.4,-0.3516823167814831,5.551115123125783e-17,-0.35168231678148315,8.888888888888891,1.388888888888889,0.21159827468799275,0.025009724631424396,3.4145118980522695,0.4005209551051664
203,R5,1,2,0.5,-0.3910402768363419,0.0,-0.3910402768363419,8.888888888888891,2.5,0.24639110651067428,0.030599238349919615,3.984981641963314,0.49216766198513234
204,R5,1,2,0.6000000000000001,-0.0379908172953609,0.0,-0.0379908172953609,8.888888888888891,1.388888888888889,0.22929177811996632,0.018132398106990855,3.704617872270413,0.2877590298562804
205,R5,1,2,0.7000000000000001,-0.1423614536482316,5.551115123125783e-17,-0.14236145364823166,12.222222222222223,1.6666666666666667,0.2640846099426477,0.02372191182548603,4.275087616181459,0.37940573673624606
206,R5,1,2,0.8,-0.3265721154739807,5.551115123125783e-17,-0.32657211547398074,12.222222222222223,1.3888888888888897,0.29829382463984644,0.024425203911088572,4.835988265118775,0.39093704462210643
207,R5,1,2,0.9,-0.3265721154739807,5.551115123125783e-17,-0.32657211547398074,12.222222222222223,1.3888888888888897,0.2997893162316295,0.028074221252647042,4.86050862349988,0.45076701186866014
208,R5,1,2,1.0,-0.3265857859876552,5.551115123125783e-17,-0.32658578598765525,12.222222222222223,2.2222222222222228,0.31456207411310627,0.021260504538615006,5.102725510255618,0.3390480449059772
209,R5,2,3,0.0,-0.3265857859876552,5.551115123125783e-17,-0.32658578598765525,12.222222222222223,2.2222222222222228,0.31456207411310627,0.021260504538615006,5.102725510255618,0.3390480449059772
210,R5,2,3,0.1,-0.476456479426126,5.551115123125783e-17,-0.47645647942612607,8.888888888888891,3.8888888888888893,0.31768234461967176,0.024101974082704418,5.153886046020151,0.3856373082177103
211,R5,2,3,0.2,-0.5061678042261788,0.0,-0.5061678042261788,8.888888888888891,5.277777777777778,0.320877505102284,0.026328775278359556,5.2062744917655275,0.42214835492699543
212,R5,2,3,0.3,-0.3920608157700644,5.551115123125783e-17,-0.39206081577006446,8.888888888888891,4.166666666666667,0.3276222100721793,0.021272410253402187,5.316861929331429,0.3392432532207343
213,R5,2,3,0.4,-0.5294318865490014,0.0,-0.5294318865490014,5.000000000000001,5.833333333333335,0.32306522490981204,0.035005101597842855,5.242144752763832,0.5644070155266666
214,R5,2,3,0.5,-0.6068758560684179,0.0,-0.6068758560684179,5.555555555555556,6.111111111111112,0.32531624961339034,0.025771254399486722,5.279052972615904,0.4130071388679926
215,R5,2,3,0.6000000000000001,-0.4762915656633872,0.0,-0.4762915656633872,1.1111111111111112,5.555555555555556,0.3121062684195676,0.016594245618924357,5.062459663191832,0.2625391954824808
216,R5,2,3,0.7000000000000001,-0.5850344159129185,0.0,-0.5850344159129185,2.777777777777778,4.444444444444445,0.3071636146995732,0.02866671134185936,4.981418993198187,0.4604815896065498
217,R5,2,3,0.8,-0.2495545218780596,2.7755575615628914e-17,-0.24955452187805963,5.555555555555556,3.3333333333333335,0.31429398822709576,0.025270571938407583,5.098329924190136,0.4047978560821526
218,R5,2,3,0.9,-0.2495545218780596,2.7755575615628914e-17,-0.24955452187805963,5.555555555555556,3.3333333333333335,0.317489148709708,0.027497373134062832,5.150718369935509,0.44130890279143764
219,R5,2,3,1.0,-0.137060480081581,2.7755575615628914e-17,-0.13706048008158103,8.333333333333334,1.3888888888888884,0.32060941921627367,0.03033884267815235,5.201878905700041,0.4878981661031725
220,R5,3,4,0.0,-0.137060480081581,2.7755575615628914e-17,-0.13706048008158103,8.333333333333334,1.3888888888888884,0.32060941921627367,0.03033884267815235,5.201878905700041,0.4878981661031725
221,R5,3,4,0.1,-0.3393212122772557,0.0,-0.3393212122772557,8.333333333333334,4.166666666666668,0.3179710804710827,0.03257490904255895,5.158620212760351,0.5245611262431291
222,R5,3,4,0.2,-0.2495688714102101,2.7755575615628914e-17,-0.24956887141021014,5.000000000000001,4.722222222222223,0.302502898191745,0.03179538350599004,4.905001018190777,0.5117798805116804
223,R5,3,4,0.3,-0.4781700909460937,5.551115123125783e-17,-0.47817009094609375,2.777777777777778,4.444444444444444,0.28007907696573175,0.03186251091364617,4.537335873326894,0.512880513976937
224,R5,3,4,0.4,-0.3473383335941641,5.551115123125783e-17,-0.34733833359416416,2.777777777777778,2.7777777777777772,0.2920407732826644,0.02378152970498753,4.733462071661055,0.38038324258069794
225,R5,3,4,0.5,-0.2234815682800706,2.7755575615628914e-17,-0.22348156828007062,2.777777777777778,2.2222222222222223,0.25712987683463845,0.03413142152178485,4.161056518186463,0.5500819944479254
226,R5,3,4,0.6000000000000001,-0.4996821721802491,0.0,-0.4996821721802491,2.777777777777778,3.6111111111111107,0.24714682792561377,0.04132482173100889,3.997372590887676,0.668026322639419
227,R5,3,4,0.7000000000000001,-0.3719522854085083,0.0,-0.3719522854085083,2.777777777777778,2.2222222222222228,0.2591085242425466,0.033243840522350146,4.1934987892218345,0.5355290512431791
228,R5,3,4,0.8,-0.3719522854085083,0.0,-0.3719522854085083,6.111111111111112,1.3888888888888897,0.23668470301653327,0.03331096793000649,3.8258336443579535,0.5366296847084364
229,R5,3,4,0.9,0.006904289345431,5.898059818321144e-17,0.006904289345431059,8.888888888888891,0.0,0.22121652073719555,0.032531442393437374,3.5722144497883774,0.5238484389769875
230,R5,3,4,1.0,-0.3679754463383868,0.0,-0.3679754463383868,8.888888888888891,1.666666666666666,0.21857818199200463,0.03476750875784409,3.5289557568486885,0.5605113991169454
231,R5,4,5,0.0,-0.3679754463383868,0.0,-0.3679754463383868,8.888888888888891,1.666666666666666,0.21857818199200463,0.03476750875784409,3.5289557568486885,0.5605113991169454
232,R5,4,5,0.1,-0.1462159506420155,2.7755575615628914e-17,-0.14621595064201554,5.555555555555556,1.666666666666666,0.176560590192146,0.03579046106255251,2.840027504156178,0.5772839154293368
233,R5,4,5,0.2,-0.1098603475188658,0.0,-0.1098603475188658,6.111111111111112,1.6666666666666674,0.1707767879626338,0.03341370063549631,2.7451952067014194,0.5383141092614819
234,R5,4,5,0.3,-0.1529658183581899,2.7755575615628914e-17,-0.15296581835818993,2.777777777777778,1.6666666666666674,0.1483740079152278,0.03082501877668578,2.3778750569167775,0.49586959986974666
235,R5,4,5,0.4,0.1108742882175007,8.326672684688674e-17,0.11087428821750078,2.777777777777778,1.1111111111111112,0.10606337120985726,0.03020546566909188,1.6841419854313138,0.4857112918472888
236,R5,4,5,0.5,-0.1599827937974904,2.7755575615628914e-17,-0.15998279379749042,2.777777777777778,1.6666666666666667,0.0824439384833272,0.027768967126375662,1.2968733719566257,0.44576200842055363
237,R5,4,5,0.6000000000000001,-0.1599827937974904,2.7755575615628914e-17,-0.15998279379749042,2.777777777777778,1.6666666666666667,0.062319034187701676,0.030790638315927547,0.966901696806126,0.4953058914385319
238,R5,4,5,0.7000000000000001,-0.1599827937974904,2.7755575615628914e-17,-0.15998279379749042,2.777777777777778,1.6666666666666667,0.02000839748233126,0.030171085208333684,0.2731686253206625,0.4851475834160743
239,R5,4,5,0.8,-0.0547680456514073,0.0,-0.0547680456514073,0.0,1.388888888888889,-0.002394382565074918,0.027582403349523114,-0.09415152446397985,0.44270307402434
240,R5,4,5,0.9,-0.1459380126400704,2.7755575615628914e-17,-0.14593801264007042,0.0,1.3888888888888888,-0.008178184794587018,0.02520564292246685,-0.18898382191874138,0.4037332678564848
241,R5,4,5,1.0,-0.1098452295913809,2.7755575615628914e-17,-0.10984522959138093,-3.3333333333333335,1.6666666666666674,-0.050195776594445685,0.02622859522717528,-0.8779120746112499,0.4205057841688765
242,R5,5,6,0.0,-0.1098452295913809,2.7755575615628914e-17,-0.10984522959138093,-3.3333333333333335,1.6666666666666674,-0.050195776594445685,0.02622859522717528,-0.8779120746112499,0.4205057841688765
243,R5,5,6,0.1,-0.1098452295913809,2.7755575615628914e-17,-0.10984522959138093,-3.3333333333333335,1.6666666666666674,-0.06402553465317215,0.02388236431205263,-1.1046673608242643,0.3820365455588212
244,R5,5,6,0.2,0.0438422342352882,4.163336342344337e-17,0.04384223423528824,-6.111111111111112,0.0,-0.10618654301875154,0.023223576315201423,-1.7959470982115593,0.3712349349922934
245,R5,5,6,0.3,-0.3307842155722514,5.551115123125783e-17,-0.33078421557225146,-6.111111111111112,1.388888888888889,-0.12386716796697206,0.027767873927027356,-2.085841914413997,0.44574408412064864
246,R5,5,6,0.4,0.0623336492455108,5.551115123125783e-17,0.06233364924551085,-6.111111111111112,0.0,-0.15009548723319777,0.022071269686495396,-2.5158863169873698,0.352341501116744
247,R5,5,6,0.5,0.0623336492455108,5.551115123125783e-17,0.06233364924551085,-6.111111111111112,0.0,-0.17970944337995864,0.013844004442825068,-3.0014422517653676,0.21744572946572127
248,R5,5,6,0.6000000000000001,0.1661184726831034,2.7755575615628914e-17,0.16611847268310342,-6.111111111111112,-0.8333333333333333,-0.2205409778609634,0.012621415423628596,-3.670923687987212,0.1973999324393686
249,R5,5,6,0.7000000000000001,0.3590027792490065,5.551115123125783e-17,0.35900277924900653,-5.555555555555556,-1.388888888888889,-0.2467692971271892,0.006924811183096598,-4.1009680905605865,0.10399734943546488
250,R5,5,6,0.8,0.0438422342352882,4.163336342344337e-17,0.04384223423528824,-8.888888888888891,0.0,-0.2644499220754095,0.011469108794922571,-4.390862906763024,0.17850649856382078
251,R5,5,6,0.9,0.1326085110042718,8.326672684688674e-17,0.13260851100427187,-8.888888888888891,-1.6666666666666674,-0.30661093044098897,0.010810320798071569,-5.082142644150318,0.16770488799729227
252,R5,5,6,1.0,0.1326085110042718,8.326672684688674e-17,0.13260851100427187,-8.888888888888891,-1.6666666666666674,-0.3204406884997154,0.008464089882948738,-5.308897930363331,0.12923564938723703
253,R5,6,7,0.0,0.1326085110042718,8.326672684688674e-17,0.13260851100427187,-8.888888888888891,-1.6666666666666674,-0.3204406884997154,0.008464089882948738,-5.308897930363331,0.12923564938723703
254,R5,6,7,0.1,-0.0148594975594885,3.642919299551295e-17,-0.014859497559488536,-8.888888888888891,-1.1111111111111112,-0.33055488926046733,0.010060778396893524,-5.47473224782437,0.15541525133219783
255,R5,6,7,0.2,0.0048363841951788,4.5102810375396984e-17,0.004836384195178845,-3.8888888888888893,0.0,-0.333490345018614,0.005190792317091346,-5.522862526588298,0.07556605348725726
256,R5,6,7,0.3,0.0039265602677067,7.112366251504909e-17,0.003926560267706771,-2.777777777777778,0.0,-0.34732809757317196,0.0017903610191857752,-5.749748892042373,0.019811949262870637
257,R5,6,7,0.4,0.0039265602677067,7.112366251504909e-17,0.003926560267706771,-2.777777777777778,0.0,-0.34597757744389784,0.016540028255095093,-5.727605512733089,0.2616502374977787
258,R5,6,7,0.5,0.0,0.0,0.0,-2.777777777777778,0.0,-0.3445314482337277,0.01593788841278668,-5.703894509144981,0.2517774406127506
259,R5,6,7,0.6000000000000001,-0.0018833096372052,5.637851296924623e-17,-0.0018833096372052563,-4.444444444444445,0.0,-0.3598556001386477,0.0225474110443604,-5.955152154898173,0.3601484034083129
260,R5,6,7,0.7000000000000001,0.0020236770011271,6.808789643208968e-17,0.002023677001127168,-6.666666666666667,-0.5555555555555556,-0.35850508000937364,0.03729707828026961,-5.93300877558889,0.6019866916432217
261,R5,6,7,0.8,0.0623665020340821,6.938893903907228e-18,0.06236650203408211,-7.222222222222222,-1.388888888888889,-0.3723428325639314,0.03389664698236401,-6.1598951410429645,0.5462325874188354
262,R5,6,7,0.9,0.0719799485822879,4.163336342344337e-17,0.07197994858228794,-6.111111111111112,-2.2222222222222223,-0.3752782883220782,0.029026660902561965,-6.2080254198068925,0.46638338957389347
263,R5,6,7,1.0,0.5485929260233354,0.0,0.5485929260233354,-12.222222222222223,-3.0555555555555562,-0.3853924890828301,0.03062334941650669,-6.37385973726793,0.49256299151885413
264,R5,7,8,0.0,0.5485929260233354,0.0,0.5485929260233354,-12.222222222222223,-3.0555555555555562,-0.3853924890828301,0.03062334941650669,-6.37385973726793,0.49256299151885413
265,R5,7,8,0.1,0.0297132626485526,2.42861286636753e-17,0.029713262648552626,-5.555555555555556,-1.388888888888889,-0.37949608240185184,0.030400084087925702,-6.2771811562764235,0.48890229165202753
266,R5,7,8,0.2,0.0062303461541189,7.979727989493313e-17,0.00623034615411898,-5.555555555555556,-0.8333333333333333,-0.3720196413998761,0.04700332850893145,-6.154596038586096,0.7611321762792707
267,R5,7,8,0.3,0.0645122570782423,5.551115123125783e-17,0.06451225707824236,-5.555555555555556,-1.388888888888889,-0.3605780896700177,0.04625111744827966,-5.9669982276766,0.7487987837769288
268,R5,7,8,0.4,0.0040327043196528,7.892991815694472e-17,0.004032704319652879,-4.444444444444445,-0.5555555555555556,-0.36093441315259733,0.03820977552958307,-5.972840573792396,0.6169514455539585
269,R5,7,8,0.5,0.0,0.0,0.0,-2.777777777777778,0.0,-0.3521839086798956,0.03806880810387634,-5.8293656743914095,0.6146401174145146
270,R5,7,8,0.6000000000000001,0.3364120478848403,5.551115123125783e-17,0.33641204788484036,-6.111111111111112,-2.777777777777778,-0.3884875309128364,0.03526397404309766,-6.4246066189577,0.5686515363033255
271,R5,7,8,0.7000000000000001,0.1752713499929444,0.0,0.1752713499929444,-5.555555555555556,-2.2222222222222223,-0.3888438543954159,0.027222632124401194,-6.430448965073496,0.43680419808035525
272,R5,7,8,0.8,0.357282582299038,0.0,0.357282582299038,-8.333333333333334,-2.777777777777778,-0.3774023026655574,0.026470421063749312,-6.242851154163999,0.4244708055780127
273,R5,7,8,0.9,0.0628917743804129,8.326672684688674e-17,0.06289177438041298,-7.777777777777779,0.0,-0.36992586166358155,0.04307366548475518,-6.120266036473671,0.6967006902052564
274,R5,7,8,1.0,0.2355733100595209,8.326672684688674e-17,0.23557331005952098,-6.111111111111112,-0.2777777777777777,-0.36402945498260353,0.042850400156174084,-6.023587455482165,0.6930399903384283
275,R5,8,9,0.0,0.2355733100595209,8.326672684688674e-17,0.23557331005952098,-6.111111111111112,-0.2777777777777777,-0.36402945498260353,0.042850400156174084,-6.023587455482165,0.6930399903384283
276,R5,8,9,0.1,0.2355733100595209,8.326672684688674e-17,0.23557331005952098,-6.111111111111112,-0.2777777777777777,-0.35561890753073616,0.04073371467473698,-5.885686554645152,0.658334421366934
277,R5,8,9,0.2,-0.1759067672242835,5.551115123125783e-17,-0.17590676722428356,-6.111111111111112,1.388888888888889,-0.34211954020202917,0.03087711419399049,-5.664348416312061,0.4967237660244349
278,R5,8,9,0.3,-0.1759067672242835,5.551115123125783e-17,-0.17590676722428356,-6.111111111111112,1.388888888888889,-0.35050187851423015,0.038033811455689806,-5.801786794846678,0.6140663058595783
279,R5,8,9,0.4,-0.1759067672242835,5.551115123125783e-17,-0.17590676722428356,-6.111111111111112,1.388888888888889,-0.34037502361976724,0.03298901795064237,-5.635744997854962,0.531350932946691
280,R5,8,9,0.5,0.366566498217439,0.0,0.366566498217439,-4.444444444444445,-1.388888888888889,-0.28372187426476236,0.03658927524299066,-4.706849420483902,0.5903814213543921
281,R5,8,9,0.6000000000000001,-0.1565655326724023,5.551115123125783e-17,-0.15656553267240236,-5.555555555555556,0.5555555555555556,-0.2728453741081507,0.04052651748951547,-4.528516300299478,0.6549371777681735
282,R5,8,9,0.7000000000000001,0.1637619533064218,5.551115123125783e-17,0.16376195330642185,-5.555555555555556,-1.6666666666666667,-0.26271851921368783,0.035481723984468055,-4.362474503307765,0.5722218048552861
283,R5,8,9,0.8,0.0183180943607151,5.204170427930421e-17,0.018318094360715152,-5.555555555555556,0.0,-0.2711008575258886,0.04263842124616725,-4.499912881842381,0.6895643446904288
284,R5,8,9,0.9,0.1203336019763959,4.163336342344337e-17,0.12033360197639593,-7.222222222222222,0.0,-0.2576014901971818,0.032781820765420785,-4.278574743509292,0.5279536893479291
285,R5,8,9,1.0,0.0208018376830562,2.0816681711721685e-17,0.02080183768305622,-6.111111111111112,0.0,-0.24919094274531442,0.030665135283983614,-4.14067384267228,0.4932481203764348
286,R5,9,1,0.0,0.0208018376830562,2.0816681711721685e-17,0.02080183768305622,-6.111111111111112,0.0,-0.24919094274531442,0.030665135283983614,-4.14067384267228,0.4932481203764348
287,R5,9,1,0.1,0.1495788148616642,2.7755575615628914e-17,0.14957881486166422,-2.777777777777778,-1.6666666666666667,-0.21279103590167414,0.03446785699600748,-3.5438541977148192,0.5555982530784529
288,R5,9,1,0.2,0.0356740014710881,6.245004513516506e-17,0.035674001471088165,-2.777777777777778,-0.5555555555555557,-0.17210904767417634,0.030530454558812748,-2.876824749689159,0.4910398701486416
289,R5,9,1,0.3,0.0023753757157034,5.854691731421724e-17,0.0023753757157034586,-1.1111111111111112,-0.5555555555555556,-0.11160757688274306,0.02645476838725617,-1.8848313780507275,0.4242141613819886
290,R5,9,1,0.4,0.0,0.0,0.0,0.5555555555555556,0.0,-0.0770458014655032,0.02846804398506449,-1.3181500779522766,0.4572242026616813
291,R5,9,1,0.5,0.0,0.0,0.0,2.777777777777778,0.0,-0.02936163267638948,0.029418723342251926,-0.5363115746544913,0.47281171827984475
292,R5,9,1,0.6000000000000001,0.0,0.0,0.0,2.777777777777778,0.0,-0.011024330762276659,0.02966822321721468,-0.2356497607418907,0.4769025646501893
293,R5,9,1,0.7000000000000001,0.0,0.0,0.0,2.777777777777778,0.0,0.02353744465496304,0.03168149881502304,0.33103153935656127,0.5099126059298812
294,R5,9,1,0.8,0.0,0.0,0.0,6.111111111111112,0.0,0.08403891544639636,0.027605812643466413,1.3230249109949892,0.44308689716322713
295,R5,9,1,0.9,-0.0404707408220468,0.0,-0.0404707408220468,6.111111111111112,1.388888888888889,0.12472090367389416,0.02366841020627175,1.9900543590206494,0.37852851423341605
296,R5,9,1,1.0,-0.1659442860579209,5.551115123125783e-17,-0.16594428605792094,6.111111111111112,0.5555555555555556,0.1611208105175344,0.027471131918295453,2.5868740039781106,0.44087864693543455
297,R1,1,2,0.0,0.3872240458885805,0.0,0.3872240458885805,6.111111111111112,-1.388888888888889,0.21630203623382685,0.007273157175154699,3.5391139614302607,0.12104765319160737
298,R1,1,2,0.1,0.3889466474150218,0.0,0.3889466474150218,2.777777777777778,-1.388888888888889,0.2310747941153036,0.0004594404611225622,3.781330848185999,0.009328686228924798
299,R1,1,2,0.2,0.3889466474150218,0.0,0.3889466474150218,2.777777777777778,-1.388888888888889,0.23257028570708668,0.004108457802681126,3.8058512065671035,0.06915865347547778
300,R1,1,2,0.3,0.0562441272000763,6.245004513516506e-17,0.05624412720007636,5.555555555555556,-0.2777777777777781,0.26494020854542816,0.005235049402892988,4.336594483978949,0.08763045895945032
301,R1,1,2,0.4,0.0,0.0,0.0,4.444444444444445,0.0,0.26677950040428533,0.004811749888283784,4.366751855504422,0.08068996136133899
302,R1,1,2,0.5,0.1498116364335995,2.7755575615628914e-17,0.14981163643359952,5.555555555555556,-1.6666666666666674,0.30157233222696683,0.010401263606778732,4.937221599415466,0.17233666824130456
303,R1,1,2,0.6000000000000001,0.4832042519320272,0.0,0.4832042519320272,5.555555555555556,-3.0555555555555562,0.28447300383625873,-0.002065576636149924,4.656857829722566,-0.03207196388754774
304,R1,1,2,0.7000000000000001,0.4832042519320272,0.0,0.4832042519320272,8.888888888888891,-3.0555555555555562,0.31926583565894,0.0035239370823451077,5.227327573633611,0.05957474299241783
305,R1,1,2,0.8,0.3546660095615828,5.551115123125783e-17,0.35466600956158284,8.888888888888891,-1.3888888888888897,0.3534750503561388,0.004227229167947766,5.788228222570929,0.0711060508782797
306,R1,1,2,0.9,0.3546660095615828,5.551115123125783e-17,0.35466600956158284,8.888888888888891,-1.3888888888888897,0.3549705419479219,0.00787624650950619,5.812748580952033,0.13093601812483335
307,R1,1,2,1.0,0.3546414011510802,0.0,0.3546414011510802,7.777777777777779,-1.3888888888888897,0.3697432998293985,0.0010625297954741653,6.054965467707771,0.01921705116214989
308,R1,2,3,0.0,0.3546414011510802,0.0,0.3546414011510802,7.777777777777779,-1.3888888888888897,0.3697432998293985,0.0010625297954741653,6.054965467707771,0.01921705116214989
309,R1,2,3,0.1,0.3425104996518945,5.551115123125783e-17,0.34251049965189456,6.111111111111112,-0.8333333333333335,0.3728635703359642,0.003903999339563591,6.106126003472303,0.06580631447388319
310,R1,2,3,0.2,0.1934383372491647,0.0,0.1934383372491647,6.111111111111112,-1.6666666666666667,0.3760587308185765,0.0061308005352188055,6.15851444921768,0.10231736118316803
311,R1,2,3,0.3,0.001384678020237,9.974659986866641e-17,0.0013846780202370998,2.777777777777778,0.0,0.3828034357884718,0.0010744355102615122,6.269101886783581,0.019412259476907057
312,R1,2,3,0.4,-0.1350099356770342,2.7755575615628914e-17,-0.13500993567703423,4.444444444444445,0.8333333333333333,0.37824645062610474,0.014807126854702174,6.194384710215983,0.24457602178283944
313,R1,2,3,0.5,-0.00885291071017,6.418476861114186e-17,-0.008852910710170064,3.8888888888888893,0.5555555555555556,0.3804974753296828,0.005573279656345909,6.231292930068055,0.0931761451241675
314,R1,2,3,0.6000000000000001,-0.0264234617680242,7.979727989493313e-17,-0.02642346176802428,2.777777777777778,0.0,0.3672874941358601,-0.003603729124216387,6.014699620643981,-0.05729179826134567
315,R1,2,3,0.7000000000000001,0.0040440683264144,8.326672684688674e-17,0.004044068326414484,6.666666666666667,0.0,0.3623448404158656,0.008468736598718524,5.9336589506503365,0.14065059586272266
316,R1,2,3,0.8,0.1705957318267182,0.0,0.1705957318267182,8.333333333333334,0.0,0.3694752139433881,0.00507259719526687,6.050569881642284,0.08496686233832529
317,R1,2,3,0.9,0.1705957318267182,0.0,0.1705957318267182,8.333333333333334,-0.833333333333333,0.37267037442600054,0.007299398390922057,6.102958327387658,0.1214779090476128
318,R1,2,3,1.0,0.2814946814027954,5.551115123125783e-17,0.28149468140279543,11.66666666666667,-3.0555555555555567,0.3757906449325661,0.01014086793501151,6.15411886315219,0.1680671723593452
319,R1,3,4,0.0,0.2814946814027954,5.551115123125783e-17,0.28149468140279543,11.66666666666667,-3.0555555555555567,0.3757906449325661,0.01014086793501151,6.15411886315219,0.1680671723593452
320,R1,3,4,0.1,0.1706095972874514,0.0,0.1706095972874514,11.66666666666667,-0.8333333333333335,0.37315230618737516,0.012376934299418108,6.110860170212501,0.20473013249930183
321,R1,3,4,0.2,0.1788877781979826,8.326672684688674e-17,0.17888777819798268,10.555555555555557,0.833333333333333,0.3576841239080375,0.011597408762849232,5.8572409756429265,0.19194888676785382
322,R1,3,4,0.3,-0.1282807671463226,0.0,-0.1282807671463226,6.111111111111112,0.5555555555555558,0.3352603026820241,0.01166453617050539,5.489575830779045,0.19304952023311062
323,R1,3,4,0.4,0.1858634827159175,0.0,0.1858634827159175,7.777777777777779,-1.1111111111111112,0.3472219989989568,0.003583554961846813,5.685702029113204,0.060552248836870604
324,R1,3,4,0.5,0.0164502603418955,0.0,0.0164502603418955,8.888888888888891,0.0,0.3123111025509311,0.013933446778644082,5.113296475638611,0.23025100070409765
325,R1,3,4,0.6000000000000001,0.1728929867784387,5.551115123125783e-17,0.17289298677843876,8.888888888888891,-1.6666666666666667,0.3023280536419061,0.02112684698786818,4.949612548339826,0.3481953288955899
326,R1,3,4,0.7000000000000001,0.3957829006859531,0.0,0.3957829006859531,12.222222222222223,0.0,0.3142897499588389,0.013045865779209409,5.145738746673985,0.21569805749935123
327,R1,3,4,0.8,0.0593563290552691,8.326672684688674e-17,0.059356329055269184,12.222222222222223,1.3888888888888897,0.29186592873282585,0.013112993186865624,4.778073601810102,0.21679869096460758
328,R1,3,4,0.9,0.0593715777213222,6.938893903907228e-17,0.05937157772132227,12.222222222222223,0.0,0.27639774645348797,0.012333467650296581,4.524454407240526,0.20401744523315912
329,R1,3,4,1.0,0.0593715777213222,6.938893903907228e-17,0.05937157772132227,12.222222222222223,0.0,0.2737594077082971,0.014569534014703456,4.481195714300837,0.24068040537311752
330,R1,4,5,0.0,0.0593715777213222,6.938893903907228e-17,0.05937157772132227,12.222222222222223,0.0,0.2737594077082971,0.014569534014703456,4.481195714300837,0.24068040537311752
331,R1,4,5,0.1,0.0593715777213222,6.938893903907228e-17,0.05937157772132227,12.222222222222223,0.0,0.23174181590843856,0.015592486319411847,3.7922674616083283,0.25745292168550815
332,R1,4,5,0.2,0.1975413537315405,0.0,0.1975413537315405,12.222222222222223,-1.6666666666666674,0.22595801367892643,0.013215725892355618,3.6974351641535694,0.21848311551765276
333,R1,4,5,0.3,-0.1098603475188658,0.0,-0.1098603475188658,8.888888888888891,1.6666666666666674,0.20355523363152023,0.010627044033545002,3.330115014368926,0.1760386061259176
334,R1,4,5,0.4,0.2293365457071331,2.7755575615628914e-17,0.22933654570713313,8.888888888888891,1.1111111111111112,0.1612445969261499,0.010007490925951129,2.636381942883464,0.16588029810346105
335,R1,4,5,0.5,0.15410016609476,8.326672684688674e-17,0.15410016609476007,5.0,0.8333333333333335,0.1376251641996198,0.007570992383234859,2.2491133294087744,0.12593101467672563
336,R1,4,5,0.6000000000000001,-0.1052186304618305,0.0,-0.1052186304618305,5.0,1.6666666666666667,0.11750025990399413,0.010592663572786876,1.919141654258276,0.1754748976947038
337,R1,4,5,0.7000000000000001,-0.0974818874925045,5.551115123125783e-17,-0.09748188749250455,3.3333333333333335,1.6666666666666667,0.07518962319862366,0.009973110465192975,1.2254085827728112,0.16531658967224683
338,R1,4,5,0.8,0.2883309681602207,5.551115123125783e-17,0.28833096816022075,0.0,1.6666666666666667,0.05278684315121748,0.007384428606382498,0.8580884329881693,0.12287208028051211
339,R1,4,5,0.9,0.0506519861491005,1.3877787807814457e-17,0.05065198614910051,0.0,1.666666666666667,0.04700304092170543,0.005007668179326158,0.76325613553341,0.08390227411265716
340,R1,4,5,1.0,-0.0577042912436152,6.938893903907228e-18,-0.05770429124361521,0.0,1.6666666666666674,0.004985449121846647,0.006030620484034577,0.0743278828408993,0.10067479042504868
341,R1,5,6,0.0,-0.0577042912436152,6.938893903907228e-18,-0.05770429124361521,0.0,1.6666666666666674,0.004985449121846647,0.006030620484034577,0.0743278828408993,0.10067479042504868
342,R1,5,6,0.1,0.0961098681739841,0.0,0.0961098681739841,0.0,0.0,-0.008844308936879625,0.003684389568911761,-0.15242740337211513,0.06220555181499332
343,R1,5,6,0.2,0.0438575074048916,8.326672684688674e-17,0.04385750740489169,-3.3333333333333335,0.0,-0.05100531730245919,0.0030256015720607765,-0.8437071407594101,0.051403941248465035
344,R1,5,6,0.3,0.1375472597320841,8.326672684688674e-17,0.13754725973208418,-3.3333333333333335,0.2777777777777777,-0.06868594225067967,0.00756989918388673,-1.1336019569618472,0.1259130903768204
345,R1,5,6,0.4,0.2452421083419378,0.0,0.2452421083419378,-3.3333333333333335,0.0,-0.09491426151690535,0.0018732949433546697,-1.563646359535221,0.032510507372916386
346,R1,5,6,0.5,0.1545247888110908,2.7755575615628914e-17,0.15452478881109083,-4.444444444444445,0.0,-0.12452821766366606,-0.0063539703003156756,-2.0492022943132184,-0.1023852642781069
347,R1,5,6,0.6000000000000001,-0.1361130568724494,0.0,-0.1361130568724494,-8.888888888888891,0.5555555555555558,-0.1653597521446712,-0.007576559319512233,-2.7186837305350613,-0.12243106130445991
348,R1,5,6,0.7000000000000001,0.0438422342352882,4.163336342344337e-17,0.04384223423528824,-8.888888888888891,0.0,-0.1915880714108968,-0.013273163560044238,-3.1487281331084356,-0.2158336443083635
349,R1,5,6,0.8,0.0438422342352882,4.163336342344337e-17,0.04384223423528824,-8.888888888888891,0.0,-0.20926869635911727,-0.008728865948218117,-3.4386229493108735,-0.14132449518000767
350,R1,5,6,0.9,-0.32338704597757,5.551115123125783e-17,-0.32338704597757006,-12.222222222222223,0.27777777777777857,-0.2514297047246965,-0.009387653945069241,-4.129902686698167,-0.1521261057465355
351,R1,5,6,1.0,0.0666216603001124,6.938893903907228e-17,0.06662166030011248,-12.222222222222223,0.0,-0.26525946278342294,-0.011733884860191973,-4.356657972911182,-0.1905953443565913
352,R1,6,7,0.0,0.0666216603001124,6.938893903907228e-17,0.06662166030011248,-12.222222222222223,0.0,-0.26525946278342294,-0.011733884860191973,-4.356657972911182,-0.1905953443565913
353,R1,6,7,0.1,-0.2202336091720008,5.551115123125783e-17,-0.22023360917200085,-8.888888888888891,0.8333333333333335,-0.2753736635441749,-0.010137196346247324,-4.52249229037222,-0.16441574241163037
354,R1,6,7,0.2,-0.003476105356998,4.336808689942018e-18,-0.0034761053569980042,-8.888888888888891,0.5555555555555556,-0.2783091193023214,-0.01500718242604937,-4.570622569136147,-0.24426494025657153
355,R1,6,7,0.3,0.0184647889383208,4.163336342344337e-17,0.01846478893832084,-8.888888888888891,0.0,-0.2921468718568795,-0.01840761372395497,-4.797508934590223,-0.3000190444809583
356,R1,6,7,0.4,-0.0284762304860588,6.938893903907228e-17,-0.02847623048605887,-6.111111111111112,0.0,-0.29079635172760526,-0.0036579464880456825,-4.77536555528094,-0.05818075624604946
357,R1,6,7,0.5,-0.0320818420363574,5.551115123125783e-17,-0.03208184203635746,-3.8888888888888893,1.388888888888889,-0.2893502225174353,-0.004260086330353963,-4.75165455169283,-0.06805355313107819
358,R1,6,7,0.6000000000000001,-0.1866162432204525,5.551115123125783e-17,-0.18661624322045256,-6.111111111111112,2.777777777777778,-0.30467437442235507,0.002349436301219615,-5.002912197446024,0.040317409664483606
359,R1,6,7,0.7000000000000001,-0.3858433436426715,5.551115123125783e-17,-0.38584334364267153,-8.333333333333334,3.3333333333333335,-0.3033238542930812,0.01709910353712893,-4.98076881813674,0.282155697899392
360,R1,6,7,0.8,-0.4666657351058282,0.0,-0.4666657351058282,-8.333333333333334,4.4444444444444455,-0.31716160684763894,0.013698672239223192,-5.2076551835908145,0.22640159367500612
361,R1,6,7,0.9,-0.4606582409923317,5.551115123125783e-17,-0.46065824099233177,-8.333333333333334,2.222222222222223,-0.3200970626057856,0.008828686159421173,-5.255785462354742,0.14655239583006452
362,R1,6,7,1.0,-0.1214884696612543,0.0,-0.1214884696612543,-15.000000000000002,1.666666666666666,-0.33021126336653767,0.010425374673365934,-5.4216197798157815,0.1727319977750259
363,R1,7,8,0.0,-0.1214884696612543,0.0,-0.1214884696612543,-15.000000000000002,1.666666666666666,-0.33021126336653767,0.010425374673365934,-5.4216197798157815,0.1727319977750259
364,R1,7,8,0.1,-0.4419527290628345,5.551115123125783e-17,-0.44195272906283456,-7.222222222222222,1.6666666666666674,-0.3243148566855594,0.010202109344785049,-5.324941198824273,0.1690712979081983
365,R1,7,8,0.2,-0.4606582409923317,5.551115123125783e-17,-0.46065824099233177,-7.222222222222222,2.222222222222223,-0.3168384156835834,0.026805353765790657,-5.202356081133946,0.44130118253544204
366,R1,7,8,0.3,-0.0337873605984494,8.326672684688674e-17,-0.03378736059844948,-5.555555555555556,1.388888888888889,-0.3053968639537251,0.02605314270513881,-5.0147582702244495,0.4289677900330995
367,R1,7,8,0.4,-0.0906970622846562,4.163336342344337e-17,-0.09069706228465624,-5.555555555555556,1.9444444444444446,-0.3057531874363047,0.01801180078644235,-5.020600616340246,0.2971204518101298
368,R1,7,8,0.5,-0.0942376200954704,1.3877787807814457e-17,-0.09423762009547042,-4.444444444444445,2.2222222222222223,-0.29700268296360305,0.017870833360735527,-4.8771257169392594,0.2948091236706851
369,R1,7,8,0.6000000000000001,-0.2125651468511626,2.7755575615628914e-17,-0.21256514685116262,-7.222222222222222,2.5000000000000004,-0.33330630519654353,0.01506599929995689,-5.472366661505551,0.24882054255949715
370,R1,7,8,0.7000000000000001,-0.2644161858970097,0.0,-0.2644161858970097,-5.555555555555556,2.5,-0.33366262867912344,0.007024657381260513,-5.478209007621346,0.11697320433652747
371,R1,7,8,0.8,-0.073008660884763,8.326672684688674e-17,-0.07300866088476309,-8.888888888888891,1.6666666666666674,-0.322221076949265,0.006272446320608582,-5.290611196711849,0.10463981183418447
372,R1,7,8,0.9,-0.3341974631183425,0.0,-0.3341974631183425,-7.777777777777779,3.0555555555555562,-0.314744635947289,0.02287569074161433,-5.168026079021521,0.3768696964614273
373,R1,7,8,1.0,-0.0717361978031144,2.7755575615628914e-17,-0.07173619780311442,-6.111111111111112,2.777777777777779,-0.3088482292663109,0.02265242541303339,-5.071347498030015,0.37320899659459883
374,R1,8,9,0.0,-0.0717361978031144,2.7755575615628914e-17,-0.07173619780311442,-6.111111111111112,2.777777777777779,-0.3088482292663109,0.02265242541303339,-5.071347498030015,0.37320899659459883
375,R1,8,9,0.1,-0.0717361978031144,2.7755575615628914e-17,-0.07173619780311442,-6.111111111111112,2.777777777777779,-0.3004376818144437,0.020535739931596186,-4.933446597193002,0.33850342762310515
376,R1,8,9,0.2,-0.1361280759272227,5.551115123125783e-17,-0.13612807592722276,-6.111111111111112,1.9444444444444446,-0.2869383144857368,0.010679139450849695,-4.712108458859911,0.17689277228060618
377,R1,8,9,0.3,-0.3338921623306734,0.0,-0.3338921623306734,-6.111111111111112,2.7777777777777777,-0.2953206527979378,0.01783583671254904,-4.849546837394529,0.2942353121157497
378,R1,8,9,0.4,0.0324570053481272,2.0816681711721685e-17,0.03245700534812722,-6.111111111111112,0.5555555555555558,-0.2851937979034746,0.012791043207501407,-4.683505040402812,0.2115199392028626
379,R1,8,9,0.5,0.1678286251919145,2.7755575615628914e-17,0.16782862519191452,-4.444444444444445,0.0,-0.22854064854846984,0.016391300499849826,-3.754609463031753,0.270550427610563
380,R1,8,9,0.6000000000000001,-0.192256775986177,5.551115123125783e-17,-0.19225677598617705,-5.555555555555556,1.388888888888889,-0.21766414839185816,0.020328542746374578,-3.5762763428473274,0.3351061840243452
381,R1,8,9,0.7000000000000001,-0.0477104669230897,2.7755575615628914e-17,-0.04771046692308973,-5.0,-0.2777777777777777,-0.20753729349739541,0.015283749241327305,-3.410234545855614,0.25239081111145767
382,R1,8,9,0.8,-0.1923932229472049,5.551115123125783e-17,-0.19239322294720496,-5.0,1.388888888888889,-0.21591963180959606,0.022440446503026373,-3.5476729243902305,0.36973335094660054
383,R1,8,9,0.9,-0.338807321871602,0.0,-0.338807321871602,-6.666666666666668,1.3888888888888897,-0.20242026448088912,0.012583846022279938,-3.3263347860571426,0.20812269560410024
384,R1,8,9,1.0,-0.3388520281849866,0.0,-0.3388520281849866,-6.111111111111112,1.3888888888888897,-0.19400971702902187,0.010467160540842818,-3.1884338852201304,0.17341712663260678
385,R1,9,1,0.0,-0.3388520281849866,0.0,-0.3388520281849866,-6.111111111111112,1.3888888888888897,-0.19400971702902187,0.010467160540842818,-3.1884338852201304,0.17341712663260678
386,R1,9,1,0.1,0.1495788148616642,2.7755575615628914e-17,0.14957881486166422,-2.777777777777778,-1.6666666666666667,-0.15760981018538162,0.014269882252866684,-2.5916142402626687,0.2357672593346256
387,R1,9,1,0.2,0.0037798182333069,7.632783294297951e-17,0.0037798182333069765,-2.777777777777778,0.0,-0.11692782195788386,0.010332479815672063,-1.924584792237008,0.17120887640481408
388,R1,9,1,0.3,0.1386297958950972,0.0,0.1386297958950972,-0.5555555555555556,-1.1111111111111112,-0.05642635116645056,0.006256793644115355,-0.9325914205985775,0.10438316763816013
389,R1,9,1,0.4,0.0,0.0,0.0,0.0,0.0,-0.021864575749210774,0.008270069241923722,-0.3659101205001263,0.1373932089178529
390,R1,9,1,0.5,0.0,0.0,0.0,0.0,0.0,0.025819593039903027,0.009220748599111234,0.4159283827976594,0.15298072453601685
391,R1,9,1,0.6000000000000001,0.0,0.0,0.0,0.0,0.0,0.04415689495401581,0.009470248474073933,0.7165901967102599,0.15707157090636148
392,R1,9,1,0.7000000000000001,0.0,0.0,0.0,0.0,0.0,0.0787186703712556,0.011483524071882245,1.2832714968087118,0.1900816121860538
393,R1,9,1,0.8,0.0090887234579943,1.734723475976807e-17,0.009088723457994318,2.2222222222222223,-0.2777777777777778,0.13922014116268897,0.007407837900325648,2.2752648684471404,0.12325590341939963
394,R1,9,1,0.9,0.1837800265773558,8.326672684688674e-17,0.18378002657735587,2.777777777777778,-0.5555555555555556,0.17990212939018674,0.0034704354631309164,2.9422943164728004,0.05869752048958832
395,R1,9,1,1.0,0.3872240458885805,0.0,0.3872240458885805,6.111111111111112,-1.388888888888889,0.21630203623382685,0.007273157175154699,3.5391139614302607,0.12104765319160737
