bodyId,type,instance,somaSide,rootSide,predictedNt,consensusNt,transmission
523769,DNa02,DNa02_L,L,,acetylcholine,acetylcholine,
10360,DNa02,DNa02_R,R,,acetylcholine,acetylcholine,
519624,DNa03,DNa03_L,L,,acetylcholine,acetylcholine,
10975,DNa03,DNa03_R,R,,acetylcholine,acetylcholine,
519140,EPG,EPG(PB08)_L1,L,,acetylcholine,acetylcholine,
512514,EPG,EPG(PB08)_L1,L,,acetylcholine,acetylcholine,
524073,EPG,EPG(PB08)_L2,L,,acetylcholine,acetylcholine,
521813,EPG,EPG(PB08)_L2,L,,acetylcholine,acetylcholine,
519941,EPG,EPG(PB08)_L3,L,,acetylcholine,acetylcholine,
519328,EPG,EPG(PB08)_L3,L,,acetylcholine,acetylcholine,
88342,EPG,EPG(PB08)_L3,L,,acetylcholine,acetylcholine,
11307,EPG,EPG(PB08)_L4,L,,acetylcholine,acetylcholine,
513517,EPG,EPG(PB08)_L4,L,,acetylcholine,acetylcholine,
520818,EPG,EPG(PB08)_L4,L,,acetylcholine,acetylcholine,
11989,EPG,EPG(PB08)_L5,L,,acetylcholine,acetylcholine,
107195,EPG,EPG(PB08)_L5,L,,acetylcholine,acetylcholine,
12449,EPG,EPG(PB08)_L5,L,,acetylcholine,acetylcholine,
556346,EPG,EPG(PB08)_L6,L,,acetylcholine,acetylcholine,
16360,EPG,EPG(PB08)_L6,L,,acetylcholine,acetylcholine,
15713,EPG,EPG(PB08)_L6,L,,acetylcholine,acetylcholine,
84758,EPG,EPG(PB08)_L7,L,,acetylcholine,acetylcholine,
14727,EPG,EPG(PB08)_L7,L,,acetylcholine,acetylcholine,
11874,EPG,EPG(PB08)_L7,L,,acetylcholine,acetylcholine,
519144,EPG,EPG(PB08)_L8,L,,acetylcholine,acetylcholine,
513033,EPG,EPG(PB08)_L8,L,,acetylcholine,acetylcholine,
521409,EPG,EPG(PB08)_L8,L,,acetylcholine,acetylcholine,
13217,EPG,EPG(PB08)_L8,L,,acetylcholine,acetylcholine,
515675,EPG,EPG(PB08)_R1,R,,acetylcholine,acetylcholine,
512513,EPG,EPG(PB08)_R1,R,,acetylcholine,acetylcholine,
513463,EPG,EPG(PB08)_R2,R,,acetylcholine,acetylcholine,
10539,EPG,EPG(PB08)_R2,R,,acetylcholine,acetylcholine,
512928,EPG,EPG(PB08)_R3,R,,acetylcholine,acetylcholine,
513284,EPG,EPG(PB08)_R3,R,,acetylcholine,acetylcholine,
15616,EPG,EPG(PB08)_R3,R,,acetylcholine,acetylcholine,
523786,EPG,EPG(PB08)_R4,R,,acetylcholine,acetylcholine,
556347,EPG,EPG(PB08)_R4,R,,acetylcholine,acetylcholine,
520581,EPG,EPG(PB08)_R4,R,,acetylcholine,acetylcholine,
11987,EPG,EPG(PB08)_R5,R,,acetylcholine,acetylcholine,
19125,EPG,EPG(PB08)_R5,R,,acetylcholine,acetylcholine,
514126,EPG,EPG(PB08)_R5,R,,acetylcholine,acetylcholine,
19825,EPG,EPG(PB08)_R6,R,,acetylcholine,acetylcholine,
131313,EPG,EPG(PB08)_R6,R,,acetylcholine,acetylcholine,
513520,EPG,EPG(PB08)_R6,R,,acetylcholine,acetylcholine,
14507,EPG,EPG(PB08)_R7,R,,acetylcholine,acetylcholine,
92188,EPG,EPG(PB08)_R7,R,,acetylcholine,acetylcholine,
521812,EPG,EPG(PB08)_R7,R,,acetylcholine,acetylcholine,
512305,EPG,EPG(PB08)_R8,R,,acetylcholine,acetylcholine,
513464,EPG,EPG(PB08)_R8,R,,acetylcholine,acetylcholine,
11503,EPG,EPG(PB08)_R8,R,,acetylcholine,acetylcholine,
520812,EPG,EPG(PB08)_R8,R,,acetylcholine,acetylcholine,
46169,FC2A,FC2A_C1_L,L,,acetylcholine,acetylcholine,
532704,FC2A,FC2A_C1_R,R,,acetylcholine,acetylcholine,
29674,FC2A,FC2A_C2_L,L,,acetylcholine,acetylcholine,
526406,FC2A,FC2A_C2_R,R,,acetylcholine,acetylcholine,
71855,FC2A,FC2A_C3_L,L,,acetylcholine,acetylcholine,
560327,FC2A,FC2A_C3_R,R,,acetylcholine,acetylcholine,
36201,FC2A,FC2A_C4_L,L,,acetylcholine,acetylcholine,
170539,FC2A,FC2A_C4_R,R,,acetylcholine,acetylcholine,
137299,FC2A,FC2A_C5_L,L,,acetylcholine,acetylcholine,
131273,FC2A,FC2A_C5_R,R,,acetylcholine,acetylcholine,
56382,FC2A,FC2A_C6_L,L,,acetylcholine,acetylcholine,
39538,FC2A,FC2A_C6_R,R,,acetylcholine,acetylcholine,
40179,FC2A,FC2A_C7_L,L,,acetylcholine,acetylcholine,
45876,FC2A,FC2A_C7_R,R,,acetylcholine,acetylcholine,
518606,FC2A,FC2A_C8_L,L,,acetylcholine,acetylcholine,
33382,FC2A,FC2A_C8_R,R,,acetylcholine,acetylcholine,
41559,FC2A,FC2A_C9_L,L,,acetylcholine,acetylcholine,
55401,FC2A,FC2A_C9_R,R,,acetylcholine,acetylcholine,
140787,FC2B,FC2B_C1_L,L,,acetylcholine,acetylcholine,
55415,FC2B,FC2B_C1_R,R,,acetylcholine,acetylcholine,
34203,FC2B,FC2B_C1_R,R,,acetylcholine,acetylcholine,
33356,FC2B,FC2B_C2_L,L,,acetylcholine,acetylcholine,
103466,FC2B,FC2B_C2_L,L,,acetylcholine,acetylcholine,
515233,FC2B,FC2B_C2_R,R,,acetylcholine,acetylcholine,
67361,FC2B,FC2B_C2_R,R,,acetylcholine,acetylcholine,
87630,FC2B,FC2B_C3_L,L,,acetylcholine,acetylcholine,
137990,FC2B,FC2B_C3_L,L,,acetylcholine,acetylcholine,
89635,FC2B,FC2B_C3_R,R,,acetylcholine,acetylcholine,
99820,FC2B,FC2B_C4_L,L,,acetylcholine,acetylcholine,
107690,FC2B,FC2B_C4_L,L,,acetylcholine,acetylcholine,
241046,FC2B,FC2B_C4_R,R,,acetylcholine,acetylcholine,
519358,FC2B,FC2B_C4_R,R,,acetylcholine,acetylcholine,
82293,FC2B,FC2B_C5_L,L,,acetylcholine,acetylcholine,
96384,FC2B,FC2B_C5_R,R,,acetylcholine,acetylcholine,
530445,FC2B,FC2B_C6_L,L,,acetylcholine,acetylcholine,
67741,FC2B,FC2B_C6_R,R,,acetylcholine,acetylcholine,
106495,FC2B,FC2B_C6_R,R,,acetylcholine,acetylcholine,
68271,FC2B,FC2B_C7_L,L,,acetylcholine,acetylcholine,
85400,FC2B,FC2B_C7_R,R,,acetylcholine,acetylcholine,
97443,FC2B,FC2B_C8_L,L,,acetylcholine,acetylcholine,
74326,FC2B,FC2B_C8_L,L,,acetylcholine,acetylcholine,
35277,FC2B,FC2B_C8_R,R,,acetylcholine,acetylcholine,
44554,FC2B,FC2B_C8_R,R,,acetylcholine,acetylcholine,
149740,FC2B,FC2B_C9_L,L,,acetylcholine,acetylcholine,
50461,FC2B,FC2B_C9_R,R,,acetylcholine,acetylcholine,
68502,FC2C,FC2C_C1_L,L,,acetylcholine,acetylcholine,
537128,FC2C,FC2C_C1_L,L,,acetylcholine,acetylcholine,
60670,FC2C,FC2C_C1_R,R,,acetylcholine,acetylcholine,
529992,FC2C,FC2C_C1_R,R,,acetylcholine,acetylcholine,
50885,FC2C,FC2C_C2_L,L,,acetylcholine,acetylcholine,
529266,FC2C,FC2C_C2_L,L,,acetylcholine,acetylcholine,
139763,FC2C,FC2C_C2_R,R,,acetylcholine,acetylcholine,
151739,FC2C,FC2C_C2_R,R,,acetylcholine,acetylcholine,
51782,FC2C,FC2C_C2_R,R,,acetylcholine,acetylcholine,
524977,FC2C,FC2C_C3_L,L,,acetylcholine,acetylcholine,
79204,FC2C,FC2C_C3_L,L,,acetylcholine,acetylcholine,
141430,FC2C,FC2C_C3_R,R,,acetylcholine,acetylcholine,
546044,FC2C,FC2C_C3_R,R,,acetylcholine,acetylcholine,
140794,FC2C,FC2C_C3_R,R,,acetylcholine,acetylcholine,
236557,FC2C,FC2C_C3_R,R,,acetylcholine,acetylcholine,
41941,FC2C,FC2C_C4_L,L,,acetylcholine,acetylcholine,
95713,FC2C,FC2C_C4_L,L,,acetylcholine,acetylcholine,
115674,FC2C,FC2C_C4_R,R,,acetylcholine,acetylcholine,
66750,FC2C,FC2C_C4_R,R,,acetylcholine,acetylcholine,
91537,FC2C,FC2C_C5_L,L,,acetylcholine,acetylcholine,
124562,FC2C,FC2C_C5_L,L,,acetylcholine,acetylcholine,
153441,FC2C,FC2C_C5_L,L,,acetylcholine,acetylcholine,
68579,FC2C,FC2C_C5_R,R,,acetylcholine,acetylcholine,
148830,FC2C,FC2C_C5_R,R,,acetylcholine,acetylcholine,
153558,FC2C,FC2C_C5_R,R,,acetylcholine,acetylcholine,
115261,FC2C,FC2C_C6_L,L,,acetylcholine,acetylcholine,
119544,FC2C,FC2C_C6_L,L,,acetylcholine,acetylcholine,
551404,FC2C,FC2C_C6_L,L,,acetylcholine,acetylcholine,
101011,FC2C,FC2C_C6_R,R,,acetylcholine,acetylcholine,
127661,FC2C,FC2C_C6_R,R,,acetylcholine,acetylcholine,
122334,FC2C,FC2C_C7_L,L,,acetylcholine,acetylcholine,
533436,FC2C,FC2C_C7_L,L,,acetylcholine,acetylcholine,
45343,FC2C,FC2C_C7_L,L,,acetylcholine,acetylcholine,
108286,FC2C,FC2C_C7_R,R,,acetylcholine,acetylcholine,
550660,FC2C,FC2C_C7_R,R,,acetylcholine,acetylcholine,
122167,FC2C,FC2C_C7_R,R,,acetylcholine,acetylcholine,
64270,FC2C,FC2C_C8_L,L,,acetylcholine,acetylcholine,
112888,FC2C,FC2C_C8_L,L,,acetylcholine,acetylcholine,
119819,FC2C,FC2C_C8_L,L,,acetylcholine,acetylcholine,
534662,FC2C,FC2C_C8_R,R,,acetylcholine,acetylcholine,
50431,FC2C,FC2C_C8_R,R,,acetylcholine,acetylcholine,
57603,FC2C,FC2C_C9_L,L,,acetylcholine,acetylcholine,
132482,FC2C,FC2C_C9_L,L,,acetylcholine,acetylcholine,
56905,FC2C,FC2C_C9_L,L,,acetylcholine,acetylcholine,
74480,FC2C,FC2C_C9_R,R,,acetylcholine,acetylcholine,
531073,FC2C,FC2C_C9_R,R,,acetylcholine,acetylcholine,
109752,FC2C,FC2C_C9_R,R,,acetylcholine,acetylcholine,
13490,PFL2,PFL2(PB12b)_L1_C5,L,,acetylcholine,acetylcholine,
511842,PFL2,PFL2(PB12b)_L2_C6,L,,acetylcholine,acetylcholine,
27492,PFL2,PFL2(PB12b)_L3_C7,L,,acetylcholine,acetylcholine,
11557,PFL2,PFL2(PB12b)_L3_C7,L,,acetylcholine,acetylcholine,
19715,PFL2,PFL2(PB12b)_L4_C8,L,,acetylcholine,acetylcholine,
513034,PFL2,PFL2(PB12b)_L5_C9,L,,acetylcholine,acetylcholine,
14729,PFL2,PFL2(PB12b)_R1_C5,R,,acetylcholine,acetylcholine,
522853,PFL2,PFL2(PB12b)_R2_C4,R,,acetylcholine,acetylcholine,
518375,PFL2,PFL2(PB12b)_R3_C3,R,,acetylcholine,acetylcholine,
13031,PFL2,PFL2(PB12b)_R3_C3,R,,acetylcholine,acetylcholine,
11673,PFL2,PFL2(PB12b)_R4_C2,R,,acetylcholine,acetylcholine,
520573,PFL2,PFL2(PB12b)_R5_C1,R,,acetylcholine,acetylcholine,
17000,PFL3,PFL3(PB12c)_L1_C3,L,,acetylcholine,acetylcholine,
108478,PFL3,PFL3(PB12c)_L1_C3,L,,acetylcholine,acetylcholine,
18851,PFL3,PFL3(PB12c)_L1_C8_irreg,R,,acetylcholine,acetylcholine,
523032,PFL3,PFL3(PB12c)_L2_C4,L,,acetylcholine,acetylcholine,
19009,PFL3,PFL3(PB12c)_L2_C9_irreg,R,,acetylcholine,acetylcholine,
530071,PFL3,PFL3(PB12c)_L3_C5,L,,acetylcholine,acetylcholine,
519351,PFL3,PFL3(PB12c)_L4_C5,L,,acetylcholine,acetylcholine,
29836,PFL3,PFL3(PB12c)_L4_C6,L,,acetylcholine,acetylcholine,
26038,PFL3,PFL3(PB12c)_L5_C7,L,,acetylcholine,acetylcholine,
513032,PFL3,PFL3(PB12c)_L5_C7,L,,acetylcholine,acetylcholine,
17290,PFL3,PFL3(PB12c)_L6_C8,L,,acetylcholine,acetylcholine,
519346,PFL3,PFL3(PB12c)_L7_C9,L,,acetylcholine,acetylcholine,
17286,PFL3,PFL3(PB12c)_R1_C2_irreg,L,,acetylcholine,acetylcholine,
35322,PFL3,PFL3(PB12c)_R1_C7,R,,acetylcholine,acetylcholine,
18803,PFL3,PFL3(PB12c)_R1_C7,R,,acetylcholine,acetylcholine,
15210,PFL3,PFL3(PB12c)_R2_C1_irreg,L,,acetylcholine,acetylcholine,
18327,PFL3,PFL3(PB12c)_R2_C6,R,,acetylcholine,acetylcholine,
567101,PFL3,PFL3(PB12c)_R3_C5,R,,acetylcholine,acetylcholine,
513266,PFL3,PFL3(PB12c)_R3_C5,R,,acetylcholine,acetylcholine,
23159,PFL3,PFL3(PB12c)_R4_C4,R,,acetylcholine,acetylcholine,
518378,PFL3,PFL3(PB12c)_R5_C3,R,,acetylcholine,acetylcholine,
26488,PFL3,PFL3(PB12c)_R5_C3,R,,acetylcholine,acetylcholine,
520811,PFL3,PFL3(PB12c)_R6_C2,R,,acetylcholine,acetylcholine,
79549,PFL3,PFL3(PB12c)_R7_C1,R,,acetylcholine,acetylcholine,
