heading_column,column_a,column_b,alpha,a_slots,b_slots,switch_count,slot_schedule,Delta7_spikes,PFL2_spikes,PFL3_spikes,DNa03_spikes,DNa03_L_spikes,DNa03_R_spikes,DNa02_spikes,DNa02_L_spikes,DNa02_R_spikes,DNa02_L_v,DNa02_R_v,left_activity,right_activity,activity_difference,steering
L1,1,2,0.0,30,0,0,AAAAAAAAAAAAAAAAAAAAAAAAAAAAAA,11,11,10,4,2,2,0,0,0,0.1195693831532578,0.1384605359583034,0.1195693831532578,0.1384605359583034,0.018891152805045608,0.008540173746338375
L1,1,2,0.1,27,3,5,AAAAAAAAABAAAAAAAAABAAAAAAAAAB,11,6,8,0,0,0,0,0,0,0.055082409033201364,0.0605537557793196,0.055082409033201364,0.0605537557793196,0.005471346746118239,0.0024735013823899417
L1,1,2,0.2,24,6,11,AAAABAAAABAAAABAAAABAAAABAAAAB,11,3,5,0,0,0,0,0,0,0.03522474940255078,0.10811156880705826,0.03522474940255078,0.10811156880705826,0.07288681940450747,0.032939019137180545
L1,1,2,0.30000000000000004,21,9,17,AAABAABAABAAABAABAABAAABAABAAB,11,3,4,0,0,0,0,0,0,0.03812999990417126,0.03990343726202574,0.03812999990417126,0.03990343726202574,0.001773437357854478,0.000801741868313366
L1,1,2,0.4,18,12,23,AABABAABABAABABAABABAABABAABAB,11,0,0,0,0,0,0,0,0,0.029999991161806773,0.029999991161806773,0.029999991161806773,0.029999991161806773,0.0,0.0
L1,1,2,0.5,15,15,29,ABABABABABABABABABABABABABABAB,11,0,0,0,0,0,0,0,0,0.029999991161806773,0.029999991161806773,0.029999991161806773,0.029999991161806773,0.0,0.0
L1,1,2,0.6000000000000001,12,18,23,ABABBABABBABABBABABBABABBABABB,11,3,6,0,0,0,0,0,0,0.34378672731585125,0.35454040795840236,0.34378672731585125,0.35454040795840236,0.010753680642551111,0.004861524933769185
L1,1,2,0.7000000000000001,9,21,17,ABBABBABBBABBABBABBBABBABBABBB,11,6,12,0,0,0,0,0,0,0.35670757895447996,0.3679040657967279,0.35670757895447996,0.3679040657967279,0.011196486842247944,0.005061705449587995
L1,1,2,0.8,6,24,11,ABBBBABBBBABBBBABBBBABBBBABBBB,11,6,12,0,0,0,0,0,0,0.15031109951782537,0.15443424140989348,0.15031109951782537,0.15443424140989348,0.004123141892068111,0.0018640028918746395
L1,1,2,0.9,3,27,5,ABBBBBBBBBABBBBBBBBBABBBBBBBBB,11,9,23,9,3,6,3,0,3,0.28082595304522645,0.016880128611299984,0.28082595304522645,0.6168801286112999,0.3360541755660735,0.1507664295594589
L1,1,2,1.0,0,30,0,BBBBBBBBBBBBBBBBBBBBBBBBBBBBBB,11,12,30,12,5,7,7,0,7,0.5369853027887578,0.35712358059968535,0.5369853027887578,1.7571235805996852,1.2201382778109275,0.5017218378191038
L1,2,3,0.0,30,0,0,AAAAAAAAAAAAAAAAAAAAAAAAAAAAAA,11,12,30,12,5,7,7,0,7,0.5369853027887578,0.35712358059968535,0.5369853027887578,1.7571235805996852,1.2201382778109275,0.5017218378191038
L1,2,3,0.1,27,3,5,AAAAAAAAABAAAAAAAAABAAAAAAAAAB,11,9,24,9,3,6,5,0,5,0.18270652510819868,0.021972293408918916,0.18270652510819868,1.0219722934089188,0.8392657683007201,0.3622022178338952
L1,2,3,0.2,24,6,11,AAAABAAAABAAAABAAAABAAAABAAAAB,11,6,12,0,0,0,0,0,0,0.10288092642527034,0.10537860466482794,0.10288092642527034,0.10537860466482794,0.002497678239557599,0.001129159024061656
L1,2,3,0.30000000000000004,21,9,17,AAABAABAABAAABAABAABAAABAABAAB,11,6,12,0,0,0,0,0,0,0.22484999942064895,0.23152763910579302,0.22484999942064895,0.23152763910579302,0.006677639685144066,0.0030188425753115184
L1,2,3,0.4,18,12,23,AABABAABABAABABAABABAABABAABAB,11,3,6,0,0,0,0,0,0,0.09975244512437455,0.10214290822406219,0.09975244512437455,0.10214290822406219,0.0023904630996876425,0.0010806888710970634
L1,2,3,0.5,15,15,29,ABABABABABABABABABABABABABABAB,11,0,0,0,0,0,0,0,0,0.029999991161806773,0.029999991161806773,0.029999991161806773,0.029999991161806773,0.0,0.0
L1,2,3,0.6000000000000001,12,18,23,ABABBABABBABABBABABBABABBABABB,11,0,5,0,0,0,0,0,0,0.029999991161806773,0.5517485888050935,0.029999991161806773,0.5517485888050935,0.5217485976432867,0.23159481363369736
L1,2,3,0.7000000000000001,9,21,17,ABBABBABBBABBABBABBBABBABBABBB,11,9,17,6,3,3,1,0,1,0.757192627368996,0.669954346422321,0.757192627368996,0.869954346422321,0.112761719053325,0.05093361668518856
L1,2,3,0.8,6,24,11,ABBBBABBBBABBBBABBBBABBBBABBBB,11,9,14,6,3,3,3,0,3,0.20486664792667283,0.02103637427280753,0.20486664792667283,0.6210363742728076,0.4161697263461347,0.18595455186662782
L1,2,3,0.9,3,27,5,ABBBBBBBBBABBBBBBBBBABBBBBBBBB,11,12,24,8,4,4,5,1,4,0.14008747077048556,0.1568559087800858,0.34008747077048557,0.9568559087800859,0.6167684380096004,0.27182273371936927
L1,2,3,1.0,0,30,0,BBBBBBBBBBBBBBBBBBBBBBBBBBBBBB,11,15,37,10,5,5,7,2,5,0.24214986265030883,0.5505380374750264,0.6421498626503088,1.5505380374750264,0.9083881748247176,0.3890392533567139
L1,3,4,0.0,30,0,0,AAAAAAAAAAAAAAAAAAAAAAAAAAAAAA,11,15,37,10,5,5,7,2,5,0.24214986265030883,0.5505380374750264,0.6421498626503088,1.5505380374750264,0.9083881748247176,0.3890392533567139
L1,3,4,0.1,27,3,5,AAAAAAAAABAAAAAAAAABAAAAAAAAAB,11,12,27,8,4,4,4,1,3,0.09702284946813809,0.1894775394399753,0.2970228494681381,0.7894775394399753,0.4924546899718372,0.21902401565475246
L1,3,4,0.2,24,6,11,AAAABAAAABAAAABAAAABAAAABAAAAB,11,8,13,5,2,3,1,0,1,0.03459915767724743,0.17423999630421583,0.03459915767724743,0.37423999630421584,0.3396408386269684,0.15235065573642845
L1,3,4,0.30000000000000004,21,9,17,AAABAABAABAAABAABAABAAABAABAAB,11,6,15,5,2,3,1,0,1,0.0517678332306171,0.33158377985198634,0.0517678332306171,0.5315837798519863,0.4798159466213692,0.21357758790140208
L1,3,4,0.4,18,12,23,AABABAABABAABABAABABAABABAABAB,11,0,4,0,0,0,0,0,0,0.029999991161806773,0.08630591760200841,0.029999991161806773,0.08630591760200841,0.05630592644020164,0.025449492458521322
L1,3,4,0.5,15,15,29,ABABABABABABABABABABABABABABAB,11,0,0,0,0,0,0,0,0,0.029999991161806773,0.029999991161806773,0.029999991161806773,0.029999991161806773,0.0,0.0
L1,3,4,0.6000000000000001,12,18,23,ABABBABABBABABBABABBABABBABABB,11,6,6,6,3,3,0,0,0,0.5842810526501541,0.7120484399045194,0.5842810526501541,0.7120484399045194,0.12776738725436532,0.05769739437847824
L1,3,4,0.7000000000000001,9,21,17,ABBABBABBBABBABBABBBABBABBABBB,11,12,18,12,6,6,6,3,3,0.006999115654040311,0.006999115654040311,0.6069991156540403,0.6069991156540403,0.0,0.0
L1,3,4,0.8,6,24,11,ABBBBABBBBABBBBABBBBABBBBABBBB,11,12,15,12,6,6,3,2,1,0.22434316987882139,0.29149370992887863,0.6243431698788214,0.49149370992887864,-0.1328494599499428,-0.05998696040837097
L1,3,4,0.9,3,27,5,ABBBBBBBBBABBBBBBBBBABBBBBBBBB,11,18,26,18,9,9,8,4,4,0.313559718565293,0.3797254202967616,1.113559718565293,1.1797254202967618,0.06616570173146874,0.029903513952125912
L1,3,4,1.0,0,30,0,BBBBBBBBBBBBBBBBBBBBBBBBBBBBBB,11,22,32,22,11,11,10,5,5,0.5934851490557708,0.7249685293157602,1.5934851490557707,1.7249685293157602,0.1314833802599895,0.05937157772132227
L1,4,5,0.0,30,0,0,AAAAAAAAAAAAAAAAAAAAAAAAAAAAAA,11,22,32,22,11,11,10,5,5,0.5934851490557708,0.7249685293157602,1.5934851490557707,1.7249685293157602,0.1314833802599895,0.05937157772132227
L1,4,5,0.1,27,3,5,AAAAAAAAABAAAAAAAAABAAAAAAAAAB,11,18,26,18,9,9,8,4,4,0.20263527084068897,0.24291791005534943,1.002635270840689,1.0429179100553494,0.040282639214660465,0.018209109768999875
L1,4,5,0.2,24,6,11,AAAABAAAABAAAABAAAABAAAABAAAAB,11,12,14,12,6,6,3,2,1,0.14772734684648536,0.18840515731201424,0.5477273468464854,0.38840515731201425,-0.15932218953447114,-0.07190265966832986
L1,4,5,0.30000000000000004,21,9,17,AAABAABAABAAABAABAABAAABAABAAB,11,12,16,12,6,6,4,2,2,0.356223631029034,0.43158018054948427,0.756223631029034,0.8315801805494842,0.07535654952045023,0.034054290865519726
L1,4,5,0.4,18,12,23,AABABAABABAABABAABABAABABAABAB,11,6,5,6,3,3,0,0,0,0.15276797395492805,0.18161428054914244,0.15276797395492805,0.18161428054914244,0.028846306594214388,0.01304020445245906
L1,4,5,0.5,15,15,29,ABABABABABABABABABABABABABABAB,11,0,0,0,0,0,0,0,0,0.029999991161806773,0.029999991161806773,0.029999991161806773,0.029999991161806773,0.0,0.0
L1,4,5,0.6000000000000001,12,18,23,ABABBABABBABABBABABBABABBABABB,11,6,2,6,3,3,0,0,0,0.6221013794184556,0.5018855783332188,0.6221013794184556,0.5018855783332188,-0.12021580108523677,-0.054294153576678196
L1,4,5,0.7000000000000001,9,21,17,ABBABBABBBABBABBABBBABBABBABBB,11,10,8,9,4,5,1,0,1,0.3664118267542629,0.006999115654040311,0.3664118267542629,0.20699911565404033,-0.1594127111002226,-0.07194337129542715
L1,4,5,0.8,6,24,11,ABBBBABBBBABBBBABBBBABBBBABBBB,11,11,7,10,5,5,0,0,0,0.24392025980905485,0.30606781126344,0.24392025980905485,0.30606781126344,0.062147551454385164,0.02808850168427551
L1,4,5,0.9,3,27,5,ABBBBBBBBBABBBBBBBBBABBBBBBBBB,11,15,16,13,6,7,4,1,3,0.3945196193900867,0.2642218235463301,0.5945196193900867,0.8642218235463301,0.26970220415624346,0.12132731829668436
L1,4,5,1.0,0,30,0,BBBBBBBBBBBBBBBBBBBBBBBBBBBBBB,11,22,26,22,11,11,10,5,5,0.6232243999130034,0.49544170596899484,1.6232243999130034,1.4954417059689948,-0.12778269394400854,-0.05770429124361521
L1,5,6,0.0,30,0,0,AAAAAAAAAAAAAAAAAAAAAAAAAAAAAA,11,22,26,22,11,11,10,5,5,0.6232243999130034,0.49544170596899484,1.6232243999130034,1.4954417059689948,-0.12778269394400854,-0.05770429124361521
L1,5,6,0.1,27,3,5,AAAAAAAAABAAAAAAAAABAAAAAAAAAB,11,16,16,14,7,7,5,2,3,0.272422849340329,0.17259764450785392,0.672422849340329,0.772597644507854,0.10017479516752492,0.045256452088308634
L1,5,6,0.2,24,6,11,AAAABAAAABAAAABAAAABAAAABAAAAB,11,10,6,8,4,4,0,0,0,0.11136899573269803,0.06389499339696485,0.11136899573269803,0.06389499339696485,-0.04747400233573318,-0.021458925673350986
L1,5,6,0.30000000000000004,21,9,17,AAABAABAABAAABAABAABAAABAABAAB,11,11,7,11,5,6,2,0,2,0.1952762599162641,0.30000194853837253,0.1952762599162641,0.7000019485383726,0.5047256886221085,0.224298947331569
L1,5,6,0.4,18,12,23,AABABAABABAABABAABABAABABAABAB,11,5,1,4,2,2,0,0,0,0.10356773366404388,0.05150653937238175,0.10356773366404388,0.05150653937238175,-0.05206119429166214,-0.02353167000869424
L1,5,6,0.5,15,15,29,ABABABABABABABABABABABABABABAB,11,0,0,0,0,0,0,0,0,0.029999991161806773,0.029999991161806773,0.029999991161806773,0.029999991161806773,0.0,0.0
L1,5,6,0.6000000000000001,12,18,23,ABABBABABBABABBABABBABABBABABB,11,6,6,6,3,3,0,0,0,0.5380114543506829,0.681428830026423,0.5380114543506829,0.681428830026423,0.1434173756757401,0.0647459504402777
L1,5,6,0.7000000000000001,9,21,17,ABBABBABBBABBABBABBBABBABBABBB,11,12,12,12,6,6,3,3,0,0.006999115654040311,0.7082528299292161,0.6069991156540403,0.7082528299292161,0.10125371427517582,0.04574320398966976
L1,5,6,0.8,6,24,11,ABBBBABBBBABBBBABBBBABBBBABBBB,11,12,8,12,6,6,0,0,0,0.21733177796811962,0.2790835117769769,0.21733177796811962,0.2790835117769769,0.06175173380885726,0.027909699279473395
L1,5,6,0.9,3,27,5,ABBBBBBBBBABBBBBBBBBABBBBBBBBB,11,18,19,18,9,9,7,4,3,0.15690845418421503,0.36387281147822736,0.9569084541842151,0.9638728114782273,0.006964357294012236,0.003148461686738679
L1,5,6,1.0,0,30,0,BBBBBBBBBBBBBBBBBBBBBBBBBBBBBB,11,22,26,22,11,11,10,5,5,0.28219036605145864,0.6934664891521195,1.2821903660514586,1.6934664891521196,0.411276123100661,0.1838178582588432
L1,6,7,0.0,30,0,0,AAAAAAAAAAAAAAAAAAAAAAAAAAAAAA,11,22,26,22,11,11,10,5,5,0.28219036605145864,0.6934664891521195,1.2821903660514586,1.6934664891521196,0.411276123100661,0.1838178582588432
L1,6,7,0.1,27,3,5,AAAAAAAAABAAAAAAAAABAAAAAAAAAB,11,18,17,18,9,9,5,2,3,0.10726370822666884,0.02201243194187432,0.5072637082266689,0.6220124319418743,0.11474872371520539,0.05182953740020447
L1,6,7,0.2,24,6,11,AAAABAAAABAAAABAAAABAAAABAAAAB,11,12,8,12,6,6,0,0,0,0.143480082591473,0.1808874711685985,0.143480082591473,0.1808874711685985,0.0374073885771255,0.016909656925471358
L1,6,7,0.30000000000000004,21,9,17,AAABAABAABAAABAABAABAAABAABAAB,11,12,9,12,6,6,0,0,0,0.3385384908578466,0.4345056324840453,0.3385384908578466,0.4345056324840453,0.09596714162619868,0.04335797556497158
L1,6,7,0.4,18,12,23,AABABAABABAABABAABABAABABAABAB,11,6,4,6,3,3,0,0,0,0.1429245468006479,0.17438637916701213,0.1429245468006479,0.17438637916701213,0.03146183236636424,0.014222421049996761
L1,6,7,0.5,15,15,29,ABABABABABABABABABABABABABABAB,11,0,0,0,0,0,0,0,0,0.029999991161806773,0.029999991161806773,0.029999991161806773,0.029999991161806773,0.0,0.0
L1,6,7,0.6000000000000001,12,18,23,ABABBABABBABABBABABBABABBABABB,11,6,4,4,3,1,0,0,0,0.560823294982452,0.5283729439974892,0.560823294982452,0.5283729439974892,-0.03245035098496274,-0.014669220892830369
L1,6,7,0.7000000000000001,9,21,17,ABBABBABBBABBABBABBBABBABBABBB,11,13,10,9,5,4,2,2,0,0.09705657265193605,0.48519194105641006,0.4970565726519361,0.48519194105641006,-0.011864631595526032,-0.005363754560790765
L1,6,7,0.8,6,24,11,ABBBBABBBBABBBBABBBBABBBBABBBB,11,12,8,8,5,3,0,0,0,0.226449759750727,0.04448678900430369,0.226449759750727,0.04448678900430369,-0.1819629707464233,-0.08207742560213835
L1,6,7,0.9,3,27,5,ABBBBBBBBBABBBBBBBBBABBBBBBBBB,11,21,18,14,7,7,2,2,0,0.29200021102812485,0.37635133024844547,0.6920002110281249,0.37635133024844547,-0.31564888077967945,-0.14173891664791471
L1,6,7,1.0,0,30,0,BBBBBBBBBBBBBBBBBBBBBBBBBBBBBB,11,27,32,22,11,11,10,5,5,0.5506424548267846,0.5394003601071922,1.5506424548267845,1.5394003601071922,-0.011242094719592366,-0.00508232349498853
L1,7,8,0.0,30,0,0,AAAAAAAAAAAAAAAAAAAAAAAAAAAAAA,11,27,32,22,11,11,10,5,5,0.5506424548267846,0.5394003601071922,1.5506424548267845,1.5394003601071922,-0.011242094719592366,-0.00508232349498853
L1,7,8,0.1,27,3,5,AAAAAAAAABAAAAAAAAABAAAAAAAAAB,11,21,22,16,9,7,5,3,2,0.021972293408918916,0.021972293408918916,0.6219722934089189,0.42197229340891895,-0.19999999999999996,-0.09017114259922555
L1,7,8,0.2,24,6,11,AAAABAAAABAAAABAAAABAAAABAAAAB,11,13,9,8,5,3,0,0,0,0.040272309909000784,0.038832104708140615,0.040272309909000784,0.038832104708140615,-0.0014402052008601687,-0.0006510931370755876
L1,7,8,0.30000000000000004,21,9,17,AAABAABAABAAABAABAABAAABAABAAB,11,12,10,8,5,3,1,1,0,0.3530058528822944,0.04365509417473941,0.5530058528822944,0.04365509417473941,-0.509350758707555,-0.22628373802162255
L1,7,8,0.4,18,12,23,AABABAABABAABABAABABAABABAABAB,11,6,3,3,3,0,0,0,0,0.1439557043000912,0.029999991161806773,0.1439557043000912,0.029999991161806773,-0.11395571313828443,-0.05147198671086872
L1,7,8,0.5,15,15,29,ABABABABABABABABABABABABABABAB,11,0,0,0,0,0,0,0,0,0.029999991161806773,0.029999991161806773,0.029999991161806773,0.029999991161806773,0.0,0.0
L1,7,8,0.6000000000000001,12,18,23,ABABBABABBABABBABABBABABBABABB,11,3,4,0,0,0,0,0,0,0.3363667102220547,0.12651305224851592,0.3363667102220547,0.12651305224851592,-0.2098536579735388,-0.0945877967362427
L1,7,8,0.7000000000000001,9,21,17,ABBABBABBBABBABBABBBABBABBABBB,11,6,9,0,0,0,0,0,0,0.3489820265114201,0.17196968873512244,0.3489820265114201,0.17196968873512244,-0.17701233777629763,-0.07985399805430887
L1,7,8,0.8,6,24,11,ABBBBABBBBABBBBABBBBABBBBABBBB,11,6,10,0,0,0,0,0,0,0.1474661402581804,0.1836278112925588,0.1474661402581804,0.1836278112925588,0.03616167103437842,0.01634664411584053
L1,7,8,0.9,3,27,5,ABBBBBBBBBABBBBBBBBBABBBBBBBBB,11,9,20,3,3,0,3,3,0,0.18522472206328447,0.2786164079732692,0.7852247220632844,0.2786164079732692,-0.5066083140900153,-0.22510707799525392
L1,7,8,1.0,0,30,0,BBBBBBBBBBBBBBBBBBBBBBBBBBBBBB,11,11,32,8,5,3,8,5,3,0.3384599818744356,0.5795079117445759,1.3384599818744356,1.179507911744576,-0.15895207012985968,-0.07173619780311442
L1,8,9,0.0,30,0,0,AAAAAAAAAAAAAAAAAAAAAAAAAAAAAA,11,11,32,8,5,3,8,5,3,0.3384599818744356,0.5795079117445759,1.3384599818744356,1.179507911744576,-0.15895207012985968,-0.07173619780311442
L1,8,9,0.1,27,3,5,AAAAAAAAABAAAAAAAAABAAAAAAAAAB,11,9,21,4,3,1,4,3,1,0.12450306295319374,0.18135103436203492,0.7245030629531937,0.38135103436203494,-0.34315202859115873,-0.15390078757027312
L1,8,9,0.2,24,6,11,AAAABAAAABAAAABAAAABAAAABAAAAB,11,6,10,0,0,0,0,0,0,0.10115753367739681,0.1284144938313015,0.10115753367739681,0.1284144938313015,0.027256960153904677,0.012321802481135563
L1,8,9,0.30000000000000004,21,9,17,AAABAABAABAAABAABAABAAABAABAAB,11,6,9,0,0,0,0,0,0,0.22024244204034843,0.09759246239729015,0.22024244204034843,0.09759246239729015,-0.12264997964305828,-0.055391295943388597
L1,8,9,0.4,18,12,23,AABABAABABAABABAABABAABABAABAB,11,3,4,0,0,0,0,0,0,0.09810303059818999,0.12416243857191234,0.09810303059818999,0.12416243857191234,0.026059407973722346,0.011780487356085884
L1,8,9,0.5,15,15,29,ABABABABABABABABABABABABABABAB,11,0,0,0,0,0,0,0,0,0.029999991161806773,0.029999991161806773,0.029999991161806773,0.029999991161806773,0.0,0.0
L1,8,9,0.6000000000000001,12,18,23,ABABBABABBABABBABABBABABBABABB,11,2,7,1,1,0,0,0,0,0.8696158193247838,0.3248146376055623,0.8696158193247838,0.3248146376055623,-0.5448011817192215,-0.2414334275343309
L1,8,9,0.7000000000000001,9,21,17,ABBABBABBBABBABBABBBABBABBABBB,11,3,14,1,1,0,1,1,0,0.0037973971192383875,0.3369542721684604,0.2037973971192384,0.3369542721684604,0.13315687504922202,0.060125436493282364
L1,8,9,0.8,6,24,11,ABBBBABBBBABBBBABBBBABBBBABBBB,11,4,14,1,1,0,1,1,0,0.23960060771529149,0.1430368814649819,0.4396006077152915,0.1430368814649819,-0.29656372625030963,-0.1332740258646902
L1,8,9,0.9,3,27,5,ABBBBBBBBBABBBBBBBBBABBBBBBBBB,11,6,21,5,3,2,2,2,0,0.3844195399889844,0.23406175351949832,0.7844195399889844,0.23406175351949832,-0.5503577864694861,-0.24379761122181284
L1,8,9,1.0,0,30,0,BBBBBBBBBBBBBBBBBBBBBBBBBBBBBB,11,11,27,10,5,5,5,5,0,0.2963402267493631,0.5159645711637679,1.2963402267493631,0.5159645711637679,-0.7803756555855952,-0.3388520281849866
L1,9,1,0.0,30,0,0,AAAAAAAAAAAAAAAAAAAAAAAAAAAAAA,11,11,27,10,5,5,5,5,0,0.2963402267493631,0.5159645711637679,1.2963402267493631,0.5159645711637679,-0.7803756555855952,-0.3388520281849866
L1,9,1,0.1,27,3,5,AAAAAAAAABAAAAAAAAABAAAAAAAAAB,11,7,22,7,5,2,4,4,0,0.021972293408918916,0.1542357998566784,0.821972293408919,0.1542357998566784,-0.6677364935522405,-0.2930255020286399
L1,9,1,0.2,24,6,11,AAAABAAAABAAAABAAAABAAAABAAAAB,11,3,14,2,2,0,1,1,0,0.0861440075876405,0.09847441881141969,0.2861440075876405,0.09847441881141969,-0.18766958877622084,-0.08463936634686527
L1,9,1,0.30000000000000004,21,9,17,AAABAABAABAAABAABAABAAABAABAAB,11,4,13,1,1,0,1,1,0,0.18587828370691145,0.2130690303393988,0.38587828370691146,0.2130690303393988,-0.17280925336751266,-0.07796568463473787
L1,9,1,0.4,18,12,23,AABABAABABAABABAABABAABABAABAB,11,1,6,0,0,0,0,0,0,0.0890097087389409,0.09553509091013845,0.0890097087389409,0.09553509091013845,0.006525382171197552,0.0029500100552348873
L1,9,1,0.5,15,15,29,ABABABABABABABABABABABABABABAB,11,0,0,0,0,0,0,0,0,0.029999991161806773,0.029999991161806773,0.029999991161806773,0.029999991161806773,0.0,0.0
L1,9,1,0.6000000000000001,12,18,23,ABABBABABBABABBABABBABABBABABB,11,1,0,0,0,0,0,0,0,0.029999991161806773,0.029999991161806773,0.029999991161806773,0.029999991161806773,0.0,0.0
L1,9,1,0.7000000000000001,9,21,17,ABBABBABBBABBABBABBBABBABBABBB,11,3,6,0,0,0,0,0,0,0.30159707786699486,0.3608418382492993,0.30159707786699486,0.3608418382492993,0.05924476038230442,0.0267771850684742
L1,9,1,0.8,6,24,11,ABBBBABBBBABBBBABBBBABBBBABBBB,11,3,6,0,0,0,0,0,0,0.13585511554254137,0.15894579576763193,0.13585511554254137,0.15894579576763193,0.02309068022509056,0.010438539915927731
L1,9,1,0.9,3,27,5,ABBBBBBBBBABBBBBBBBBABBBBBBBBB,11,6,8,0,0,0,0,0,0,0.07119876290028086,0.080185646335966,0.07119876290028086,0.080185646335966,0.008986883435685142,0.00406280074349077
L1,9,1,1.0,0,30,0,BBBBBBBBBBBBBBBBBBBBBBBBBBBBBB,11,11,10,4,2,2,0,0,0,0.1195693831532578,0.1384605359583034,0.1195693831532578,0.1384605359583034,0.018891152805045608,0.008540173746338375
L5,1,2,0.0,30,0,0,AAAAAAAAAAAAAAAAAAAAAAAAAAAAAA,69,11,10,4,2,2,0,0,0,0.1195693831532578,0.1384605359583034,0.1195693831532578,0.1384605359583034,0.018891152805045608,0.008540173746338375
L5,1,2,0.1,27,3,5,AAAAAAAAABAAAAAAAAABAAAAAAAAAB,69,9,5,0,0,0,0,0,0,0.054511187700552806,0.03022429973552817,0.054511187700552806,0.03022429973552817,-0.024286887965024637,-0.010979263850582652
L5,1,2,0.2,24,6,11,AAAABAAAABAAAABAAAABAAAABAAAAB,69,6,1,0,0,0,0,0,0,0.03522125134409641,0.029999991161806773,0.03522125134409641,0.029999991161806773,-0.00522126018228964,-0.002360441995497439
L5,1,2,0.30000000000000004,21,9,17,AAABAABAABAAABAABAABAAABAABAAB,69,6,0,0,0,0,0,0,0,0.029999991161806773,0.029999991161806773,0.029999991161806773,0.029999991161806773,0.0,0.0
L5,1,2,0.4,18,12,23,AABABAABABAABABAABABAABABAABAB,69,3,0,0,0,0,0,0,0,0.029999991161806773,0.029999991161806773,0.029999991161806773,0.029999991161806773,0.0,0.0
L5,1,2,0.5,15,15,29,ABABABABABABABABABABABABABABAB,69,0,0,0,0,0,0,0,0,0.029999991161806773,0.029999991161806773,0.029999991161806773,0.029999991161806773,0.0,0.0
L5,1,2,0.6000000000000001,12,18,23,ABABBABABBABABBABABBABABBABABB,69,3,3,0,0,0,0,0,0,0.34378672731585125,0.029999991161806773,0.34378672731585125,0.029999991161806773,-0.31378673615404445,-0.140913885854544
L5,1,2,0.7000000000000001,9,21,17,ABBABBABBBABBABBABBBABBABBABBB,69,6,8,0,0,0,0,0,0,0.35670757895447996,0.030297909691148938,0.35670757895447996,0.030297909691148938,-0.32640966926333104,-0.14650263794680066
L5,1,2,0.8,6,24,11,ABBBBABBBBABBBBABBBBABBBBABBBB,69,6,7,0,0,0,0,0,0,0.15031109951782537,0.030000714370966044,0.15031109951782537,0.030000714370966044,-0.12031038514685932,-0.05433678733580606
L5,1,2,0.9,3,27,5,ABBBBBBBBBABBBBBBBBBABBBBBBBBB,69,12,13,9,6,3,0,0,0,0.41212750633024675,0.2147530709620302,0.41212750633024675,0.2147530709620302,-0.19737443536821656,-0.08899369337399644
L5,1,2,1.0,0,30,0,BBBBBBBBBBBBBBBBBBBBBBBBBBBBBB,69,14,23,14,7,7,1,0,1,0.7463878669654325,0.7811201618800339,0.7463878669654325,0.9811201618800338,0.23473229491460135,0.10572207986816923
L5,2,3,0.0,30,0,0,AAAAAAAAAAAAAAAAAAAAAAAAAAAAAA,69,14,23,14,7,7,1,0,1,0.7463878669654325,0.7811201618800339,0.7463878669654325,0.9811201618800338,0.23473229491460135,0.10572207986816923
L5,2,3,0.1,27,3,5,AAAAAAAAABAAAAAAAAABAAAAAAAAAB,69,12,14,10,6,4,0,0,0,0.2626448415144249,0.14248354898426674,0.2626448415144249,0.14248354898426674,-0.12016129253015817,-0.054269583759383684
L5,2,3,0.2,24,6,11,AAAABAAAABAAAABAAAABAAAABAAAAB,69,6,8,0,0,0,0,0,0,0.10288092642527034,0.03567290701735102,0.10288092642527034,0.03567290701735102,-0.06720801940791932,-0.030374300697021784
L5,2,3,0.30000000000000004,21,9,17,AAABAABAABAAABAABAABAAABAABAAB,69,6,7,0,0,0,0,0,0,0.22484999942064895,0.030000433674599977,0.22484999942064895,0.030000433674599977,-0.19484956574604897,-0.08786116670013368
L5,2,3,0.4,18,12,23,AABABAABABAABABAABABAABABAABAB,69,3,3,0,0,0,0,0,0,0.09975244512437455,0.029999991161806773,0.09975244512437455,0.029999991161806773,-0.06975245396256777,-0.03152349604545709
L5,2,3,0.5,15,15,29,ABABABABABABABABABABABABABABAB,69,0,0,0,0,0,0,0,0,0.029999991161806773,0.029999991161806773,0.029999991161806773,0.029999991161806773,0.0,0.0
L5,2,3,0.6000000000000001,12,18,23,ABABBABABBABABBABABBABABBABABB,69,0,0,0,0,0,0,0,0,0.029999991161806773,0.029999991161806773,0.029999991161806773,0.029999991161806773,0.0,0.0
L5,2,3,0.7000000000000001,9,21,17,ABBABBABBBABBABBABBBABBABBABBB,69,4,8,3,2,1,0,0,0,0.757182255522474,0.13544400692899541,0.757182255522474,0.13544400692899541,-0.6217382485934786,-0.27390222190572344
L5,2,3,0.8,6,24,11,ABBBBABBBBABBBBABBBBABBBBABBBB,69,3,5,1,1,0,0,0,0,0.1156777906720771,0.03000271565601157,0.1156777906720771,0.03000271565601157,-0.08567507501606553,-0.038712943929652535
L5,2,3,0.9,3,27,5,ABBBBBBBBBABBBBBBBBBABBBBBBBBB,69,9,15,6,4,2,3,1,2,0.14008747077048556,0.026593265423698168,0.34008747077048557,0.4265932654236982,0.08650579465321262,0.03908793038786551
L5,2,3,1.0,0,30,0,BBBBBBBBBBBBBBBBBBBBBBBBBBBBBB,69,14,31,10,5,5,7,2,5,0.24214986265030883,0.2820859486997002,0.6421498626503088,1.2820859486997003,0.6399360860493915,0.28149468140279543
L5,3,4,0.0,30,0,0,AAAAAAAAAAAAAAAAAAAAAAAAAAAAAA,69,14,31,10,5,5,7,2,5,0.24214986265030883,0.2820859486997002,0.6421498626503088,1.2820859486997003,0.6399360860493915,0.28149468140279543
L5,3,4,0.1,27,3,5,AAAAAAAAABAAAAAAAAABAAAAAAAAAB,69,9,16,5,3,2,2,0,2,0.15551582358608007,0.08593248020520729,0.15551582358608007,0.4859324802052073,0.3304166566191272,0.14827477905977307
L5,3,4,0.2,24,6,11,AAAABAAAABAAAABAAAABAAAABAAAAB,69,4,6,2,1,1,0,0,0,0.08190111599841442,0.041089683197822406,0.08190111599841442,0.041089683197822406,-0.04081143280059201,-0.018448088395295235
L5,3,4,0.30000000000000004,21,9,17,AAABAABAABAAABAABAABAAABAABAAB,69,4,6,2,2,0,0,0,0,0.18872883021550274,0.03306218425811512,0.18872883021550274,0.03306218425811512,-0.1556666459573876,-0.07025839827522226
L5,3,4,0.4,18,12,23,AABABAABABAABABAABABAABABAABAB,69,0,0,0,0,0,0,0,0,0.029999991161806773,0.029999991161806773,0.029999991161806773,0.029999991161806773,0.0,0.0
L5,3,4,0.5,15,15,29,ABABABABABABABABABABABABABABAB,69,0,0,0,0,0,0,0,0,0.029999991161806773,0.029999991161806773,0.029999991161806773,0.029999991161806773,0.0,0.0
L5,3,4,0.6000000000000001,12,18,23,ABABBABABBABABBABABBABABBABABB,69,0,5,0,0,0,0,0,0,0.332574832764608,0.03211206684489363,0.332574832764608,0.03211206684489363,-0.3004627659197143,-0.13500500065151277
L5,3,4,0.7000000000000001,9,21,17,ABBABBABBBABBABBABBBABBABBABBB,69,3,14,3,2,1,3,2,1,0.006999115654040311,0.07381013362542972,0.40699911565404034,0.2738101336254297,-0.13318898202861063,-0.060139899048346046
L5,3,4,0.8,6,24,11,ABBBBABBBBABBBBABBBBABBBBABBBB,69,2,10,2,1,1,0,0,0,0.26347524507496106,0.030001511045493586,0.26347524507496106,0.030001511045493586,-0.23347373402946747,-0.10515943080193625
L5,3,4,0.9,3,27,5,ABBBBBBBBBABBBBBBBBBABBBBBBBBB,69,8,20,8,4,4,5,2,3,0.18324452980477648,0.026593265423698168,0.5832445298047765,0.6265932654236982,0.04334873561892172,0.019594746370243582
L5,3,4,1.0,0,30,0,BBBBBBBBBBBBBBBBBBBBBBBBBBBBBB,69,16,32,10,5,5,10,5,5,0.3345249768053443,0.3497973694290397,1.3345249768053442,1.3497973694290397,0.015272392623695508,0.006904289345431059
L5,4,5,0.0,30,0,0,AAAAAAAAAAAAAAAAAAAAAAAAAAAAAA,69,16,32,10,5,5,10,5,5,0.3345249768053443,0.3497973694290397,1.3345249768053442,1.3497973694290397,0.015272392623695508,0.006904289345431059
L5,4,5,0.1,27,3,5,AAAAAAAAABAAAAAAAAABAAAAAAAAAB,69,7,21,6,3,3,6,3,3,0.12329749317553344,0.027925930561513157,0.7232974931755334,0.6279259305615131,-0.09537156261402024,-0.043089227067976896
L5,4,5,0.2,24,6,11,AAAABAAAABAAAABAAAABAAAABAAAAB,69,3,12,2,1,1,0,0,0,0.17583154134737183,0.10959528863198101,0.17583154134737183,0.10959528863198101,-0.06623625271539083,-0.029935380347191756
L5,4,5,0.30000000000000004,21,9,17,AAABAABAABAAABAABAABAAABAABAAB,69,1,11,0,0,0,0,0,0,0.41470340858680294,0.03000892321463222,0.41470340858680294,0.03000892321463222,-0.3846944853721707,-0.17218163717521853
L5,4,5,0.4,18,12,23,AABABAABABAABABAABABAABABAABAB,69,0,4,0,0,0,0,0,0,0.09726012448614699,0.10009035576133031,0.09726012448614699,0.10009035576133031,0.002830231275183323,0.0012795005970690947
L5,4,5,0.5,15,15,29,ABABABABABABABABABABABABABABAB,69,0,0,0,0,0,0,0,0,0.029999991161806773,0.029999991161806773,0.029999991161806773,0.029999991161806773,0.0,0.0
L5,4,5,0.6000000000000001,12,18,23,ABABBABABBABABBABABBABABBABABB,69,0,3,0,0,0,0,0,0,0.36148103231819445,0.029999991161806773,0.36148103231819445,0.029999991161806773,-0.33148104115638766,-0.14874535712064169
L5,4,5,0.7000000000000001,9,21,17,ABBABBABBBABBABBABBBABBABBABBB,69,2,11,2,0,2,2,0,2,0.3751304854668365,0.33833114661070146,0.3751304854668365,0.7383311466107014,0.3632006611438649,0.1627372018374916
L5,4,5,0.8,6,24,11,ABBBBABBBBABBBBABBBBABBBBABBBB,69,1,6,0,0,0,0,0,0,0.15709539343831883,0.030000201350071542,0.15709539343831883,0.030000201350071542,-0.1270951920882473,-0.05739451227198582
L5,4,5,0.9,3,27,5,ABBBBBBBBBABBBBBBBBBABBBBBBBBB,69,7,18,6,3,3,4,2,2,0.19821005927356597,0.026593265423698168,0.598210059273566,0.4265932654236982,-0.17161679384986778,-0.07742984765680665
L5,4,5,1.0,0,30,0,BBBBBBBBBBBBBBBBBBBBBBBBBBBBBB,69,16,26,10,5,5,10,5,5,0.36426422766257677,0.12030439511326933,1.3642642276625767,1.1203043951132694,-0.2439598325493073,-0.10984522959138093
L5,5,6,0.0,30,0,0,AAAAAAAAAAAAAAAAAAAAAAAAAAAAAA,69,16,26,10,5,5,10,5,5,0.36426422766257677,0.12030439511326933,1.3642642276625767,1.1203043951132694,-0.2439598325493073,-0.10984522959138093
L5,5,6,0.1,27,3,5,AAAAAAAAABAAAAAAAAABAAAAAAAAAB,69,7,18,5,2,3,5,2,3,0.269270908503222,0.027925930561513157,0.669270908503222,0.6279259305615131,-0.04134497794170888,-0.01868921226393389
L5,5,6,0.2,24,6,11,AAAABAAAABAAAABAAAABAAAABAAAAB,69,3,7,0,0,0,0,0,0,0.10699065239142681,0.0566991234068586,0.10699065239142681,0.0566991234068586,-0.050291528984568214,-0.022732061380041114
L5,5,6,0.30000000000000004,21,9,17,AAABAABAABAAABAABAABAAABAABAAB,69,1,9,0,0,0,0,0,0,0.24441833835878612,0.0392965073849179,0.24441833835878612,0.0392965073849179,-0.2051218309738682,-0.0924673282160978
L5,5,6,0.4,18,12,23,AABABAABABAABABAABABAABABAABAB,69,1,3,0,0,0,0,0,0,0.1036857573166072,0.05082753961084673,0.1036857573166072,0.05082753961084673,-0.05285821770576047,-0.023891788672584784
L5,5,6,0.5,15,15,29,ABABABABABABABABABABABABABABAB,69,0,0,0,0,0,0,0,0,0.029999991161806773,0.029999991161806773,0.029999991161806773,0.029999991161806773,0.0,0.0
L5,5,6,0.6000000000000001,12,18,23,ABABBABABBABABBABABBABABBABABB,69,0,3,0,0,0,0,0,0,0.029999991161806773,0.3167998076058975,0.029999991161806773,0.3167998076058975,0.2867998164440907,0.1289358010732104
L5,5,6,0.7000000000000001,9,21,17,ABBABBABBBABBABBABBBABBABBABBB,69,3,10,2,1,1,0,0,0,0.5502867865881388,0.3286244390653423,0.5502867865881388,0.3286244390653423,-0.2216623475227965,-0.09987582887486554
L5,5,6,0.8,6,24,11,ABBBBABBBBABBBBABBBBABBBBABBBB,69,2,9,2,1,1,0,0,0,0.03917018732168764,0.13996467348340919,0.03917018732168764,0.13996467348340919,0.10079448616172154,0.0455360269124138
L5,5,6,0.9,3,27,5,ABBBBBBBBBABBBBBBBBBABBBBBBBBB,69,8,19,8,4,4,4,1,3,0.026593265423698168,0.17507736817407044,0.22659326542369818,0.7750773681740704,0.5484841027503722,0.24300073211048193
L5,5,6,1.0,0,30,0,BBBBBBBBBBBBBBBBBBBBBBBBBBBBBB,69,22,26,22,11,11,10,5,5,0.28219036605145864,0.6934664891521195,1.2821903660514586,1.6934664891521196,0.411276123100661,0.1838178582588432
L5,6,7,0.0,30,0,0,AAAAAAAAAAAAAAAAAAAAAAAAAAAAAA,69,22,26,22,11,11,10,5,5,0.28219036605145864,0.6934664891521195,1.2821903660514586,1.6934664891521196,0.411276123100661,0.1838178582588432
L5,6,7,0.1,27,3,5,AAAAAAAAABAAAAAAAAABAAAAAAAAAB,69,10,18,10,5,5,4,1,3,0.07746390518907885,0.11832520667711824,0.2774639051890789,0.7183252066771182,0.4408613014880393,0.1967084457489976
L5,6,7,0.2,24,6,11,AAAABAAAABAAAABAAAABAAAABAAAAB,69,5,9,4,2,2,0,0,0,0.04451538835799082,0.10298653167643033,0.04451538835799082,0.10298653167643033,0.058471143318439514,0.026427692950510687
L5,6,7,0.30000000000000004,21,9,17,AAABAABAABAAABAABAABAAABAABAAB,69,2,8,2,1,1,0,0,0,0.03863912311072891,0.2080926132218093,0.03863912311072891,0.2080926132218093,0.1694534901110804,0.0764576435361962
L5,6,7,0.4,18,12,23,AABABAABABAABABAABABAABABAABAB,69,1,3,0,0,0,0,0,0,0.029999991161806773,0.09375345390590586,0.029999991161806773,0.09375345390590586,0.0637534627440991,0.02881392021418766
L5,6,7,0.5,15,15,29,ABABABABABABABABABABABABABABAB,69,0,0,0,0,0,0,0,0,0.029999991161806773,0.029999991161806773,0.029999991161806773,0.029999991161806773,0.0,0.0
L5,6,7,0.6000000000000001,12,18,23,ABABBABABBABABBABABBABABBABABB,69,1,6,0,0,0,0,0,0,0.029999991161806773,0.5117340708654445,0.029999991161806773,0.5117340708654445,0.48173407970363774,0.21440503537463665
L5,6,7,0.7000000000000001,9,21,17,ABBABBABBBABBABBABBBABBABBABBB,69,6,11,3,0,3,0,0,0,0.029999991161806773,0.5887103510523897,0.029999991161806773,0.5887103510523897,0.5587103598905829,0.24734595085156322
L5,6,7,0.8,6,24,11,ABBBBABBBBABBBBABBBBABBBBABBBB,69,3,11,1,0,1,0,0,0,0.029999991161806773,0.21136820065397574,0.029999991161806773,0.21136820065397574,0.18136820949216897,0.08181034925093042
L5,6,7,0.9,3,27,5,ABBBBBBBBBABBBBBBBBBABBBBBBBBB,69,9,19,7,3,4,1,0,1,0.09935580998206188,0.36090409112256494,0.09935580998206188,0.5609040911225649,0.461548281140503,0.20568204328026318
L5,6,7,1.0,0,30,0,BBBBBBBBBBBBBBBBBBBBBBBBBBBBBB,69,22,32,16,5,11,5,0,5,0.2476636985242167,0.7881214961862294,0.2476636985242167,1.7881214961862293,1.5404577976620126,0.602087807635967
L5,7,8,0.0,30,0,0,AAAAAAAAAAAAAAAAAAAAAAAAAAAAAA,69,22,32,16,5,11,5,0,5,0.2476636985242167,0.7881214961862294,0.2476636985242167,1.7881214961862293,1.5404577976620126,0.602087807635967
L5,7,8,0.1,27,3,5,AAAAAAAAABAAAAAAAAABAAAAAAAAAB,69,10,19,7,2,5,3,0,3,0.0303173210018066,0.17706539506789828,0.0303173210018066,0.7770653950678983,0.7467480740660917,0.3253264741637389
L5,7,8,0.2,24,6,11,AAAABAAAABAAAABAAAABAAAABAAAAB,69,7,10,3,0,3,0,0,0,0.029999991161806773,0.15077058635995652,0.029999991161806773,0.15077058635995652,0.12077059519814975,0.05454422415417282
L5,7,8,0.30000000000000004,21,9,17,AAABAABAABAAABAABAABAAABAABAAB,69,5,10,2,0,2,0,0,0,0.029999991161806773,0.18123420874692237,0.029999991161806773,0.18123420874692237,0.1512342175851156,0.06826418315759754
L5,7,8,0.4,18,12,23,AABABAABABAABABAABABAABABAABAB,69,2,6,1,0,1,0,0,0,0.029999991161806773,0.20574498824813087,0.029999991161806773,0.20574498824813087,0.1757449970863241,0.07928468152960445
L5,7,8,0.5,15,15,29,ABABABABABABABABABABABABABABAB,69,0,0,0,0,0,0,0,0,0.029999991161806773,0.029999991161806773,0.029999991161806773,0.029999991161806773,0.0,0.0
L5,7,8,0.6000000000000001,12,18,23,ABABBABABBABABBABABBABABBABABB,69,3,3,0,0,0,0,0,0,0.029999991161806773,0.4558031052331464,0.029999991161806773,0.4558031052331464,0.4258031140713396,0.19015562486711488
L5,7,8,0.7000000000000001,9,21,17,ABBABBABBBABBABBABBBABBABBABBB,69,6,6,0,0,0,0,0,0,0.029999991161806773,0.47333647497214343,0.029999991161806773,0.47333647497214343,0.44333648381033663,0.19778389962804513
L5,7,8,0.8,6,24,11,ABBBBABBBBABBBBABBBBABBBBABBBB,69,6,6,0,0,0,0,0,0,0.029999991161806773,0.1932600614351972,0.029999991161806773,0.1932600614351972,0.16326007027339043,0.07367347874903105
L5,7,8,0.9,3,27,5,ABBBBBBBBBABBBBBBBBBABBBBBBBBB,69,9,17,5,2,3,4,1,3,0.07095467192334841,0.2470431740920411,0.27095467192334843,0.8470431740920411,0.5760885021686927,0.2547072156150272
L5,7,8,1.0,0,30,0,BBBBBBBBBBBBBBBBBBBBBBBBBBBBBB,69,14,27,14,7,7,8,3,5,0.023230193801032206,0.4613384289748139,0.6232301938010322,1.461338428974814,0.8381082351737817,0.3617474820766832
L5,8,9,0.0,30,0,0,AAAAAAAAAAAAAAAAAAAAAAAAAAAAAA,69,14,27,14,7,7,8,3,5,0.023230193801032206,0.4613384289748139,0.6232301938010322,1.461338428974814,0.8381082351737817,0.3617474820766832
L5,8,9,0.1,27,3,5,AAAAAAAAABAAAAAAAAABAAAAAAAAAB,69,10,17,7,3,4,4,1,3,0.05493379847974001,0.16213903347444092,0.25493379847974,0.7621390334744409,0.5072052349947009,0.22536324603429964
L5,8,9,0.2,24,6,11,AAAABAAAABAAAABAAAABAAAABAAAAB,69,6,7,1,0,1,1,0,1,0.029999991161806773,0.1203291554502526,0.029999991161806773,0.32032915545025265,0.29032916428844585,0.13050451218672451
L5,8,9,0.30000000000000004,21,9,17,AAABAABAABAAABAABAABAAABAABAAB,69,6,6,0,0,0,0,0,0,0.029999991161806773,0.2944080452126024,0.029999991161806773,0.2944080452126024,0.2644080540507956,0.11896847069618263
L5,8,9,0.4,18,12,23,AABABAABABAABABAABABAABABAABAB,69,3,3,0,0,0,0,0,0,0.029999991161806773,0.12465285149430463,0.029999991161806773,0.12465285149430463,0.09465286033249787,0.04276491224662103
L5,8,9,0.5,15,15,29,ABABABABABABABABABABABABABABAB,69,0,0,0,0,0,0,0,0,0.029999991161806773,0.029999991161806773,0.029999991161806773,0.029999991161806773,0.0,0.0
L5,8,9,0.6000000000000001,12,18,23,ABABBABABBABABBABABBABABBABABB,69,3,2,0,0,0,0,0,0,0.029999991161806773,0.3248016062960731,0.029999991161806773,0.3248016062960731,0.2948016151342663,0.13249147088215857
L5,8,9,0.7000000000000001,9,21,17,ABBABBABBBABBABBABBBABBABBABBB,69,6,6,0,0,0,0,0,0,0.03161415821666321,0.29828991938232774,0.03161415821666321,0.29828991938232774,0.26667576116566455,0.11997903033567356
L5,8,9,0.8,6,24,11,ABBBBABBBBABBBBABBBBABBBBABBBB,69,6,5,0,0,0,0,0,0,0.030000582714934592,0.03857310845932278,0.030000582714934592,0.03857310845932278,0.008572525744388191,0.003875479356197918
L5,8,9,0.9,3,27,5,ABBBBBBBBBABBBBBBBBBABBBBBBBBB,69,9,10,6,3,3,0,0,0,0.09971416558095703,0.3334167450080175,0.09971416558095703,0.3334167450080175,0.23370257942706046,0.10526174286915363
L5,8,9,1.0,0,30,0,BBBBBBBBBBBBBBBBBBBBBBBBBBBBBB,69,14,22,14,7,7,3,0,3,0.6793472478020163,0.6880234244156312,0.6793472478020163,1.2880234244156312,0.608676176613615,0.26843130605858406
L5,9,1,0.0,30,0,0,AAAAAAAAAAAAAAAAAAAAAAAAAAAAAA,69,14,22,14,7,7,3,0,3,0.6793472478020163,0.6880234244156312,0.6793472478020163,1.2880234244156312,0.608676176613615,0.26843130605858406
L5,9,1,0.1,27,3,5,AAAAAAAAABAAAAAAAAABAAAAAAAAAB,69,10,12,8,4,4,1,0,1,0.07244577598717633,0.21472063432382982,0.07244577598717633,0.41472063432382983,0.3422748583366535,0.1535136021959806
L5,9,1,0.2,24,6,11,AAAABAAAABAAAABAAAABAAAABAAAAB,69,6,7,0,0,0,0,0,0,0.03464018559954532,0.09804771761533022,0.03464018559954532,0.09804771761533022,0.0634075320157849,0.02865765972502299
L5,9,1,0.30000000000000004,21,9,17,AAABAABAABAAABAABAABAAABAABAAB,69,6,5,0,0,0,0,0,0,0.03000035311771341,0.21190414319637155,0.03000035311771341,0.21190414319637155,0.18190379007865815,0.08205085116918477
L5,9,1,0.4,18,12,23,AABABAABABAABABAABABAABABAABAB,69,3,2,0,0,0,0,0,0,0.029999991161806773,0.09510192465352342,0.029999991161806773,0.09510192465352342,0.06510193349171664,0.029423024888310688
L5,9,1,0.5,15,15,29,ABABABABABABABABABABABABABABAB,69,0,0,0,0,0,0,0,0,0.029999991161806773,0.029999991161806773,0.029999991161806773,0.029999991161806773,0.0,0.0
L5,9,1,0.6000000000000001,12,18,23,ABABBABABBABABBABABBABABBABABB,69,3,0,0,0,0,0,0,0,0.029999991161806773,0.029999991161806773,0.029999991161806773,0.029999991161806773,0.0,0.0
L5,9,1,0.7000000000000001,9,21,17,ABBABBABBBABBABBABBBABBABBABBB,69,6,2,0,0,0,0,0,0,0.0318164330708815,0.029999991161806773,0.0318164330708815,0.029999991161806773,-0.0018164419090747272,-0.0008211835101463006
L5,9,1,0.8,6,24,11,ABBBBABBBBABBBBABBBBABBBBABBBB,69,6,0,0,0,0,0,0,0,0.029999991161806773,0.029999991161806773,0.029999991161806773,0.029999991161806773,0.0,0.0
L5,9,1,0.9,3,27,5,ABBBBBBBBBABBBBBBBBBABBBBBBBBB,69,9,4,0,0,0,0,0,0,0.07026790701295527,0.03036527183114368,0.07026790701295527,0.03036527183114368,-0.039902635181811585,-0.018037372583818184
L5,9,1,1.0,0,30,0,BBBBBBBBBBBBBBBBBBBBBBBBBBBBBB,69,11,10,4,2,2,0,0,0,0.1195693831532578,0.1384605359583034,0.1195693831532578,0.1384605359583034,0.018891152805045608,0.008540173746338375
R5,1,2,0.0,30,0,0,AAAAAAAAAAAAAAAAAAAAAAAAAAAAAA,101,11,12,4,2,2,2,2,0,0.10895212264204802,0.1384605359583034,0.508952122642048,0.1384605359583034,-0.3704915866837446,-0.16594428605792094
R5,1,2,0.1,27,3,5,AAAAAAAAABAAAAAAAAABAAAAAAAAAB,101,9,3,0,0,0,0,0,0,0.030184132181699,0.0300019115641655,0.030184132181699,0.0300019115641655,-0.00018222061753349686,-8.237896234201756e-05
R5,1,2,0.2,24,6,11,AAAABAAAABAAAABAAAABAAAABAAAAB,101,6,1,0,0,0,0,0,0,0.03522125134409641,0.029999991161806773,0.03522125134409641,0.029999991161806773,-0.00522126018228964,-0.002360441995497439
R5,1,2,0.30000000000000004,21,9,17,AAABAABAABAAABAABAABAAABAABAAB,101,6,0,0,0,0,0,0,0,0.029999991161806773,0.029999991161806773,0.029999991161806773,0.029999991161806773,0.0,0.0
R5,1,2,0.4,18,12,23,AABABAABABAABABAABABAABABAABAB,101,3,0,0,0,0,0,0,0,0.029999991161806773,0.029999991161806773,0.029999991161806773,0.029999991161806773,0.0,0.0
R5,1,2,0.5,15,15,29,ABABABABABABABABABABABABABABAB,101,0,0,0,0,0,0,0,0,0.029999991161806773,0.029999991161806773,0.029999991161806773,0.029999991161806773,0.0,0.0
R5,1,2,0.6000000000000001,12,18,23,ABABBABABBABABBABABBABABBABABB,101,5,3,3,2,1,0,0,0,0.6044106005990821,0.03178663732125051,0.6044106005990821,0.03178663732125051,-0.5726239632778316,-0.25324198328410163
R5,1,2,0.7000000000000001,9,21,17,ABBABBABBBABBABBABBBABBABBABBB,101,9,7,6,3,3,1,1,0,0.0037973971192383875,0.3097311108156804,0.2037973971192384,0.3097311108156804,0.105933713696442,0.04785432067610721
R5,1,2,0.8,6,24,11,ABBBBABBBBABBBBABBBBABBBBABBBB,101,8,7,4,2,2,1,1,0,0.15756641037432875,0.03780476202886019,0.3575664103743288,0.03780476202886019,-0.3197616483454686,-0.14356039601830628
R5,1,2,0.9,3,27,5,ABBBBBBBBBABBBBBBBBBABBBBBBBBB,101,13,15,10,6,4,2,2,0,0.016814199609346717,0.11103988573989412,0.41681419960934674,0.11103988573989412,-0.30577431386945264,-0.1373617298356449
R5,1,2,1.0,0,30,0,BBBBBBBBBBBBBBBBBBBBBBBBBBBBBB,101,22,30,22,11,11,5,5,0,0.6050540095996468,0.855189219372874,1.6050540095996468,0.855189219372874,-0.7498647902267729,-0.32658578598765525
R5,2,3,0.0,30,0,0,AAAAAAAAAAAAAAAAAAAAAAAAAAAAAA,101,22,30,22,11,11,5,5,0,0.6050540095996468,0.855189219372874,1.6050540095996468,0.855189219372874,-0.7498647902267729,-0.32658578598765525
R5,2,3,0.1,27,3,5,AAAAAAAAABAAAAAAAAABAAAAAAAAAB,101,15,17,14,8,6,3,3,0,0.20616925898574234,0.12126766642469002,0.8061692589857423,0.12126766642469002,-0.6849015925610523,-0.30010301768306863
R5,2,3,0.2,24,6,11,AAAABAAAABAAAABAAAABAAAABAAAAB,101,10,8,8,4,4,1,1,0,0.09644730868276766,0.0352217236069276,0.2964473086827677,0.0352217236069276,-0.2612255850758401,-0.11754984988877286
R5,2,3,0.30000000000000004,21,9,17,AAABAABAABAAABAABAABAAABAABAAB,101,9,7,5,3,2,0,0,0,0.2260109610946977,0.030008040001597815,0.2260109610946977,0.030008040001597815,-0.19600292109309989,-0.08837853095838497
R5,2,3,0.4,18,12,23,AABABAABABAABABAABABAABABAABAB,101,5,3,3,2,1,0,0,0,0.16702822827471914,0.03039714866692653,0.16702822827471914,0.03039714866692653,-0.1366310796077926,-0.06169024058614612
R5,2,3,0.5,15,15,29,ABABABABABABABABABABABABABABAB,101,0,0,0,0,0,0,0,0,0.029999991161806773,0.029999991161806773,0.029999991161806773,0.029999991161806773,0.0,0.0
R5,2,3,0.6000000000000001,12,18,23,ABABBABABBABABBABABBABABBABABB,101,0,6,0,0,0,0,0,0,0.5889884603431259,0.029999991161806773,0.5889884603431259,0.029999991161806773,-0.5589884691813192,-0.24746398376242446
R5,2,3,0.7000000000000001,9,21,17,ABBABBABBBABBABBABBBABBABBABBB,101,2,13,2,2,0,2,2,0,0.635234162498264,0.030010357470497403,1.0352341624982642,0.030010357470497403,-1.0052238050277669,-0.42554614252705414
R5,2,3,0.8,6,24,11,ABBBBABBBBABBBBABBBBABBBBABBBB,101,0,12,0,0,0,0,0,0,0.24015905150408845,0.029999991161806773,0.24015905150408845,0.029999991161806773,-0.21015906034228168,-0.09472462709844202
R5,2,3,0.9,3,27,5,ABBBBBBBBBABBBBBBBBBABBBBBBBBB,101,6,22,6,3,3,4,3,1,0.310370339910135,0.11483065205955478,0.910370339910135,0.3148306520595548,-0.5955396878505803,-0.26291170181463347
R5,2,3,1.0,0,30,0,BBBBBBBBBBBBBBBBBBBBBBBBBBBBBB,101,15,43,10,5,5,10,5,5,0.5871472689224776,0.28205209966870537,1.5871472689224775,1.2820520996687055,-0.305095169253772,-0.13706048008158103
R5,3,4,0.0,30,0,0,AAAAAAAAAAAAAAAAAAAAAAAAAAAAAA,101,15,43,10,5,5,10,5,5,0.5871472689224776,0.28205209966870537,1.5871472689224775,1.2820520996687055,-0.305095169253772,-0.13706048008158103
R5,3,4,0.1,27,3,5,AAAAAAAAABAAAAAAAAABAAAAAAAAAB,101,7,25,6,3,3,4,3,1,0.20069353084061942,0.08205440151616185,0.8006935308406193,0.28205440151616185,-0.5186391293244574,-0.23026403994417524
R5,3,4,0.2,24,6,11,AAAABAAAABAAAABAAAABAAAABAAAAB,101,1,14,0,0,0,0,0,0,0.17350707244959052,0.03439742744419808,0.17350707244959052,0.03439742744419808,-0.13910964500539244,-0.06280641752086477
R5,3,4,0.30000000000000004,21,9,17,AAABAABAABAAABAABAABAAABAABAAB,101,0,13,0,0,0,0,0,0,0.3703627724504586,0.0300003341814922,0.3703627724504586,0.0300003341814922,-0.3403624382689664,-0.15266929141057667
R5,3,4,0.4,18,12,23,AABABAABABAABABAABABAABABAABAB,101,0,6,0,0,0,0,0,0,0.15184314346421793,0.029999991161806773,0.15184314346421793,0.029999991161806773,-0.12184315230241116,-0.05502765429544843
R5,3,4,0.5,15,15,29,ABABABABABABABABABABABABABABAB,101,0,0,0,0,0,0,0,0,0.029999991161806773,0.029999991161806773,0.029999991161806773,0.029999991161806773,0.0,0.0
R5,3,4,0.6000000000000001,12,18,23,ABABBABABBABABBABABBABABBABABB,101,0,8,0,0,0,0,0,0,0.675814506824494,0.03211206684489363,0.675814506824494,0.03211206684489363,-0.6437024399796003,-0.2830617146112142
R5,3,4,0.7000000000000001,9,21,17,ABBABBABBBABBABBABBBABBABBABBB,101,0,14,0,0,0,0,0,0,0.3907996787343113,0.07382425388658201,0.3907996787343113,0.07382425388658201,-0.31697542484772934,-0.1423265274143225
R5,3,4,0.8,6,24,11,ABBBBABBBBABBBBABBBBABBBBABBBB,101,0,10,0,0,0,0,0,0,0.155645259530464,0.030000698502478593,0.155645259530464,0.030000698502478593,-0.12564456102798538,-0.05674084148422172
R5,3,4,0.9,3,27,5,ABBBBBBBBBABBBBBBBBBABBBBBBBBB,101,4,21,5,3,2,5,3,2,0.18324452980477648,0.026593265423698168,0.7832445298047764,0.4265932654236982,-0.35665126438107825,-0.15985335951743104
R5,3,4,1.0,0,30,0,BBBBBBBBBBBBBBBBBBBBBBBBBBBBBB,101,16,38,16,11,5,16,11,5,0.0037973971192383875,0.3497973694290397,2.2037973971192386,1.3497973694290397,-0.8540000276901989,-0.3679754463383868
R5,4,5,0.0,30,0,0,AAAAAAAAAAAAAAAAAAAAAAAAAAAAAA,101,16,38,16,11,5,16,11,5,0.0037973971192383875,0.3497973694290397,2.2037973971192386,1.3497973694290397,-0.8540000276901989,-0.3679754463383868
R5,4,5,0.1,27,3,5,AAAAAAAAABAAAAAAAAABAAAAAAAAAB,101,5,23,6,4,2,6,4,2,0.1910475263595828,0.0788550043561302,0.9910475263595828,0.4788550043561302,-0.5121925220034527,-0.22750231487474265
R5,4,5,0.2,24,6,11,AAAABAAAABAAAABAAAABAAAABAAAAB,101,2,12,2,2,0,2,2,0,0.09406368189413586,0.10322212737801578,0.49406368189413585,0.10322212737801578,-0.39084155451612007,-0.1748769426782656
R5,4,5,0.30000000000000004,21,9,17,AAABAABAABAAABAABAABAAABAABAAB,101,1,12,1,1,0,1,1,0,0.4147029701357811,0.03005838560374175,0.6147029701357811,0.03005838560374175,-0.5846445845320394,-0.25832075874156035
R5,4,5,0.4,18,12,23,AABABAABABAABABAABABAABABAABAB,101,0,6,0,0,0,0,0,0,0.17094251729908022,0.10009035576133031,0.17094251729908022,0.10009035576133031,-0.07085216153774991,-0.032020153996216896
R5,4,5,0.5,15,15,29,ABABABABABABABABABABABABABABAB,101,0,0,0,0,0,0,0,0,0.029999991161806773,0.029999991161806773,0.029999991161806773,0.029999991161806773,0.0,0.0
R5,4,5,0.6000000000000001,12,18,23,ABABBABABBABABBABABBABABBABABB,101,0,3,0,0,0,0,0,0,0.36148103231819445,0.029999991161806773,0.36148103231819445,0.029999991161806773,-0.33148104115638766,-0.14874535712064169
R5,4,5,0.7000000000000001,9,21,17,ABBABBABBBABBABBABBBABBABBABBB,101,0,11,0,0,0,0,0,0,0.3751304854668365,0.5975673789542844,0.3751304854668365,0.5975673789542844,0.22243689348744783,0.10022248340172629
R5,4,5,0.8,6,24,11,ABBBBABBBBABBBBABBBBABBBBABBBB,101,0,6,0,0,0,0,0,0,0.15709539343831883,0.029999991161806773,0.15709539343831883,0.029999991161806773,-0.12709540227651206,-0.05739460698164691
R5,4,5,0.9,3,27,5,ABBBBBBBBBABBBBBBBBBABBBBBBBBB,101,3,18,5,3,2,5,3,2,0.19821005927356597,0.026593265423698168,0.7982100592735659,0.4265932654236982,-0.37161679384986773,-0.1664389240351778
R5,4,5,1.0,0,30,0,BBBBBBBBBBBBBBBBBBBBBBBBBBBBBB,101,16,26,10,5,5,10,5,5,0.36426422766257677,0.12030439511326933,1.3642642276625767,1.1203043951132694,-0.2439598325493073,-0.10984522959138093
R5,5,6,0.0,30,0,0,AAAAAAAAAAAAAAAAAAAAAAAAAAAAAA,101,16,26,10,5,5,10,5,5,0.36426422766257677,0.12030439511326933,1.3642642276625767,1.1203043951132694,-0.2439598325493073,-0.10984522959138093
R5,5,6,0.1,27,3,5,AAAAAAAAABAAAAAAAAABAAAAAAAAAB,101,5,18,4,2,2,4,2,2,0.19506978892421373,0.08082270755153075,0.5950697889242138,0.4808227075515308,-0.11424708137268302,-0.051603359653460745
R5,5,6,0.2,24,6,11,AAAABAAAABAAAABAAAABAAAABAAAAB,101,2,7,0,0,0,0,0,0,0.10699065239142681,0.036589695356885665,0.10699065239142681,0.036589695356885665,-0.07040095703454115,-0.031816379628712636
R5,5,6,0.30000000000000004,21,9,17,AAABAABAABAAABAABAABAAABAABAAB,101,1,8,0,0,0,0,0,0,0.23583751125145022,0.0392965073849179,0.23583751125145022,0.0392965073849179,-0.19654100386653234,-0.08861988415660925
R5,5,6,0.4,18,12,23,AABABAABABAABABAABABAABABAABAB,101,0,3,0,0,0,0,0,0,0.1036857573166072,0.029999991161806773,0.1036857573166072,0.029999991161806773,-0.07368576615480044,-0.03329981371050302
R5,5,6,0.5,15,15,29,ABABABABABABABABABABABABABABAB,101,0,0,0,0,0,0,0,0,0.029999991161806773,0.029999991161806773,0.029999991161806773,0.029999991161806773,0.0,0.0
R5,5,6,0.6000000000000001,12,18,23,ABABBABABBABABBABABBABABBABABB,101,0,3,0,0,0,0,0,0,0.029999991161806773,0.3167998076058975,0.029999991161806773,0.3167998076058975,0.2867998164440907,0.1289358010732104
R5,5,6,0.7000000000000001,9,21,17,ABBABBABBBABBABBABBBABBABBABBB,101,2,7,0,0,0,0,0,0,0.030013070797162342,0.3286094141038628,0.030013070797162342,0.3286094141038628,0.29859634330670043,0.1341765063310699
R5,5,6,0.8,6,24,11,ABBBBABBBBABBBBABBBBABBBBABBBB,101,1,6,0,0,0,0,0,0,0.029999991161806773,0.1399638609403941,0.029999991161806773,0.1399638609403941,0.10996386977858733,0.04967195550146974
R5,5,6,0.9,3,27,5,ABBBBBBBBBABBBBBBBBBABBBBBBBBB,101,7,18,6,3,3,6,3,3,0.026593265423698168,0.17507736817407044,0.6265932654236982,0.7750773681740704,0.14848410275037216,0.06702659048889499
R5,5,6,1.0,0,30,0,BBBBBBBBBBBBBBBBBBBBBBBBBBBBBB,101,16,26,10,5,5,10,5,5,0.023230193801032206,0.31829532926539866,1.0232301938010322,1.3182953292653987,0.2950651354643665,0.13260851100427187
R5,6,7,0.0,30,0,0,AAAAAAAAAAAAAAAAAAAAAAAAAAAAAA,101,16,26,10,5,5,10,5,5,0.023230193801032206,0.31829532926539866,1.0232301938010322,1.3182953292653987,0.2950651354643665,0.13260851100427187
R5,6,7,0.1,27,3,5,AAAAAAAAABAAAAAAAAABAAAAAAAAAB,101,7,17,5,2,3,5,2,3,0.05583388975644713,0.11832520667711824,0.4558338897564472,0.7183252066771182,0.262491316920671,0.1181141216775777
R5,6,7,0.2,24,6,11,AAAABAAAABAAAABAAAABAAAABAAAAB,101,2,6,0,0,0,0,0,0,0.029999991161806773,0.09661287324861903,0.029999991161806773,0.09661287324861903,0.06661288208681226,0.03010549487900216
R5,6,7,0.30000000000000004,21,9,17,AAABAABAABAAABAABAABAAABAABAAB,101,1,6,0,0,0,0,0,0,0.029999991161806773,0.2080921160479633,0.029999991161806773,0.2080921160479633,0.17809212488615653,0.08033902041756498
R5,6,7,0.4,18,12,23,AABABAABABAABABAABABAABABAABAB,101,0,3,0,0,0,0,0,0,0.029999991161806773,0.09375345390590586,0.029999991161806773,0.09375345390590586,0.0637534627440991,0.02881392021418766
R5,6,7,0.5,15,15,29,ABABABABABABABABABABABABABABAB,101,0,0,0,0,0,0,0,0,0.029999991161806773,0.029999991161806773,0.029999991161806773,0.029999991161806773,0.0,0.0
R5,6,7,0.6000000000000001,12,18,23,ABABBABABBABABBABABBABABBABABB,101,0,0,0,0,0,0,0,0,0.029999991161806773,0.029999991161806773,0.029999991161806773,0.029999991161806773,0.0,0.0
R5,6,7,0.7000000000000001,9,21,17,ABBABBABBBABBABBABBBABBABBABBB,101,6,6,3,0,3,0,0,0,0.029999991161806773,0.5247149897816434,0.029999991161806773,0.5247149897816434,0.49471499861983664,0.21999662659895444
R5,6,7,0.8,6,24,11,ABBBBABBBBABBBBABBBBABBBBABBBB,101,4,3,1,0,1,0,0,0,0.029999991161806773,0.036725308120731416,0.029999991161806773,0.036725308120731416,0.006725316958924643,0.0030403964935966595
R5,6,7,0.9,3,27,5,ABBBBBBBBBABBBBBBBBBABBBBBBBBB,101,9,9,5,1,4,0,0,0,0.03051459247860793,0.13821085757344087,0.03051459247860793,0.13821085757344087,0.10769626509483293,0.04864928612251593
R5,6,7,1.0,0,30,0,BBBBBBBBBBBBBBBBBBBBBBBBBBBBBB,101,22,21,16,5,11,5,0,5,0.1760105728398442,0.5394003601071922,0.1760105728398442,1.5394003601071922,1.363389787267348,0.5485929260233354
R5,7,8,0.0,30,0,0,AAAAAAAAAAAAAAAAAAAAAAAAAAAAAA,101,22,21,16,5,11,5,0,5,0.1760105728398442,0.5394003601071922,0.1760105728398442,1.5394003601071922,1.363389787267348,0.5485929260233354
R5,7,8,0.1,27,3,5,AAAAAAAAABAAAAAAAAABAAAAAAAAAB,101,11,9,6,1,5,1,0,1,0.030002696592631748,0.09100952064274753,0.030002696592631748,0.29100952064274754,0.26100682405011577,0.11745231704470113
R5,7,8,0.2,24,6,11,AAAABAAAABAAAABAAAABAAAABAAAAB,101,5,4,2,0,2,0,0,0,0.029999991161806773,0.08813386276486486,0.029999991161806773,0.08813386276486486,0.058133871603058086,0.02627532380043902
R5,7,8,0.30000000000000004,21,9,17,AAABAABAABAAABAABAABAAABAABAAB,101,5,5,2,0,2,0,0,0,0.029999991161806773,0.04292736466886672,0.029999991161806773,0.04292736466886672,0.012927373507059949,0.005844187709471806
R5,7,8,0.4,18,12,23,AABABAABABAABABAABABAABABAABAB,101,0,1,0,0,0,0,0,0,0.029999991161806773,0.08109709820939034,0.029999991161806773,0.08109709820939034,0.05109710704758357,0.02309605883119193
R5,7,8,0.5,15,15,29,ABABABABABABABABABABABABABABAB,101,0,0,0,0,0,0,0,0,0.029999991161806773,0.029999991161806773,0.029999991161806773,0.029999991161806773,0.0,0.0
R5,7,8,0.6000000000000001,12,18,23,ABABBABABBABABBABABBABABBABABB,101,3,3,0,0,0,0,0,0,0.029999991161806773,0.4558031052331464,0.029999991161806773,0.4558031052331464,0.4258031140713396,0.19015562486711488
R5,7,8,0.7000000000000001,9,21,17,ABBABBABBBABBABBABBBABBABBABBB,101,6,5,0,0,0,0,0,0,0.029999991161806773,0.47333444171872174,0.029999991161806773,0.47333444171872174,0.44333445055691495,0.19778301638497242
R5,7,8,0.8,6,24,11,ABBBBABBBBABBBBABBBBABBBBABBBB,101,6,4,0,0,0,0,0,0,0.029999991161806773,0.07580402369506894,0.029999991161806773,0.07580402369506894,0.04580403253326217,0.02070429519241397
R5,7,8,0.9,3,27,5,ABBBBBBBBBABBBBBBBBBABBBBBBBBB,101,9,10,2,1,1,1,1,0,0.07095467192334841,0.14152867467705554,0.27095467192334843,0.14152867467705554,-0.1294259972462929,-0.0584446961950789
R5,7,8,1.0,0,30,0,BBBBBBBBBBBBBBBBBBBBBBBBBBBBBB,101,11,21,8,5,3,5,2,3,0.24845107272333394,0.5795079117445759,0.6484510727233339,1.179507911744576,0.531056839021242,0.23557331005952098
R5,8,9,0.0,30,0,0,AAAAAAAAAAAAAAAAAAAAAAAAAAAAAA,101,11,21,8,5,3,5,2,3,0.24845107272333394,0.5795079117445759,0.6484510727233339,1.179507911744576,0.531056839021242,0.23557331005952098
R5,8,9,0.1,27,3,5,AAAAAAAAABAAAAAAAAABAAAAAAAAAB,101,9,10,4,2,2,2,1,1,0.029984434965056185,0.12587561086321356,0.2299844349650562,0.3258756108632136,0.0958911758981574,0.043323697211697286
R5,8,9,0.2,24,6,11,AAAABAAAABAAAABAAAABAAAABAAAAB,101,6,4,0,0,0,0,0,0,0.029999991161806773,0.1284144938313015,0.029999991161806773,0.1284144938313015,0.09841450266949472,0.04446225410288345
R5,8,9,0.30000000000000004,21,9,17,AAABAABAABAAABAABAABAAABAABAAB,101,6,4,0,0,0,0,0,0,0.029999991161806773,0.2853865599146466,0.029999991161806773,0.2853865599146466,0.2553865687528398,0.114945799687559
R5,8,9,0.4,18,12,23,AABABAABABAABABAABABAABABAABAB,101,3,1,0,0,0,0,0,0,0.029999991161806773,0.12416243857191234,0.029999991161806773,0.12416243857191234,0.09416244741010557,0.04254360795362665
R5,8,9,0.5,15,15,29,ABABABABABABABABABABABABABABAB,101,0,0,0,0,0,0,0,0,0.029999991161806773,0.029999991161806773,0.029999991161806773,0.029999991161806773,0.0,0.0
R5,8,9,0.6000000000000001,12,18,23,ABABBABABBABABBABABBABABBABABB,101,3,1,0,0,0,0,0,0,0.029999991161806773,0.030013022471296138,0.029999991161806773,0.030013022471296138,1.3031309489364845e-05,5.891242004545288e-06
R5,8,9,0.7000000000000001,9,21,17,ABBABBABBBABBABBABBBABBABBABBB,101,6,5,0,0,0,0,0,0,0.03161415821666321,0.06892282691774561,0.03161415821666321,0.06892282691774561,0.0373086687010824,0.016865040010832943
R5,8,9,0.8,6,24,11,ABBBBABBBBABBBBABBBBABBBBABBBB,101,6,2,0,0,0,0,0,0,0.030000582714934592,0.03000064812975763,0.030000582714934592,0.03000064812975763,6.541482303751289e-08,2.9572972195730915e-08
R5,8,9,0.9,3,27,5,ABBBBBBBBBABBBBBBBBBABBBBBBBBB,101,9,8,4,3,1,0,0,0,0.09971416558095703,0.069750466549995,0.09971416558095703,0.069750466549995,-0.02996369903096202,-0.013545270037698945
R5,8,9,1.0,0,30,0,BBBBBBBBBBBBBBBBBBBBBBBBBBBBBB,101,11,22,10,5,5,0,0,0,0.4699446836253417,0.5159645711637679,0.4699446836253417,0.5159645711637679,0.04601988753842623,0.02080183768305622
R5,9,1,0.0,30,0,0,AAAAAAAAAAAAAAAAAAAAAAAAAAAAAA,101,11,22,10,5,5,0,0,0,0.4699446836253417,0.5159645711637679,0.4699446836253417,0.5159645711637679,0.04601988753842623,0.02080183768305622
R5,9,1,0.1,27,3,5,AAAAAAAAABAAAAAAAAABAAAAAAAAAB,101,9,10,4,3,1,0,0,0,0.07244063451622969,0.054198178036641606,0.07244063451622969,0.054198178036641606,-0.01824245647958808,-0.008246929404597713
R5,9,1,0.2,24,6,11,AAAABAAAABAAAABAAAABAAAABAAAAB,101,6,5,0,0,0,0,0,0,0.03464018559954532,0.09800766936398136,0.03464018559954532,0.09800766936398136,0.06336748376443604,0.028639569424920314
R5,9,1,0.30000000000000004,21,9,17,AAABAABAABAAABAABAABAAABAABAAB,101,6,3,0,0,0,0,0,0,0.03000035311771341,0.030054227088551412,0.03000035311771341,0.030054227088551412,5.387397083800316e-05,2.4355541563373363e-05
R5,9,1,0.4,18,12,23,AABABAABABAABABAABABAABABAABAB,101,3,1,0,0,0,0,0,0,0.029999991161806773,0.09509892444999314,0.029999991161806773,0.09509892444999314,0.06509893328818636,0.02942166971948885
R5,9,1,0.5,15,15,29,ABABABABABABABABABABABABABABAB,101,0,0,0,0,0,0,0,0,0.029999991161806773,0.029999991161806773,0.029999991161806773,0.029999991161806773,0.0,0.0
R5,9,1,0.6000000000000001,12,18,23,ABABBABABBABABBABABBABABBABABB,101,3,0,0,0,0,0,0,0,0.029999991161806773,0.029999991161806773,0.029999991161806773,0.029999991161806773,0.0,0.0
R5,9,1,0.7000000000000001,9,21,17,ABBABBABBBABBABBABBBABBABBABBB,101,6,0,0,0,0,0,0,0,0.029999991161806773,0.029999991161806773,0.029999991161806773,0.029999991161806773,0.0,0.0
R5,9,1,0.8,6,24,11,ABBBBABBBBABBBBABBBBABBBBABBBB,101,6,0,0,0,0,0,0,0,0.029999991161806773,0.029999991161806773,0.029999991161806773,0.029999991161806773,0.0,0.0
R5,9,1,0.9,3,27,5,ABBBBBBBBBABBBBBBBBBABBBBBBBBB,101,9,4,0,0,0,0,0,0,0.07026790701295527,0.03036527183114368,0.07026790701295527,0.03036527183114368,-0.039902635181811585,-0.018037372583818184
R5,9,1,1.0,0,30,0,BBBBBBBBBBBBBBBBBBBBBBBBBBBBBB,101,11,12,4,2,2,2,2,0,0.10895212264204802,0.1384605359583034,0.508952122642048,0.1384605359583034,-0.3704915866837446,-0.16594428605792094
R1,1,2,0.0,30,0,0,AAAAAAAAAAAAAAAAAAAAAAAAAAAAAA,5,11,15,7,2,5,5,0,5,0.1195693831532578,0.023230193801032206,0.1195693831532578,1.0232301938010322,0.9036608106477744,0.3872240458885805
R1,1,2,0.1,27,3,5,AAAAAAAAABAAAAAAAAABAAAAAAAAAB,5,7,10,2,0,2,2,0,2,0.055082409033201364,0.027925930561513157,0.055082409033201364,0.4279259305615132,0.3728435215283118,0.1669780947168588
R1,1,2,0.2,24,6,11,AAAABAAAABAAAABAAAABAAAABAAAAB,5,5,6,0,0,0,0,0,0,0.094123913552997,0.10811156880705826,0.094123913552997,0.10811156880705826,0.01398765525406126,0.006323506004522479
R1,1,2,0.30000000000000004,21,9,17,AAABAABAABAAABAABAABAAABAABAAB,5,4,5,0,0,0,0,0,0,0.2073668388675475,0.039846733930234954,0.2073668388675475,0.039846733930234954,-0.16752010493731256,-0.07558864335798421
R1,1,2,0.4,18,12,23,AABABAABABAABABAABABAABABAABAB,5,2,1,0,0,0,0,0,0,0.029999991161806773,0.03053464483302601,0.029999991161806773,0.03053464483302601,0.000534653671219236,0.00024170818036656737
R1,1,2,0.5,15,15,29,ABABABABABABABABABABABABABABAB,5,0,0,0,0,0,0,0,0,0.029999991161806773,0.029999991161806773,0.029999991161806773,0.029999991161806773,0.0,0.0
R1,1,2,0.6000000000000001,12,18,23,ABABBABABBABABBABABBABABBABABB,5,3,6,0,0,0,0,0,0,0.34378672731585125,0.35454040795840236,0.34378672731585125,0.35454040795840236,0.010753680642551111,0.004861524933769185
R1,1,2,0.7000000000000001,9,21,17,ABBABBABBBABBABBABBBABBABBABBB,5,6,12,0,0,0,0,0,0,0.35670757895447996,0.3679040657967279,0.35670757895447996,0.3679040657967279,0.011196486842247944,0.005061705449587995
R1,1,2,0.8,6,24,11,ABBBBABBBBABBBBABBBBABBBBABBBB,5,6,12,0,0,0,0,0,0,0.15031109951782537,0.15443424140989348,0.15031109951782537,0.15443424140989348,0.004123141892068111,0.0018640028918746395
R1,1,2,0.9,3,27,5,ABBBBBBBBBABBBBBBBBBABBBBBBBBB,5,11,21,10,5,5,3,0,3,0.4121191035022659,0.3345620031792117,0.4121191035022659,0.9345620031792117,0.5224428996769458,0.23189183917550615
R1,1,2,1.0,0,30,0,BBBBBBBBBBBBBBBBBBBBBBBBBBBBBB,5,14,27,12,6,6,5,0,5,0.5370475677394737,0.35712358059968535,0.5370475677394737,1.3571235805996853,0.8200760128602116,0.3546414011510802
R1,2,3,0.0,30,0,0,AAAAAAAAAAAAAAAAAAAAAAAAAAAAAA,5,14,27,12,6,6,5,0,5,0.5370475677394737,0.35712358059968535,0.5370475677394737,1.3571235805996853,0.8200760128602116,0.3546414011510802
R1,2,3,0.1,27,3,5,AAAAAAAAABAAAAAAAAABAAAAAAAAAB,5,11,21,10,5,5,3,0,3,0.26204944424430116,0.21542176643654434,0.26204944424430116,0.8154217664365443,0.5533723221922431,0.24507900455974732
R1,2,3,0.2,24,6,11,AAAABAAAABAAAABAAAABAAAABAAAAB,5,6,12,0,0,0,0,0,0,0.10288092642527034,0.10537860466482794,0.10288092642527034,0.10537860466482794,0.002497678239557599,0.001129159024061656
R1,2,3,0.30000000000000004,21,9,17,AAABAABAABAAABAABAABAAABAABAAB,5,6,12,0,0,0,0,0,0,0.22484999942064895,0.23152763910579302,0.22484999942064895,0.23152763910579302,0.006677639685144066,0.0030188425753115184
R1,2,3,0.4,18,12,23,AABABAABABAABABAABABAABABAABAB,5,3,6,0,0,0,0,0,0,0.09975244512437455,0.10214290822406219,0.09975244512437455,0.10214290822406219,0.0023904630996876425,0.0010806888710970634
R1,2,3,0.5,15,15,29,ABABABABABABABABABABABABABABAB,5,0,0,0,0,0,0,0,0,0.029999991161806773,0.029999991161806773,0.029999991161806773,0.029999991161806773,0.0,0.0
R1,2,3,0.6000000000000001,12,18,23,ABABBABABBABABBABABBABABBABABB,5,2,3,0,0,0,0,0,0,0.029999991161806773,0.2815718177611672,0.029999991161806773,0.2815718177611672,0.2515718265993604,0.11324366749603822
R1,2,3,0.7000000000000001,9,21,17,ABBABBABBBABBABBABBBABBABBABBB,5,9,15,6,3,3,3,0,3,0.757192627368996,0.006999115654040311,0.757192627368996,0.6069991156540403,-0.15019351171495565,-0.06779587450392817
R1,2,3,0.8,6,24,11,ABBBBABBBBABBBBABBBBABBBBABBBB,5,9,10,6,3,3,0,0,0,0.20486664792667283,0.2621080387345331,0.20486664792667283,0.2621080387345331,0.057241390807860254,0.025872122126013135
R1,2,3,0.9,3,27,5,ABBBBBBBBBABBBBBBBBBABBBBBBBBB,5,12,22,8,4,4,3,0,3,0.13934615032966235,0.1568559087800858,0.13934615032966235,0.7568559087800858,0.6175097584504234,0.2721330816838451
R1,2,3,1.0,0,30,0,BBBBBBBBBBBBBBBBBBBBBBBBBBBBBB,5,21,31,10,5,5,7,2,5,0.24214986265030883,0.2820859486997002,0.6421498626503088,1.2820859486997003,0.6399360860493915,0.28149468140279543
R1,3,4,0.0,30,0,0,AAAAAAAAAAAAAAAAAAAAAAAAAAAAAA,5,21,31,10,5,5,7,2,5,0.24214986265030883,0.2820859486997002,0.6421498626503088,1.2820859486997003,0.6399360860493915,0.28149468140279543
R1,3,4,0.1,27,3,5,AAAAAAAAABAAAAAAAAABAAAAAAAAAB,5,14,22,9,4,5,3,0,3,0.0965715404758343,0.10723171782225173,0.0965715404758343,0.7072317178222517,0.6106601773464174,0.2692634108641498
R1,3,4,0.2,24,6,11,AAAABAAAABAAAABAAAABAAAABAAAAB,5,10,9,6,3,3,0,0,0,0.08826282262959702,0.17060422501750175,0.08826282262959702,0.17060422501750175,0.08234140238790473,0.037208017040846905
R1,3,4,0.30000000000000004,21,9,17,AAABAABAABAAABAABAABAAABAABAAB,5,7,10,4,2,2,2,0,2,0.043429851540494016,0.1776872772739375,0.043429851540494016,0.5776872772739375,0.5342574257334435,0.23693947913851615
R1,3,4,0.4,18,12,23,AABABAABABAABABAABABAABABAABAB,5,1,3,0,0,0,0,0,0,0.029999991161806773,0.08592253418649477,0.029999991161806773,0.08592253418649477,0.055922543024688,0.02527628257724825
R1,3,4,0.5,15,15,29,ABABABABABABABABABABABABABABAB,5,0,0,0,0,0,0,0,0,0.029999991161806773,0.029999991161806773,0.029999991161806773,0.029999991161806773,0.0,0.0
R1,3,4,0.6000000000000001,12,18,23,ABABBABABBABABBABABBABABBABABB,5,6,6,6,3,3,0,0,0,0.5842810526501541,0.7120484399045194,0.5842810526501541,0.7120484399045194,0.12776738725436532,0.05769739437847824
R1,3,4,0.7000000000000001,9,21,17,ABBABBABBBABBABBABBBABBABBABBB,5,12,18,12,6,6,6,3,3,0.006999115654040311,0.006999115654040311,0.6069991156540403,0.6069991156540403,0.0,0.0
R1,3,4,0.8,6,24,11,ABBBBABBBBABBBBABBBBABBBBABBBB,5,12,16,12,6,6,4,3,1,0.02103637427280753,0.29149370992887863,0.6210363742728076,0.49149370992887864,-0.12954266434392891,-0.05849725916115084
R1,3,4,0.9,3,27,5,ABBBBBBBBBABBBBBBBBBABBBBBBBBB,5,18,26,18,9,9,8,4,4,0.313559718565293,0.3797254202967616,1.113559718565293,1.1797254202967618,0.06616570173146874,0.029903513952125912
R1,3,4,1.0,0,30,0,BBBBBBBBBBBBBBBBBBBBBBBBBBBBBB,5,22,32,22,11,11,10,5,5,0.5934851490557708,0.7249685293157602,1.5934851490557707,1.7249685293157602,0.1314833802599895,0.05937157772132227
R1,4,5,0.0,30,0,0,AAAAAAAAAAAAAAAAAAAAAAAAAAAAAA,5,22,32,22,11,11,10,5,5,0.5934851490557708,0.7249685293157602,1.5934851490557707,1.7249685293157602,0.1314833802599895,0.05937157772132227
R1,4,5,0.1,27,3,5,AAAAAAAAABAAAAAAAAABAAAAAAAAAB,5,18,26,18,9,9,8,4,4,0.20263527084068897,0.24291791005534943,1.002635270840689,1.0429179100553494,0.040282639214660465,0.018209109768999875
R1,4,5,0.2,24,6,11,AAAABAAAABAAAABAAAABAAAABAAAAB,5,12,16,12,6,6,4,3,1,0.0245701005306991,0.18840515731201424,0.6245701005306991,0.38840515731201425,-0.2361649432186848,-0.10636247362111266
R1,4,5,0.30000000000000004,21,9,17,AAABAABAABAAABAABAABAAABAABAAB,5,12,17,12,6,6,5,3,2,0.014978738812624395,0.43158018054948427,0.6149787388126243,0.8315801805494842,0.2166014417368599,0.09761018506876468
R1,4,5,0.4,18,12,23,AABABAABABAABABAABABAABABAABAB,5,6,6,6,3,3,0,0,0,0.15321254213722135,0.18161428054914244,0.15321254213722135,0.18161428054914244,0.02840173841192109,0.012839256096776502
R1,4,5,0.5,15,15,29,ABABABABABABABABABABABABABABAB,5,0,0,0,0,0,0,0,0,0.029999991161806773,0.029999991161806773,0.029999991161806773,0.029999991161806773,0.0,0.0
R1,4,5,0.6000000000000001,12,18,23,ABABBABABBABABBABABBABABBABABB,5,6,3,6,3,3,0,0,0,0.6131872522037405,0.48895108649728397,0.6131872522037405,0.48895108649728397,-0.12423616570645651,-0.0561061560483187
R1,4,5,0.7000000000000001,9,21,17,ABBABBABBBABBABBABBBABBABBABBB,5,12,10,12,6,6,1,0,1,0.6688438223548712,0.10403946793528258,0.6688438223548712,0.3040394679352826,-0.3648043544195886,-0.16344292140894442
R1,4,5,0.8,6,24,11,ABBBBABBBBABBBBABBBBABBBBABBBB,5,12,9,12,6,6,0,0,0,0.25360408863401085,0.3061425296574456,0.25360408863401085,0.3061425296574456,0.052538441023434745,0.023747304884389003
R1,4,5,0.9,3,27,5,ABBBBBBBBBABBBBBBBBBABBBBBBBBB,5,18,19,18,9,9,6,3,3,0.32852524803408295,0.2642218235463301,0.9285252480340829,0.8642218235463301,-0.06430342448775273,-0.029062340721780423
R1,4,5,1.0,0,30,0,BBBBBBBBBBBBBBBBBBBBBBBBBBBBBB,5,22,26,22,11,11,10,5,5,0.6232243999130034,0.49544170596899484,1.6232243999130034,1.4954417059689948,-0.12778269394400854,-0.05770429124361521
R1,5,6,0.0,30,0,0,AAAAAAAAAAAAAAAAAAAAAAAAAAAAAA,5,22,26,22,11,11,10,5,5,0.6232243999130034,0.49544170596899484,1.6232243999130034,1.4954417059689948,-0.12778269394400854,-0.05770429124361521
R1,5,6,0.1,27,3,5,AAAAAAAAABAAAAAAAAABAAAAAAAAAB,5,18,19,18,9,9,6,3,3,0.21174650231669273,0.28025386351006465,0.8117465023166928,0.8802538635100646,0.06850736119337186,0.030961159395794722
R1,5,6,0.2,24,6,11,AAAABAAAABAAAABAAAABAAAABAAAAB,5,12,9,12,6,6,0,0,0,0.16551926023829122,0.1973753249366461,0.16551926023829122,0.1973753249366461,0.03185606469835489,0.014400610538366337
R1,5,6,0.30000000000000004,21,9,17,AAABAABAABAAABAABAABAAABAABAAB,5,12,8,12,6,6,0,0,0,0.3921378049624742,0.32268528922635586,0.3921378049624742,0.32268528922635586,-0.06945251573611833,-0.031388033045079686
R1,5,6,0.4,18,12,23,AABABAABABAABABAABABAABABAABAB,5,6,3,6,3,3,0,0,0,0.15963817496768135,0.13202140080081085,0.15963817496768135,0.13202140080081085,-0.0276167741668705,-0.012484443490230776
R1,5,6,0.5,15,15,29,ABABABABABABABABABABABABABABAB,5,0,0,0,0,0,0,0,0,0.029999991161806773,0.029999991161806773,0.029999991161806773,0.029999991161806773,0.0,0.0
R1,5,6,0.6000000000000001,12,18,23,ABABBABABBABABBABABBABABBABABB,5,6,6,6,3,3,0,0,0,0.5380114543506829,0.681428830026423,0.5380114543506829,0.681428830026423,0.1434173756757401,0.0647459504402777
R1,5,6,0.7000000000000001,9,21,17,ABBABBABBBABBABBABBBABBABBABBB,5,12,15,12,6,6,3,3,0,0.006999115654040311,0.7082528299292161,0.6069991156540403,0.7082528299292161,0.10125371427517582,0.04574320398966976
R1,5,6,0.8,6,24,11,ABBBBABBBBABBBBABBBBABBBBABBBB,5,12,12,12,6,6,1,1,0,0.22476873994219437,0.27149363313630465,0.4247687399421944,0.27149363313630465,-0.15327510680588974,-0.0691824781542688
R1,5,6,0.9,3,27,5,ABBBBBBBBBABBBBBBBBBABBBBBBBBB,5,18,25,18,9,9,8,4,4,0.28960468305202447,0.016814199609346717,1.0896046830520245,0.8168141996093468,-0.27279048344267776,-0.1227026930799969
R1,5,6,1.0,0,30,0,BBBBBBBBBBBBBBBBBBBBBBBBBBBBBB,5,22,32,22,11,11,10,5,5,0.5458821015385601,0.6934664891521195,1.54588210153856,1.6934664891521196,0.14758438761355963,0.06662166030011248
R1,6,7,0.0,30,0,0,AAAAAAAAAAAAAAAAAAAAAAAAAAAAAA,5,22,32,22,11,11,10,5,5,0.5458821015385601,0.6934664891521195,1.54588210153856,1.6934664891521196,0.14758438761355963,0.06662166030011248
R1,6,7,0.1,27,3,5,AAAAAAAAABAAAAAAAAABAAAAAAAAAB,5,18,24,18,9,9,7,4,3,0.1880510976557408,0.02201243194187432,0.9880510976557408,0.6220124319418743,-0.36603866571386656,-0.16398597728184605
R1,6,7,0.2,24,6,11,AAAABAAAABAAAABAAAABAAAABAAAAB,5,12,12,12,6,6,1,1,0,0.14798514311834982,0.18126697098196584,0.3479851431183498,0.18126697098196584,-0.16671817213638399,-0.07522816421286323
R1,6,7,0.30000000000000004,21,9,17,AAABAABAABAAABAABAABAAABAABAAB,5,12,13,12,6,6,2,2,0,0.32893405932789244,0.4267602273442302,0.7289340593278925,0.4267602273442302,-0.30217383198366227,-0.13576436729318528
R1,6,7,0.4,18,12,23,AABABAABABAABABAABABAABABAABAB,5,6,6,6,3,3,0,0,0,0.14292715511032691,0.17480776936721262,0.14292715511032691,0.17480776936721262,0.03188061425688571,0.014411706689135724
R1,6,7,0.5,15,15,29,ABABABABABABABABABABABABABABAB,5,0,0,0,0,0,0,0,0,0.029999991161806773,0.029999991161806773,0.029999991161806773,0.029999991161806773,0.0,0.0
R1,6,7,0.6000000000000001,12,18,23,ABABBABABBABABBABABBABABBABABB,5,6,8,6,3,3,0,0,0,0.803123179959548,0.5317112784595909,0.803123179959548,0.5317112784595909,-0.2714119014999571,-0.12208879523769814
R1,6,7,0.7000000000000001,9,21,17,ABBABBABBBABBABBABBBABBABBABBB,5,12,18,12,6,6,2,2,0,0.006999115654040311,0.7721700403212244,0.40699911565404034,0.7721700403212244,0.36517092466718404,0.16360421046860837
R1,6,7,0.8,6,24,11,ABBBBABBBBABBBBABBBBABBBBABBBB,5,12,15,12,6,6,0,0,0,0.3157002718535761,0.2223645308149063,0.3157002718535761,0.2223645308149063,-0.09333574103866976,-0.042170538056976244
R1,6,7,0.9,3,27,5,ABBBBBBBBBABBBBBBBBBABBBBBBBBB,5,21,25,18,9,9,7,4,3,0.29200021102812485,0.2863429098195419,1.0920002110281248,0.8863429098195419,-0.20565730120858294,-0.09270733036790851
R1,6,7,1.0,0,30,0,BBBBBBBBBBBBBBBBBBBBBBBBBBBBBB,5,27,38,22,11,11,10,5,5,0.8094643606944579,0.5394003601071922,1.809464360694458,1.5394003601071922,-0.2700640005872659,-0.1214884696612543
R1,7,8,0.0,30,0,0,AAAAAAAAAAAAAAAAAAAAAAAAAAAAAA,5,27,38,22,11,11,10,5,5,0.8094643606944579,0.5394003601071922,1.809464360694458,1.5394003601071922,-0.2700640005872659,-0.1214884696612543
R1,7,8,0.1,27,3,5,AAAAAAAAABAAAAAAAAABAAAAAAAAAB,5,21,26,17,9,8,5,3,2,0.021972293408918916,0.24985559906494717,0.6219722934089189,0.6498555990649472,0.027883305656028257,0.012604919057384966
R1,7,8,0.2,24,6,11,AAAABAAAABAAAABAAAABAAAABAAAAB,5,12,16,12,6,6,1,1,0,0.15268131003528806,0.146528778511659,0.3526813100352881,0.146528778511659,-0.20615253152362908,-0.09292928706991249
R1,7,8,0.30000000000000004,21,9,17,AAABAABAABAAABAABAABAAABAABAAB,5,12,17,12,6,6,0,0,0,0.3494899455406923,0.3481237274373263,0.3494899455406923,0.3481237274373263,-0.0013662181033660126,-0.0006176447931877244
R1,7,8,0.4,18,12,23,AABABAABABAABABAABABAABABAABAB,5,6,7,6,3,3,0,0,0,0.14432533460073046,0.14152667294149543,0.14432533460073046,0.14152667294149543,-0.0027986616592350355,-0.0012652285128552522
R1,7,8,0.5,15,15,29,ABABABABABABABABABABABABABABAB,5,0,0,0,0,0,0,0,0,0.029999991161806773,0.029999991161806773,0.029999991161806773,0.029999991161806773,0.0,0.0
R1,7,8,0.6000000000000001,12,18,23,ABABBABABBABABBABABBABABBABABB,5,3,7,1,1,0,0,0,0,0.8650165404466136,0.4558031052331464,0.8650165404466136,0.4558031052331464,-0.4092134352134672,-0.1829167050755998
R1,7,8,0.7000000000000001,9,21,17,ABBABBABBBABBABBABBBABBABBABBB,5,6,13,1,1,0,1,1,0,0.3288348494947542,0.47333647497214343,0.5288348494947542,0.47333647497214343,-0.055498374522610805,-0.025084644517997984
R1,7,8,0.8,6,24,11,ABBBBABBBBABBBBABBBBABBBBABBBB,5,6,12,2,2,0,1,1,0,0.1370902519119639,0.1932600614351972,0.3370902519119639,0.1932600614351972,-0.1438301904767667,-0.0649317926692641
R1,7,8,0.9,3,27,5,ABBBBBBBBBABBBBBBBBBABBBBBBBBB,5,9,21,7,4,3,6,3,3,0.1852076883904032,0.016814199609346717,0.7852076883904031,0.6168141996093467,-0.16839348878105642,-0.07598121819056058
R1,7,8,1.0,0,30,0,BBBBBBBBBBBBBBBBBBBBBBBBBBBBBB,5,11,32,8,5,3,8,5,3,0.3384599818744356,0.5795079117445759,1.3384599818744356,1.179507911744576,-0.15895207012985968,-0.07173619780311442
R1,8,9,0.0,30,0,0,AAAAAAAAAAAAAAAAAAAAAAAAAAAAAA,5,11,32,8,5,3,8,5,3,0.3384599818744356,0.5795079117445759,1.3384599818744356,1.179507911744576,-0.15895207012985968,-0.07173619780311442
R1,8,9,0.1,27,3,5,AAAAAAAAABAAAAAAAAABAAAAAAAAAB,5,9,23,6,3,3,6,3,3,0.12450306295319374,0.021972293408918916,0.7245030629531937,0.6219722934089189,-0.10253076954427476,-0.046319316481890874
R1,8,9,0.2,24,6,11,AAAABAAAABAAAABAAAABAAAABAAAAB,5,6,12,2,2,0,1,1,0,0.02954810260387624,0.1288981459148481,0.22954810260387626,0.1288981459148481,-0.10064995668902815,-0.04547082278965728
R1,8,9,0.30000000000000004,21,9,17,AAABAABAABAAABAABAABAAABAABAAB,5,6,12,2,2,0,2,2,0,0.02931150457895955,0.2944080452126024,0.42931150457895956,0.2944080452126024,-0.13490345936635717,-0.06091214673411066
R1,8,9,0.4,18,12,23,AABABAABABAABABAABABAABABAABAB,5,3,5,0,0,0,0,0,0,0.03045324845065172,0.12465285149430463,0.03045324845065172,0.12465285149430463,0.09419960304365291,0.042560374993510355
R1,8,9,0.5,15,15,29,ABABABABABABABABABABABABABABAB,5,0,0,0,0,0,0,0,0,0.029999991161806773,0.029999991161806773,0.029999991161806773,0.029999991161806773,0.0,0.0
R1,8,9,0.6000000000000001,12,18,23,ABABBABABBABABBABABBABABBABABB,5,3,6,0,0,0,0,0,0,0.29545970803194876,0.3248146376055623,0.29545970803194876,0.3248146376055623,0.02935492957361352,0.013270104793255267
R1,8,9,0.7000000000000001,9,21,17,ABBABBABBBABBABBABBBABBABBABBB,5,5,12,2,2,0,0,0,0,0.3079211263785068,0.3369542721684604,0.3079211263785068,0.3369542721684604,0.029033145789953585,0.013124656942129418
R1,8,9,0.8,6,24,11,ABBBBABBBBABBBBABBBBABBBBABBBB,5,4,12,1,1,0,0,0,0,0.1317865494337338,0.1430368814649819,0.1317865494337338,0.1430368814649819,0.01125033203124809,0.0050860473526770835
R1,8,9,0.9,3,27,5,ABBBBBBBBBABBBBBBBBBABBBBBBBBB,5,7,21,7,4,3,2,2,0,0.016814199609346717,0.3740070483322985,0.41681419960934674,0.3740070483322985,-0.04280715127704826,-0.01934999778080893
R1,8,9,1.0,0,30,0,BBBBBBBBBBBBBBBBBBBBBBBBBBBBBB,5,11,27,10,5,5,5,5,0,0.2963402267493631,0.5159645711637679,1.2963402267493631,0.5159645711637679,-0.7803756555855952,-0.3388520281849866
R1,9,1,0.0,30,0,0,AAAAAAAAAAAAAAAAAAAAAAAAAAAAAA,5,11,27,10,5,5,5,5,0,0.2963402267493631,0.5159645711637679,1.2963402267493631,0.5159645711637679,-0.7803756555855952,-0.3388520281849866
R1,9,1,0.1,27,3,5,AAAAAAAAABAAAAAAAAABAAAAAAAAAB,5,6,21,4,3,1,2,2,0,0.24577575823112588,0.15407060295247452,0.6457757582311259,0.15407060295247452,-0.49170515527865133,-0.21870139460428573
R1,9,1,0.2,24,6,11,AAAABAAAABAAAABAAAABAAAABAAAAB,5,5,12,1,1,0,0,0,0,0.09165931288555251,0.09847441881141969,0.09165931288555251,0.09847441881141969,0.0068151059258671765,0.0030809882375553437
R1,9,1,0.30000000000000004,21,9,17,AAABAABAABAAABAABAABAAABAABAAB,5,4,12,0,0,0,0,0,0,0.19484070004105125,0.2130690303393988,0.19484070004105125,0.2130690303393988,0.018228330298347556,0.00824054362297373
R1,9,1,0.4,18,12,23,AABABAABABAABABAABABAABABAABAB,5,2,6,0,0,0,0,0,0,0.0890097087389409,0.09553509091013845,0.0890097087389409,0.09553509091013845,0.006525382171197552,0.0029500100552348873
R1,9,1,0.5,15,15,29,ABABABABABABABABABABABABABABAB,5,0,0,0,0,0,0,0,0,0.029999991161806773,0.029999991161806773,0.029999991161806773,0.029999991161806773,0.0,0.0
R1,9,1,0.6000000000000001,12,18,23,ABABBABABBABABBABABBABABBABABB,5,3,0,0,0,0,0,0,0,0.029999991161806773,0.029999991161806773,0.029999991161806773,0.029999991161806773,0.0,0.0
R1,9,1,0.7000000000000001,9,21,17,ABBABBABBBABBABBABBBABBABBABBB,5,6,6,0,0,0,0,0,0,0.30159707786699486,0.3608418382492993,0.30159707786699486,0.3608418382492993,0.05924476038230442,0.0267771850684742
R1,9,1,0.8,6,24,11,ABBBBABBBBABBBBABBBBABBBBABBBB,5,5,6,0,0,0,0,0,0,0.13585511554254137,0.15894579576763193,0.13585511554254137,0.15894579576763193,0.02309068022509056,0.010438539915927731
R1,9,1,0.9,3,27,5,ABBBBBBBBBABBBBBBBBBABBBBBBBBB,5,8,8,2,1,1,0,0,0,0.07217672459680291,0.08123587800302742,0.07217672459680291,0.08123587800302742,0.009059153406224513,0.004095472272169723
R1,9,1,1.0,0,30,0,BBBBBBBBBBBBBBBBBBBBBBBBBBBBBB,5,11,15,7,2,5,5,0,5,0.1195693831532578,0.023230193801032206,0.1195693831532578,1.0232301938010322,0.9036608106477744,0.3872240458885805
