heading_column,column_a,column_b,start_steering,end_steering,net_change,mean_abs_step,max_abs_step,largest_step_alpha_from,largest_step_alpha_to,total_variation,directness_ratio,overshoot,sign_transitions,near_zero_intermediate,longest_zero_run,max_abs_steering
L1,1,2,0.008540173746338375,0.5017218378191038,0.4931816640727655,0.05775884521904502,0.35095540825964494,0.9,1.0,0.5775884521904502,0.8538634423912392,0.008540173746338375,0,7,6,0.5017218378191038
L1,2,3,0.5017218378191038,0.3890392533567139,-0.11268258446238993,0.1255862852175335,0.3610730588098336,0.1,0.2,1.2558628521753352,0.08972523095751059,0.3890392533567139,0,4,4,0.5017218378191038
L1,3,4,0.3890392533567139,0.05937157772132227,-0.3296676756353916,0.08062334049816819,0.18812809544288076,0.30000000000000004,0.4,0.8062334049816818,0.4088985566690602,0.11935853812969324,2,2,1,0.3890392533567139
L1,4,5,0.05937157772132227,-0.05770429124361521,-0.11707586896493748,0.07155311492168596,0.17903160954029956,0.9,1.0,0.7155311492168597,0.16362092564813652,0.061955740575362094,3,1,1,0.12132731829668436
L1,5,6,-0.05770429124361521,0.1838178582588432,0.2415221495024584,0.09938091172133823,0.24783061734026324,0.30000000000000004,0.4,0.9938091172133823,0.24302669931191706,0.040481089072725795,1,2,1,0.224298947331569
L1,6,7,0.1838178582588432,-0.00508232349498853,-0.18890018175383172,0.053372093800276375,0.1366565931529262,0.9,1.0,0.5337209380027638,0.35393061861263075,0.1366565931529262,1,2,1,0.1838178582588432
L1,7,8,-0.00508232349498853,-0.07173619780311442,-0.06665387430812589,0.12268720913641165,0.24145372211109445,0.8,0.9,1.2268720913641165,0.05432829940243873,0.15454754021850814,0,2,1,0.22628373802162255
L1,8,9,-0.07173619780311442,-0.3388520281849866,-0.2671158303818722,0.1337022305138865,0.3015588640276132,0.6000000000000001,0.7000000000000001,1.337022305138865,0.1997841242851436,0.1318616342963968,2,1,1,0.3388520281849866
L1,9,1,-0.3388520281849866,0.008540173746338375,0.347392201931325,0.03987209906917616,0.20838613568177466,0.1,0.2,0.3987209906917616,0.8712663994153313,0.018237011322135826,0,4,3,0.3388520281849866
L5,1,2,0.008540173746338375,0.10572207986816923,0.09718190612183085,0.0498539869285655,0.19471577324216566,0.9,1.0,0.49853986928565497,0.19493306776262512,0.15504281169313902,1,4,4,0.14650263794680066
L5,2,3,0.10572207986816923,0.28149468140279543,0.1757726015346262,0.11585341046074027,0.27390222190572344,0.6000000000000001,0.7000000000000001,1.1585341046074027,0.15171983356863802,0.37962430177389267,2,2,2,0.28149468140279543
L5,3,4,0.28149468140279543,0.006904289345431059,-0.27459039205736435,0.0814345746158502,0.1667228674550683,0.1,0.2,0.814345746158502,0.3371914120662931,0.14190928999694383,1,2,2,0.28149468140279543
L5,4,5,0.006904289345431059,-0.10984522959138093,-0.11674951893681199,0.11129446058392241,0.31148255895813326,0.6000000000000001,0.7000000000000001,1.112944605839224,0.10490146438939443,0.15583291249206055,2,2,2,0.17218163717521853
L5,5,6,-0.10984522959138093,0.1838178582588432,0.2936630878502241,0.10172083273539811,0.22881162994807594,0.6000000000000001,0.7000000000000001,1.0172083273539811,0.2886951275891703,0.05918287385163873,3,1,1,0.24300073211048193
L5,6,7,0.1838178582588432,0.602087807635967,0.4182699493771238,0.12428179452477557,0.39640576435570385,0.9,1.0,1.2428179452477557,0.3365496539348261,0.1838178582588432,0,1,1,0.602087807635967
L5,7,8,0.602087807635967,0.3617474820766832,-0.2403403255592838,0.1261537046221542,0.27676133347222814,0.0,0.1,1.2615370462215418,0.1905138864364963,0.3617474820766832,0,1,1,0.602087807635967
L5,8,9,0.3617474820766832,0.26843130605858406,-0.09331617601809916,0.08874107711871884,0.16316956318943043,0.9,1.0,0.8874107711871885,0.10515555935078373,0.26843130605858406,0,2,1,0.3617474820766832
L5,9,1,0.26843130605858406,0.008540173746338375,-0.2598911323122457,0.0421474974881175,0.1248559424709576,0.1,0.2,0.42147497488117497,0.6166229261547875,0.02657754633015656,0,4,4,0.26843130605858406
R1,1,2,0.3872240458885805,0.3546414011510802,-0.03258264473750028,0.0899921555231789,0.23002783628363152,0.8,0.9,0.899921555231789,0.036206094351310544,0.43023004450906444,2,6,5,0.3872240458885805
R1,2,3,0.3546414011510802,0.28149468140279543,-0.0731467197482848,0.10019945336563083,0.24626095955783195,0.8,0.9,1.0019945336563083,0.07300111656434911,0.3492905559067236,2,4,4,0.3546414011510802
R1,3,4,0.28149468140279543,0.05937157772132227,-0.22212310368147317,0.09727184903987142,0.23205539382330287,0.1,0.2,0.9727184903987142,0.22835291595045717,0.1178688368824731,2,2,1,0.28149468140279543
R1,4,5,0.05937157772132227,-0.05770429124361521,-0.11707586896493748,0.0899401638931359,0.20397265868987735,0.2,0.30000000000000004,0.899401638931359,0.13017084236586823,0.10573863016532922,3,1,1,0.16344292140894442
R1,5,6,-0.05770429124361521,0.06662166030011248,0.12432595154372769,0.06239216234660257,0.1893243533801094,0.9,1.0,0.6239216234660256,0.19926533536867808,0.0649984018363817,3,1,1,0.1227026930799969
R1,6,7,0.06662166030011248,-0.1214884696612543,-0.18811012996136678,0.12373639154765874,0.2856930057063065,0.6000000000000001,0.7000000000000001,1.2373639154765874,0.15202490359427817,0.0969825501684959,3,1,1,0.16398597728184605
R1,7,8,-0.1214884696612543,-0.07173619780311442,0.04975227185813988,0.07297424090483945,0.1829167050755998,0.5,0.6000000000000001,0.7297424090483945,0.06817785459806057,0.08434111686049939,0,3,3,0.1829167050755998
R1,8,9,-0.07173619780311442,-0.3388520281849866,-0.2671158303818722,0.055313183345053904,0.3195020304041777,0.9,1.0,0.5531318334505391,0.4829153092049576,0.11429657279662478,0,2,1,0.3388520281849866
R1,9,1,-0.3388520281849866,0.3872240458885805,0.7260760740735671,0.07879205869121235,0.3831285736164108,0.9,1.0,0.7879205869121235,0.9215092055394487,0.0,1,6,5,0.3872240458885805
R5,1,2,-0.16594428605792094,-0.32658578598765525,-0.1606414999297343,0.11116761383976277,0.30109630396020887,0.6000000000000001,0.7000000000000001,1.1116761383976277,0.14450386617210595,0.21379860673402815,0,5,5,0.32658578598765525
R5,2,3,-0.32658578598765525,-0.13706048008158103,0.18952530590607422,0.13769917403925655,0.3308215154286121,0.7000000000000001,0.8,1.3769917403925656,0.13763721331548626,0.13706048008158103,0,1,1,0.42554614252705414
R5,3,4,-0.13706048008158103,-0.3679754463383868,-0.23091496625680577,0.13238105401785652,0.2830617146112142,0.5,0.6000000000000001,1.3238105401785651,0.17443203483306477,0.13706048008158103,0,1,1,0.3679754463383868
R5,4,5,-0.3679754463383868,-0.10984522959138093,0.25813021674700587,0.1255831377988687,0.24896784052236798,0.6000000000000001,0.7000000000000001,1.255831377988687,0.20554528360361707,0.21006771299310723,2,1,1,0.3679754463383868
R5,5,6,-0.10984522959138093,0.13260851100427187,0.2424537405956528,0.05250698513106463,0.1289358010732104,0.5,0.6000000000000001,0.5250698513106463,0.46175521216930476,0.0015679953267980218,1,1,1,0.1341765063310699
R5,6,7,0.13260851100427187,0.5485929260233354,0.4159844150190636,0.12155809483154485,0.49994363990081947,0.9,1.0,1.2155809483154485,0.34221037734717263,0.13260851100427187,0,3,2,0.5485929260233354
R5,7,8,0.5485929260233354,0.23557331005952098,-0.31301961596381445,0.1331125403486399,0.43114060897863427,0.0,0.1,1.331125403486399,0.23515411481440693,0.2940180062545999,2,2,1,0.5485929260233354
R5,8,9,0.23557331005952098,0.02080183768305622,-0.21477147237646477,0.04604399727913644,0.1922496128478237,0.0,0.1,0.4604399727913644,0.46644836475520884,0.034347107720755166,0,3,2,0.23557331005952098
R5,9,1,0.02080183768305622,-0.16594428605792094,-0.18674612374097715,0.031931374975586416,0.14790691347410276,0.9,1.0,0.31931374975586413,0.584835835862867,0.008619832036432632,0,6,4,0.16594428605792094
